MEbisque4,MEblack,MEblue,MEbrown,MEbrown4,MEcyan,MEdarkgreen,MEdarkgrey,MEdarkmagenta,MEdarkolivegreen,MEdarkorange,MEdarkorange2,MEdarkred,MEdarkseagreen4,MEdarkslateblue,MEdarkturquoise,MEfloralwhite,MEgreen,MEgreenyellow,MEgrey,MEgrey60,MEhoneydew1,MEivory,MElavenderblush3,MElightcyan,MElightcyan1,MElightgreen,MElightpink4,MElightsteelblue1,MElightyellow,MEmagenta,MEmaroon,MEmediumpurple3,MEmidnightblue,MEnavajowhite2,MEorange,MEorangered4,MEpaleturquoise,MEpalevioletred3,MEpink,MEplum1,MEplum2,MEpurple,MEred,MEroyalblue,MEsaddlebrown,MEsalmon,MEsalmon4,MEsienna3,MEskyblue,MEskyblue3,MEsteelblue,MEtan,MEthistle1,MEthistle2,MEturquoise,MEviolet,MEwhite,MEyellow,MEyellowgreen
-0.2774179367200274,-0.17599664175326998,-0.08547586608051759,0.07574620666795213,-0.09825330206749215,-0.11381241676717943,-0.06926674743073861,-0.12937861864513076,0.17148556391309078,0.10057479378778075,-0.057699174375212915,-0.01549159657608058,-0.24376987225887384,0.014260666331776362,-0.13459093562276553,0.22302113180169714,-0.18220164810789738,-0.19627423795093102,0.0070756564089602065,-0.026828176864031494,-0.03872291755026798,0.22789587555402468,-0.024710229501920117,-0.11215239098913421,-0.037753302414527665,0.03632999306708558,0.22624954787717655,-0.07639571110421418,0.12455407631567121,-0.07206718834848788,-0.08430978235814354,-0.04472636467167039,0.9072975049733265,0.0916180208100747,-0.10210653633344399,-0.0773721414236037,0.16067471356250632,-0.16191855576327824,0.1331732679101941,-0.1023547707870681,-0.2946825267924091,-0.10030614351364726,-0.026764536976899473,-0.08164464760187307,-0.09686476514901436,0.032973079973346205,0.10357079345765649,-0.03163641189154433,-0.22947199381226122,-0.12744697531272708,-0.007975750337503435,0.126053191202742,-0.04047350302192978,-0.2625626957377287,-0.1542388090199168,0.22081182439506947,-0.10653962883086461,-0.02694289068918681,-0.09410455064645681,-0.14590456261110477
0.20435652233191515,-0.2186601878868455,-0.04379789099854181,0.25546313558273626,-0.004686208938906367,-0.03230400375105469,-0.023008857899311397,-0.020737457837078255,0.04037059432278489,-0.09543741280191209,0.005031764138151318,-0.00507449509584168,0.07397207815645601,-0.04877707707231751,-3.642041318581146e-4,0.06286007093412316,0.11629130875850291,0.19246564824408152,0.15828379892219258,0.05994691787650196,-0.013001924827643618,0.08086726328374637,-0.288129320259648,0.0459084267476223,0.144120990184063,0.18798777729846416,0.08150815406128908,0.098852167836723015,-0.04707664488490382,0.2971841762866536,0.022471104681584086,-0.13498625616415172,0.018426070339277956,-0.16266846783660738,-0.08441527868270637,-0.03719842168929477,0.0208119705656038,-0.25236746917571906,0.3129235917133075,-0.01171774330824249,-0.17912894906074706,-0.059053435675947674,0.20136801721718223,0.04252856815896211,0.07052252458352637,0.22865443124944818,0.029072198803355986,0.006303856950514941,-0.046327519855765775,0.052245205219185076,0.1090812588266725,0.21186078515437223,-0.1429782255029589,-0.03336035717672603,0.018562204063204413,0.16904438643143094,0.0366813743579022,0.07128579083560938,0.10135722933976488,-0.03923298096233108
0.1903040435702955,0.04865071773665994,-0.032788448263461195,0.15571627885018036,-0.041491508849891334,-0.019614594628874105,-0.02040827199820161,-0.011249950410014004,0.11091250434702787,0.007012168199443447,0.008584537574530204,0.06787440325367478,0.06189039636285286,-0.04219500005878162,-0.009318267361994065,0.0346908617261448,0.004932306223267929,0.3245496781583159,0.030496827545811733,0.057277124282649944,0.0712079573847999,0.16012931843224232,-0.031102770792639234,-0.12094477326058413,-0.10848727655262741,-0.011686519607857493,0.1155068098578517,0.1169757583057407,-0.1752787947707326,0.11238028652142816,0.009871351945705431,0.06955976425362981,-0.01897903289746739,-0.12353600629070793,-0.08759790637574716,-0.01471123413715203,-0.0416340739947022,-0.12164224211249117,0.04362718542910049,-0.040303805163319856,0.013724664261244635,0.13492180341715093,0.12644071489562891,0.12036307024935475,0.13058268298788323,-0.04592164196909432,0.07569171611706471,-0.04033466989424539,0.055088030033779045,-0.10353369538790536,-0.02886124846338911,0.11492600049013169,-0.07325014760672255,0.21476012211647977,0.08316045443541574,0.05615788471035103,0.09448365421376015,-0.0034186900547628074,-0.016018609760445557,-0.09546096473496857
-0.07151620417672738,-0.0730231001589513,0.26454584991486013,-0.19178108930850388,-0.09664202232862817,-0.15961536926976141,-0.08904797733694667,-0.08538063816879188,-0.20926833552012483,0.08594586375443457,-0.14046233703042776,-0.2140108336454655,0.04118048011393872,0.027922766195800797,-0.17241553793227615,-0.24183517906202245,-0.16718725609739069,-0.1627174682749677,-0.1614514261560795,-0.12580276249293182,-0.11777148419758136,-0.2170142742726176,0.12977606197417538,0.03299012730352523,-0.17849859664725548,0.07701922230839627,-0.22872786386830385,0.21302071809155967,-0.05365443245895397,-0.1101769436683478,-0.08920638625394038,0.1784010713454974,-0.022267977119758357,-0.17657571239535635,0.06414221504406219,0.82303418383907,-0.16500104133161198,0.1618192926959843,-0.32083839181119445,-0.17857857858336237,-0.08528325070838008,-0.17661408475891796,-0.4088701922153266,-0.16046806391566346,0.09770265877798205,-0.2542910257185114,-0.3135296910455697,-0.054511739869478375,-0.08752185174978205,0.06179691516202918,0.10254028882471605,-0.3378758554772584,0.19282630313774812,0.10212779434763194,-0.0835876281229738,-0.22047737798301872,-0.20379400902693992,-0.07752912473738774,-0.24420131511868307,-0.17022576016556604
-0.302423207390174,-0.08646793076922005,-0.07307252770680484,-0.07528909792382514,-0.11253271798277177,-0.1243442603257243,-0.031158875327923656,-0.09361127360792959,-0.13968901580768855,-0.09009736864435108,-0.04944939264411268,0.14191812169708218,0.01984347284211341,-0.04480888541616727,-0.0683023942335666,0.031100440402042465,0.08221282613303209,-0.10644481840024782,-0.09470702615187365,-0.033576564722858776,-0.0405670579010795,0.04207834624250091,0.14783866198439669,0.25903239063615696,-0.13850327061689888,0.02561181306299397,-0.022157878132368244,-0.06912992366291869,-0.0280533461969058,0.027185390907587384,0.2818249711637478,0.14392674549186152,-0.03673423644092438,-0.16907032694613755,0.009382938696955922,-0.007610914380900656,0.08401353021714468,-0.11587803319899806,0.031057450704847066,0.06077849010124121,-0.17792621978632508,-0.05740737344101071,-0.057129724833144345,0.23790118260849524,0.13905438479981164,-0.13715240010257937,0.026846697119341394,0.008448550939374305,-0.1824435662714276,-0.11973257968989762,-0.12140750140226533,0.13582350399192925,-0.2289404510647722,-0.19276867464013545,-0.055196639979209976,0.005449271802601285,-0.09380166416070676,-0.08609549131673425,0.029802773945417364,-0.14552252691154555
0.2221973651337186,-0.06278829189261126,0.40333727243357514,0.01243729344304331,0.3270075306100477,0.1783581525838948,0.7569844210439958,0.04040054164590094,0.23600807122160172,0.13150923518101637,0.05028518645951286,-0.2489093507189947,0.25537277346622245,0.16457204764125288,0.1861018101152609,-0.1892890557492151,-0.1495275101431466,0.19421527373716388,-0.0381062555253073,-0.20096088244991228,0.07965541871730185,-0.08173734745961428,-0.061173462992057996,0.21383429077399793,-0.07266451090511562,-0.07171371665617077,0.07784746484943482,0.1728531697383578,-0.1430320311862232,0.20955616965230095,-0.1761733120610486,-0.002720427451085457,0.04507447310000242,0.045615536314646904,-0.31754392884465776,0.14545412611290753,0.08801681862781974,-0.18818763247740264,-0.0802632636257366,-0.014729386197704704,-0.14344782804722359,0.19198105231268428,-0.07649101496951488,-0.1612246416846401,-0.1456083060956516,-0.0971140153333758,0.03412488743750205,0.14299257168012913,-0.05931448459629781,-0.08102616491898763,0.21392266030789978,-0.15059033799775062,-0.1088258997851549,0.012839750686001676,0.4742166066003286,0.08178271770440279,0.09232464533067745,0.1498505092903304,-0.27130210685365236,0.21399195295767012
0.19255156077452074,-0.14461399041611048,-0.09179567967536131,0.10180734798591427,0.034825771300559624,0.04331845016562904,0.02893802222217942,0.04851836446856831,0.030400130531693582,0.03440152250834129,0.0301391895563091,0.09953493944206182,0.002442843839232903,-0.16382275363008822,0.01077473493136514,0.14570066765001174,0.33159381958271156,-0.20453090544628527,0.17946593830624638,0.18686160898434123,0.027534084076641343,0.015863349623435854,-0.18147428498952273,0.28362595196508367,0.06917558405649853,0.14743624204705874,-8.140815721165608e-4,-0.034968686030958866,0.014106073830565075,-0.14203454801528834,0.0712571295100658,-0.043850395618958836,-0.024093090037675843,-0.12570779441032773,0.1290482346753199,-0.0314699384234104,0.07098755610652675,-0.04100185846477792,0.19464527165227563,0.24138091498043868,0.027132370937090342,-0.04707896230772966,0.1166124366867803,0.11134943245900762,0.1379139979140621,0.09349847323286234,-0.014861346927354314,-0.012533058907369067,0.031893021417461295,0.0039600425117923095,0.06492698196734928,0.11501016218863812,-0.06662935193144849,-0.07971246767590795,-0.07200939527475575,1.5512372810434812e-4,-0.12656894568297955,0.01907830353348303,0.07760325053948405,-0.013025056354602875
0.2860804554764847,0.05287122003662801,0.022376681752437833,-0.039831821073277936,0.07909315874152968,0.06679550261170623,-0.04054209849172319,0.10120804006684055,0.20230520392001228,0.13158124771305213,0.05526357297679757,0.1935289098775864,-0.12674546148236035,0.07980439743394807,0.14129880452977134,-0.10708447799305434,-0.012177709372166924,0.03645784190950788,-0.3191576864732897,0.2657393120914917,0.11295628108875534,0.05736318860120204,0.037858149652354046,0.059195288818106616,-0.18858039220700415,-0.05732062226594758,0.05741516684054155,0.08032731044807861,0.15444698599042486,0.11609993075554645,0.1920946708751307,-0.1621640436619781,-0.034194201628358276,-0.0608932896348415,-0.049356098788721756,0.0837277012166707,0.06856989762506757,0.019218111157278225,0.018690794596236522,-0.022946594662946983,0.06185927708129607,0.13556891842253901,0.08327719329782193,0.010619527297175892,0.37924102812188687,-0.18601644733543912,0.011683301474733771,-0.03435816510429968,0.05544305715074167,-0.0608001118298665,-0.3023122892427818,0.009167990083401877,-0.08918014372233667,0.03721386684541332,0.023046342319319357,0.0550539868214702,-0.0413239509909656,0.022748379366155983,0.024397424560956033,0.19258547990935693
-0.006522165374890487,0.006287371270429427,0.007842335893378348,-0.02531408929814926,0.30418092885251546,-0.028824093680479605,-0.016754790089683492,0.2105766576527207,-0.010049559942600868,0.19175606138308562,0.043014475774902194,-0.10672784571393652,0.16031053669295292,0.36876381172917033,-0.07803766594401398,-0.09589227286543103,-0.07673552634120444,0.11680491714666252,0.11943066600624523,-0.0742588449433047,0.04256094011657064,-0.02582965155113149,0.02141368745049753,0.04973280832425576,0.11088492892972976,-0.061140600298052176,0.01947708469465088,-0.2714672088866802,0.2631044261778236,-0.14344224744018033,0.3425746054110076,-0.11406861090744376,0.00979464491119366,0.22266141499956396,-0.24288313652749158,-0.06210701542302649,0.03886116201396481,0.016605316958915067,0.1734325632385901,0.02778832575619328,0.0674621121539916,0.28440740619533433,0.18753569357635824,-0.032507418668435865,0.0061537862230889515,0.04788397253116763,0.23525176552072272,-0.004482908892182711,-0.19484581698703363,0.06528083188946227,0.12755083412808366,0.33430629693527975,-0.21929440343282747,0.08370943352490429,-0.051008007716742944,0.3933194120177909,0.16483491474851442,0.007954532076707222,0.1508822974701797,0.17360406645459436
0.03256267384470515,-0.0671705928336687,-0.06970232717639366,-0.15231682576725109,0.029413806859589355,0.13128517776590462,-0.028511298932257435,0.7109966167102628,-0.0024112803827251107,-0.1294401051582562,-0.011724783069202353,0.08311344564515158,-0.06389615467108449,-0.08598976540498424,-0.0783056402724342,-0.08571313874226141,-0.006788722881086495,-0.08379650639805832,-0.01501417860213694,-0.11461407467845647,-0.09609718532850327,0.04101527811813482,-0.12117840063247244,-0.0495934583431746,-0.02857244354786072,0.20520943042148013,-0.05841748862784204,-0.13747733041828042,0.215878014582114,-0.14583756177997922,-0.08116122250687308,-0.19749466011727593,-0.0782847669532884,-0.005584866256067983,0.1842800947893141,-0.036431391579733276,-0.08792412630959309,0.08777727791166813,-0.05397913929686915,-0.10953198963283949,0.15973624624659366,0.13721722642923706,0.05066419366991652,-0.020332931997486328,0.06346701849960958,0.12672520841179916,-0.1214461709538521,-0.10869422661532749,0.14284969988244434,0.1898009545532309,-0.062354760968416516,-0.03124427595695092,0.2271975031797911,-0.05591479141071778,-0.1206400459547695,-0.04748234361512303,-0.007798576138114846,-0.08761178045693037,0.10620621512614518,0.10540778223278915
-0.12454683222192489,-0.007197531122735242,-0.12391191851606931,-0.03828953199721848,-0.0645889652483343,-0.09700667076789114,-0.08420919217662912,-0.09319546845285574,0.07840819777687005,-0.22553351268660232,-0.0992015993468245,-0.015863681409219402,-0.07876455426627799,-0.3774379838759885,-0.11826701827710316,0.05837533236525764,-0.1301702078296676,-0.06336101713663742,0.11982035919242819,0.06273909037789119,-0.06981245274583704,-0.005390877787061633,-0.07390584328581232,-0.04491338497035535,0.16738599896991566,0.10846615630714745,-0.04119425156274513,0.04158675400972887,0.036054903213980985,-0.10659011217436737,-0.05034959348939277,0.023429799816979076,-0.10251635340973957,0.007054910167066598,0.25976534523279,-0.10076965186548449,0.027200583564047164,0.043163245241009486,0.05614304763140655,-0.12085684336573137,0.10641762534315215,-0.04844218415187741,0.030451638355950127,0.019136376642639646,-0.08434105006543736,0.2226544122300367,-0.15792621043765828,-0.09920024916573722,0.08981895906574816,0.20684256135457407,-0.009729260697289676,-0.053990499156303856,0.11380415594163283,-0.016317710040211382,-0.14107618994150886,-0.1665741555459687,-0.014425867791147488,-0.051048043720083036,0.1413987090329142,-0.11085087183481178
-0.2465766154640498,0.19042107338677292,-0.012031651448385375,0.5426689538182135,-0.031164756034514504,0.010222946358384775,8.640703566905222e-4,-0.021499905280501306,0.05098217089941372,-0.18510341556531326,0.034109118336664655,-0.00275754888318253,0.5234163280213939,-0.24461395592031895,-0.10429358199582424,0.09832570578939678,0.05516597910556282,0.12472368789750228,0.17059432775751998,-0.09274997238613283,0.01751148415634188,-0.06058981665508569,-0.08269119465588139,-0.0996468090168533,-0.018138323499717415,0.10948023101383297,0.10337423003520933,0.15079107613067058,-0.20686598872479486,0.11327928857293706,-0.15868408733933548,-0.1970759435340928,0.05093121978244201,-0.006319782844206093,-0.2153923260979012,-0.0024597161683942124,-0.15405046782287843,-0.09860443601997104,0.2602265259821644,-0.0010822541110854633,0.03440436879357432,0.2376607627906939,-0.1282405944791775,-0.0038690004732324515,-0.06507573496268863,0.24424185816003904,0.0014878586332881729,0.010126891735341379,0.2609327542936596,-0.09367379575857189,0.29247482700844124,-0.006399414212600585,-0.30125501355236894,-0.05635819609976936,0.11448131414330572,-0.052826721821663876,-0.09266815027179066,0.1277114871927333,-0.06583299930605511,-0.06044122096036405
0.10804393759541508,0.22636692854961188,-0.06112914118097855,-0.10764218405077468,-0.025476852515900438,-0.05144116499577117,0.04300796517389624,0.02491176912017255,-0.21292962405702034,0.12078027574407206,0.052140865780429126,0.06275387682087724,-0.2033816832099342,0.23456737541635342,0.07731755700124893,0.04220205869067913,0.13967447336734182,-0.14348936031631096,0.047876862887333047,0.13269087267075882,0.0450719416567141,-0.04289336936756581,0.35652946555092435,0.055060229600950715,0.10081867972005135,-0.22127259299833466,-0.16408537264886702,-0.2311681570965049,-0.05684251543669952,-0.18418529142815132,0.21722653079351395,0.3373496905171042,-0.04134883060940524,0.4662318469089597,-0.016997117801307617,-0.02525978054508209,0.04880634857511622,0.24291419270861236,-0.1114638737322354,0.3759668076603003,0.1328644134626675,0.16991150893780174,0.021102528692697475,0.16350204719569095,0.09430946233273566,-0.13919245150708312,0.17799133765273079,0.02439887546951786,-0.12706034846352166,0.0034076834631979985,-0.17140288926236422,0.19173972049867621,-0.12436667105478942,0.05895353898611818,-0.04339193646113443,0.011026502924122137,0.09783097315795479,-0.018491460259048093,0.12712405419944037,-0.06412986180281399
-0.12974598165884516,0.37903563450945377,-0.1001937406899729,0.06763229429366092,-0.07801989496789745,-0.09915489270009548,-0.04975943750057989,-0.07004362340963569,-0.20279209821100208,-0.10202719979011177,-0.056943960818875455,0.0997976324502788,-0.11882655732361987,-0.21222552765012925,-0.060375952453846374,0.15694686727058113,-0.008867642909756331,-0.09668746526521353,0.14710141115904787,0.05523472301498794,-0.03203529519445843,-0.004015454624516884,0.06036098707656282,0.0890569190777657,-0.034757895409154735,0.11576442626393967,-0.1122270271327467,-0.02955232051339821,-0.20958058828271417,-0.15640162566813598,0.02278884507647434,0.07895694658519727,-0.012481039709428762,0.10637621189297927,0.15173687773543734,-0.034538726497486176,0.06882260778316066,0.0984749401050137,0.061313934591036894,-0.0909684488357414,0.2899055927098034,0.021051934981505465,-0.13485072709866308,0.23026610397623995,-0.008261964904891395,-0.02170033735655798,-0.24416754013064976,-0.0543717429449697,0.43495101530559993,-0.05563009374297589,0.05112811066562929,0.030336848197002268,-0.044053620868665336,-0.10075969570113635,-0.10083881326172375,-0.16232519975502072,-0.1462805549671802,-0.06930941078374615,0.007546577606027993,-0.16855064001483505
-0.05990043857328398,-0.13358250645055628,-0.055495726576107685,0.18877480281661305,-0.04582600079984195,0.034865171447559365,-0.0038762906342888217,0.02432728610506922,-0.07154495479711573,0.18604648425383322,0.04322280047820263,0.1108306973048301,0.11949226775416327,0.03854195595542912,0.012505811273374325,0.11973202455601743,0.24534538685510834,0.07252238348978238,-0.11048467463540966,0.14854846317093678,0.08595213788795036,0.31395108394426297,-0.043353799535480714,0.1271571088882356,-0.1403200135677844,0.020853615555378027,0.10887745154950829,0.07170225232548649,-0.0910978391090274,0.18470615466969037,0.05775995077704095,-0.046252246488735785,0.067765488168306,-0.05397936367400157,-0.08197356764301889,-0.047135606942948514,0.24872353739057115,-0.08928322870250965,0.14234642836832195,0.0020109954343471726,-0.19903044709223816,0.008255980805860276,0.13933301236885287,0.19711559791712702,0.03538321248087679,-0.06216177870732239,0.07120406732718236,0.017322338354352335,-0.20871542235167515,-0.1496038835872831,-0.05720226047434844,0.2715595167703449,-0.07560620232234685,0.019329015850764995,0.08843029924541977,0.23057201963983495,-0.02920929818470201,0.06412390663802822,-0.03168083378726535,0.007482750327791998
0.09193985705237093,0.15504819893947341,-0.08917705428669498,-0.1625628850915443,-0.1301614811782326,-0.02102723091445268,-0.06440022996433015,-0.08315190403251102,-0.10328024812531882,-0.2016366055311671,-0.09775387149216758,0.1201119746675831,-0.13458528353888397,-0.21272337131559094,-0.016822170662941137,0.06505775588664477,0.2061248374031483,-0.17199366014978468,-0.18330168756223422,-0.0702871288621614,-0.10344915558901659,-0.10165800086513867,0.10428352806089686,-0.004159422388746479,-0.13844759000144732,0.054217231059212286,-0.1928484507970185,0.04739277243305618,0.010023818973203022,0.08286278696701518,0.18907795446558937,-0.04937303332086085,-0.10047346906544263,-0.011363889480310072,0.26935725979433345,-0.03287435133354994,-0.19018073048057094,0.13449373798471295,-0.16599676911097372,-0.12248580938583306,0.2615967741831224,-0.1722484890348441,0.01043986214479617,0.1215426706156977,0.23284100052772494,-0.048903839850548234,-0.008728886292548792,-0.06035131208364937,0.18145512961822258,0.010160941857183891,-0.23452600188604955,0.0015838425985296488,0.05441815679822643,-0.15745944198746856,0.057215019582117645,-0.26853176663782913,-0.19291715735982343,0.011604437214251865,0.10461914514058583,-0.08958667974339304
0.18392609685413297,-0.15398089790568772,-0.11396235096023752,0.012584498561789401,-0.12480941221390031,-0.12326477851879968,-0.05943907253009896,-0.0778365334914716,-0.12885737271447267,-0.09894966673625544,-0.09079491306684467,0.1418772319369786,-0.005067688983753755,-0.12798590987426944,-0.1565571725761445,0.15595572541885297,0.34633824612378017,-0.16218788161495454,0.2852648553949786,-0.06329896788923425,-0.050048205395336394,0.1575340610526365,-0.03509866027589234,0.3202316458886598,0.03117271347689296,0.14011364137132362,-0.06980550912065081,0.053326211335316016,-0.11595678518821073,-0.1328123257528633,0.0710292881195933,0.11748590142834976,-0.005486306506882116,0.10822407735389507,0.1318520272201283,-0.08096134610884813,0.11905396095089452,-0.04043849168493885,0.09879713686958345,-0.1112951599770955,-0.1294064123592266,-0.13102968500588835,-0.06261523034292242,0.15183694901306924,0.10515258875617423,0.0623591801177235,-0.12533228564794419,-0.08552471534348736,-0.19528705360366663,-0.04933661313976661,0.10189259115282473,0.17548410815826404,-0.05069063309795203,-0.07799779440036644,-0.1396576159716832,0.009440495887348627,0.01814883661169557,-0.04816786313803451,0.05247176935193906,-0.17216214535790245
-0.00518160738512037,0.11782690521559015,-0.040992642752793754,0.03964696621579252,0.09963023916464687,0.064199375729425745,0.12540324343690332,0.05936182128978125,-0.07314631376852007,0.02351146514170011,0.206317652441499,-0.012094380442111008,-0.04965053170659219,-0.05491255570846515,0.08897938012714293,0.1122626349618726,0.10065959181919623,-0.025159065181340146,0.15281453612167448,0.052792093501392585,0.13877179119313157,0.01922556732136105,-0.06882203126299978,0.03817874972720052,0.19679250760090275,0.02069864610523467,-0.04275640121345255,-0.13519095915002555,-0.013955279251748704,0.021885197518138416,0.003303428906788591,0.08867623796040143,0.025184787260579673,0.10517050068520621,0.025375271374366588,-0.0014837704817744694,0.06788580707584942,0.03201473973328019,0.018592989815212072,0.5763246348858332,0.15172578034648415,-0.09514020793569893,0.09911226276720718,0.11614936331678263,-0.10971214038488716,0.07779659628061891,0.08125291758512182,0.052654425076058275,0.11553059696020877,0.02471081873558411,0.04961628184314277,0.12512002703272576,0.014547451892203812,-0.09417617910439323,0.05684195223699263,0.053913204710820437,-0.038660085065806295,0.005976559811482962,0.07981071249513483,0.04057653221073853
-0.1079003204194291,-0.07539917364449412,-0.053232194910790925,0.010809365913982938,-0.045933916652129335,-0.045533523122406556,-0.0664084708632097,-0.0363198236767594,0.16307978657604663,0.2004841691333333,-0.05656615483740111,0.21966838190401777,-0.15175580147320875,-0.024371067445442676,0.024196423049549463,-0.008990585256857144,-0.13348002542905457,0.013761332153182895,-0.30246893095213956,0.15750986384778998,-0.024894210819750878,-0.010495295396864217,0.1790985856204064,-0.19349759269084824,-0.3018364649226328,-0.1587480826043699,0.058224321588233,0.1972364100740318,0.13081087526560667,-0.17213318198540697,-0.16478221989872982,-0.03592727430715888,0.009135432463561103,-0.07999750845200071,0.027748926758762584,-0.005180478361215117,0.08225102476913229,0.16973817389678533,-0.21556871504862302,-0.07659631824846291,-0.12922448806611858,-0.09216652213929107,0.12996846700242215,0.1436507112355325,0.17345569768374672,-0.2657226990071115,0.1548381391757488,-0.08582837055656024,-0.24040838254493999,-0.1662811089079849,-0.29599311771600617,-0.1028071744398625,-0.025034528569205728,0.09903201618703304,-0.029322979113940967,-0.08226541083048021,-0.11827275492467651,-0.066680583926444,-0.14127870128281156,0.12911303455488551
-0.0757772496940547,-0.06514577532873331,-0.08611504763616928,-0.1594137118454328,-0.0815219033317905,-0.07865209695627537,-0.07731307714515452,-0.007047391241285599,-0.14286810453956983,-0.015687640064414195,-0.05799579874476308,-0.00815925447410467,0.029282470252170158,0.019752517271615852,-0.07758720560583725,-0.12990751845416815,0.04856019097336992,-0.17339408958816568,-0.010329794792525928,-0.04268610957834404,-0.05980137291362389,0.01435770419775345,-0.17500773611278542,0.009985239158833845,0.19536757602681026,-0.05948457620223769,-0.11476508609767763,-0.28362108159908733,0.13439226053707973,-0.2271211904576564,0.24563060412836493,-0.008441579233323011,-0.13621045993939174,-0.13806743661931245,0.07803417115038046,-0.10212199840738084,0.029574612380556572,0.07705029172753759,0.03875373041231511,-0.07755968959655062,0.03609327276029545,0.001573882786207147,0.08338054859683454,-0.12419015896367473,-0.04289287758001563,0.16522388573084018,-1.3871235471381912e-4,-0.05908847655747558,0.03794172256019255,0.20344063369821835,0.014751516892793406,0.0991026885928501,0.01687560055014771,-0.11147425387263075,-0.13228924828667277,0.09696367067763727,0.2451171816864382,-0.12508049526196693,0.25632688290310646,0.06515629339426839
-0.07269549169519667,-0.018183751755633807,-0.09492327856967088,0.11659015431908007,-0.06485651302144886,-0.11568758381733815,-0.044256885178695186,-0.061361463428332465,0.07737437297580693,0.02445556784951225,-0.062416163993377856,0.20424144935163027,0.03281816247781367,-0.08137857669033965,-0.07032665982269687,0.12069304446354577,-0.08462383129690325,-0.0025342511113236052,-0.10148189911205006,0.1742636129154427,-0.025522393882389093,0.09759057165027948,-0.005710739408340291,0.005205795313541789,-0.21599721399575972,0.12642026516891575,0.11485250316961068,0.05146223004342991,-0.1430941787015804,0.09483362260704183,0.0013399121902592898,0.03541259451234669,0.08085610604417562,0.07036382826602734,0.046094090220921216,-0.04988376418277333,0.203827963727846,-0.13951278291315478,0.10101021992531033,-0.053685482145555186,-0.12784841287648754,0.058431595235679215,-0.029934683195388622,0.29751018061857615,0.25678247440324076,-0.15432120769827815,-0.14493112442361133,-0.044933217343560865,-0.01671588229742776,-0.22120886423819,-0.10684341756632686,0.12013865287915343,-0.14105110462807013,-0.07648751131440797,0.07372033859333138,0.00719504825571626,-0.12290854561373916,0.0014732012219292343,-0.03452670040530434,-0.13738820310594638
0.035611459111555104,0.20885299749841144,-0.10342976761802827,-0.038827425242645375,-0.09579830986023584,-0.06302952254707245,-0.005223544989706902,-0.054701575958899344,-0.08831868650969829,0.12481701760136461,-0.03869494409563951,0.1660253279374024,0.01389543326175474,0.20293472536184168,0.038672239149900034,0.19251906621091605,0.2710949260379176,-0.03371188312469667,0.07005849201218989,0.11523437332562139,-0.025708294367121336,-0.051804432343030976,0.4035214457448963,-0.015132705702547655,-0.06372923957143818,-0.2803857627841055,-0.023685091159816297,0.03374215956455353,-0.2078801086987606,0.02257796395504808,-0.08192696882173842,0.21698189388533978,-0.048477824845352464,0.16812091673270688,0.02106035800304175,-0.10411074663899651,-0.18637040189485185,0.21895138636996803,-0.30314472641335066,0.10811126010752632,0.0658596641067966,-0.03797393065909616,0.03046969893855534,0.195185528424054,-0.13505985072534826,-0.23849259053922742,0.20222696152004307,-0.030819401515161268,-0.1577783509251745,-0.24989399776538504,-0.08481712188626843,-0.02871585021163756,0.15155760030093346,0.08133706860526098,-0.1058071953517451,-0.1869413897525267,-0.07861576072304585,-0.04715116786772341,-0.05086219694166102,-0.10305247456397648
-0.02461555405038614,-0.06926798618285063,0.2129064190674706,0.055025482592574435,0.024667709121984356,-0.018425811578472902,-0.0593118802016259,-0.027681466005765966,0.014591838117474054,0.10110685088461521,-0.03338836506745795,-0.3752451320587992,0.19586289213189648,0.05428253611499832,-0.11627871227706862,-0.16207697965739576,-0.17173310169308484,-0.003751447233044626,0.2012502677122471,-0.15482897709368434,-0.08114620686333647,-0.04823891146867263,0.06659316680248195,-0.08635655260195554,0.23043040176501958,-0.21175533296526142,-0.03548704556134298,-0.12375615170998878,0.038822794536247374,-0.14535142380385202,-0.1773622471834995,0.0027376852568375023,-0.02769665382090545,-0.09776461974537441,-0.3248044809858788,-0.06326072631578905,-0.08431647811470834,0.084655272487313707,-0.0639702639503019,-0.023534928803703874,-0.28620684976833993,-0.014710704994005825,-0.17260256920451925,-0.22564336614118588,-0.23482461819439296,-0.006981646184362469,0.26022040732062685,-0.012269489900029882,-0.16976467467969197,0.11786547716141522,0.15946426792280224,-0.18501581433288294,-0.10500060374501234,0.06720050644735198,-0.06209597054143866,0.039838216540667847,-0.04870060353179925,-0.09658529622062927,-0.1893000649043777,0.12442384402392014
-0.18696187307017992,-0.09751523921845602,-0.07455914349142334,-0.180895077710606,-0.15017307221433968,-0.09361040780968295,-0.08764697838565189,-0.07752770771106011,0.18971314541618167,0.15216162038335898,-0.10381299607487905,0.13806654039508212,-0.11947041971913983,0.02903703927285179,-0.09738663861999895,-0.016670292746996777,-0.16973516810383935,-0.25892630665846866,-0.28726931960159185,0.13503966047343316,-0.030304742434013838,-0.049064689154085364,0.06799904296534832,0.21880861902720528,-0.25005375863510354,0.08739668184183987,-0.0676383485862774,0.008067179193146543,0.12155490413805672,0.17112043008107436,0.04730228128073674,0.03484684490175246,-0.03724699541846487,0.0928194197769013,0.10260983612751996,-0.012865616528521494,0.1260742069398451,0.00838005129836499,-0.0850866488866775,-0.16085465905584304,-0.16161849630382716,-0.06322902152576965,-0.036836294537115316,0.14264602918955252,0.3193403720519621,-0.17823447277964488,-0.22688846589724734,-0.06100578971238159,-0.14019381610683856,-0.07064783755833472,-0.23588671150272825,-0.04246166261401914,0.08469083320152403,-0.30315612052723645,-0.10550795906810188,-0.09270980967496383,-0.315286662141853,-0.09702686410521617,-0.04455967192798549,0.011810715216857906
0.12830734995138196,0.14111135088474716,-0.05244591245095691,0.06420383804276265,0.006856208368786121,0.09189758828692371,-0.004150287785103994,5.332363717979628e-4,0.027593074914968548,-0.1871340395117837,0.015752079014014878,-0.039883312538255965,0.05448960355439438,-0.05316247615115807,-0.05399954715086333,-0.04437288677882971,-0.03779143979955516,0.023787522049310623,0.1765994293634397,0.02894898260357747,-0.09881423094026483,-0.3360250627154422,0.03967035650422965,0.0160490162941352,0.29910907421940125,-0.1886886840275012,-0.119962009817891,-0.11175074256206657,0.04710268293523482,-0.008257846760556334,0.21467010489430247,-0.06715604980806741,-0.027921144759573108,0.2507561334372132,-0.031748132496608635,-0.04234969962401727,-0.23691336679761527,0.18677581542249472,0.009814938045761,0.010130655764948973,0.19563105497111774,0.25800707157459596,0.07862851434385953,-0.10546100473668985,-0.03540837705468622,0.12149653979148528,0.06204201961306219,-0.0016303822711119453,0.09530561029227537,0.17085258849918647,0.07068831881042105,-0.06267220167520289,-0.10874293274538026,0.04125169733499468,-0.0786666216624372,-0.17061077832375357,0.09949298357790189,-0.04240150029879514,0.21337109347153915,0.16162990075929637
0.004965716174991694,0.16307872143160282,-0.05036518413857475,-0.0023407958634332074,-0.04021148553455801,-0.02393731194065987,-0.028461103442476442,-0.010761540086331439,-0.09225803691998007,0.302667629975422,0.015095311758515254,0.029703340265074492,0.012655103642541184,0.15124528491745332,-0.06499258432741124,0.026931426807052142,0.05135621475787755,0.11420969470092399,0.06673730403052071,0.10762972957826795,0.1030047457561877,0.2841073452663899,0.0677370683628225,-0.053039195974978276,0.001015876670505787,-0.20193202774981284,0.014559572713852406,-0.08368251581165753,0.03181234448487196,0.01806840158698817,0.1398356857667501,0.11206402555899701,-0.06409342140529684,0.1462154499130264,-0.18215528106704415,-0.060714985623700896,0.08925819319396969,0.04110410451502698,0.0022923051244873906,0.06422704248287676,0.09218210608658428,0.37697209887074745,0.1898962987325448,0.15732737682730535,-0.011419006386104946,-0.126501308761375,0.1690046603241644,0.003842797952361944,-0.056147021701228574,-0.14616996866131796,0.01850102087494536,0.22512663887371934,-0.056458693141820886,0.07951125180911463,7.694400023845615e-5,0.18123607476350356,0.12811385570723335,-0.04749620029697473,0.02539212877874258,-0.022617399891772128
0.02121767380782638,0.04505970627985153,-0.10958781651628172,0.010029564557472205,-0.07930803802760071,-0.15542570848190687,-0.06759557750586119,-0.1293930367109012,-0.26955916169219307,0.16685140654687494,-0.08509498868194984,0.15744142248748197,-0.25454835318221597,0.10246628920537676,-0.08406317820743779,0.2981507883365264,-0.10395067879954471,-0.12658440966093873,-0.056606559160277035,0.14647019104443212,0.1469984539561631,-0.07032595066362661,-0.02526292329473024,-0.3359245648628939,-0.20063174450713844,-0.003912162728240588,0.49425866137832675,0.003587859233949246,-0.15648570456530878,-0.11328500698928606,-0.26028825325562177,0.09703110536517669,-0.09015163842917168,-0.023732247316089406,0.003019197650085586,-0.11060733855710017,0.23380827010205785,-0.28369916032982306,-0.11249501639132158,-0.015948263588137782,0.0054749809525349215,-0.32117530036528164,-0.2934129445119619,-0.16500676657837537,-0.3336056118755007,-0.14498348254679272,-0.040226885294587116,-0.09123299788141707,0.16709600251050527,-0.39290929919089784,-0.09635821340691074,-0.1500258033817139,0.3594215257139227,-0.15616405513657486,-0.13109560159604772,0.026194867853230577,0.1452064097804573,-0.08291563192346202,-0.26283816823903244,-0.1920015099407192
0.018561478990379684,-0.10502330879492784,-0.09897859002676646,-0.04590464968180885,-0.00554647017677101,-0.07562836802144467,0.0157160131183101,-0.05576166473178375,-0.1835247967199825,-0.08148514694110441,0.05222089538331375,0.05742056860726337,-0.009990291424721041,-0.17618273795704426,-0.01900593608202022,0.12474828184732749,0.1354266134689189,-0.14363022390028554,0.10977751391512124,-0.01030757438988915,-0.025891818227659822,0.038622153244262096,-0.1417606378474231,-0.051562669344886396,0.13449726462943376,0.18751378444658462,-0.1070705129014047,-0.019510570970685343,0.011965037204290952,-0.14913376422985403,0.015354533026711432,0.032929541489870554,-0.013130495009862164,-0.06704362186611747,0.24221822586252686,-0.030465485483163756,0.022710380492092695,0.012891898374831344,0.041543388763105864,0.31956085602928347,0.06509322296348555,-0.14271980136666365,-0.0368766624887715,0.09235880037934505,-0.04896364658102875,0.16475613707126355,-0.040494388421066056,-0.02794821549947466,0.05594284251729405,0.10020023453003514,0.0705807306030124,0.1162470451757302,0.19091121046573045,-0.20621285309400045,-0.045202805682952145,-0.01289660787823165,-0.14110790970067702,-0.0387589076530087,0.11755841885164228,-0.12209917123290823
0.20989076911572674,0.11726795989477852,-0.04041818260917781,-0.2937936774676295,-0.07047986652113224,-0.0115001969202488,-0.08389552537659792,-0.07034524193064712,-0.19299930447257127,-0.009887187645498346,-0.03750771451499478,-0.1305148906524981,-0.33716587971102924,0.1793586741445049,0.27221523162062256,-0.2810031752610397,-0.06556044774316588,-0.10869489440647465,-0.18687962246087897,-0.04812302281274716,-0.11100933119133558,-0.07535048864005703,0.13954518050888665,-0.006075447267706875,0.12120213119407096,-0.313074171709013,-0.25790085284866077,-0.3994570745084876,0.24964844409319215,-0.1968204191200485,0.2817637267621375,0.05262282825285503,-0.10349284966143621,0.3352354731893558,-0.0316991184034697,-0.12113878702048306,-0.2646025015230282,0.3118632538547577,-0.07457655026547222,-0.09587055448890865,0.049891374001429616,0.11617167350729417,6.223641704067857e-4,-0.21369149102605223,-0.03617125830107654,0.017814741652694546,0.276587628967053,-0.07780932537263399,-0.03907178595319285,0.25789209167780086,-0.31037116987630003,-0.07899688318413245,-0.15507788577717158,0.2495246284945809,-0.06552835310087969,0.039406293576349186,0.16366948997446512,-0.1603075584328719,0.21811542237250636,0.3319987245586142
0.1736655669336215,-0.23930681042006957,-0.016111788467945802,0.0367480492274522,0.2191565060506884,0.046000094023366155,0.071675407995545,0.05298309748014124,0.3523408638817736,0.3393860753736885,0.0651386394991083,0.2618561957380974,0.03077223912670344,-0.09368145212358889,0.5167271943253586,0.07205116096831304,0.05085939568418566,0.10349066797453142,-0.10131149288993305,0.34531614407253014,0.8479669876938949,0.3205687663241368,-0.23892042285192727,-0.24874153679770378,-0.17815738826721364,-0.05702093215226356,0.4810919241341608,0.08986279536629789,0.21739722689691618,0.011125164662528123,-0.1301546713020887,-0.14023521667304403,-0.07820584306345141,-0.11426342603099449,-0.01934849125116515,0.03575269323538014,0.4044437934905576,-0.14097823038086607,-0.08781023630504148,0.14253333687494577,-0.21787146434903137,-0.116277456009286,0.16395324360217262,-0.09050963141204622,-0.06867208590250051,-0.1272442369744056,-0.04298305665419324,0.01599761920295577,-0.08837011164768496,-0.21281129964780496,-0.03776161948356922,-0.03789653938187377,0.2844111093612524,-0.09388765977860265,0.053036130441803296,0.08726851183833924,-0.18468312614618212,0.0730499552831304,-0.14448418639899877,0.19986310036740748
-0.1289366822905606,0.13225345117968218,-0.1257523909410859,-0.21419150057661013,-0.11501264548847173,-0.14281944076539865,-0.11277360002842271,-0.0845176983697133,-0.23869623702907042,0.07842015545059866,-0.09822300935438728,-0.16735411777505788,-0.143127830833713,0.18522743768222755,-0.16227421760157812,-0.20921193285922887,-0.10066967494172264,0.12984112818666188,-0.10473885512678849,-0.061836249516129094,-0.06471807818412516,-0.08416462755586286,0.24398802183168758,-0.15906244962712893,0.213731459263797,-0.22982278845298101,-0.1781315288934411,-0.25684696308260524,0.31071401018771655,-0.09876440584232202,-0.03201537439153282,0.4062317448533926,-0.11063348762294696,0.042296218552089856,0.10436870970640807,-0.07204041900137488,-0.2001701858152729,0.2417085152510007,-0.19374521301918654,-0.15732993376965512,0.10124455552154368,0.014096457234139825,-0.212279736032231,-0.1765642814492379,-0.2541231014943732,0.09787839274129624,-0.042215585996443324,-0.07360759184097308,-0.11472615253693197,0.15604673601345867,-0.080767688304989,-0.07839430824178531,0.13032289852425752,0.31412478174266445,-0.12774663723797489,-0.07127807074905568,0.3092604070554621,-0.10022969802840147,0.23154803880908212,-0.07108060564313344
0.031590636980528324,-0.16253150096760297,-0.009007890857564968,0.05039153666206927,0.021567574099737575,-0.017132021528400068,0.05736250399944404,0.0010339350079391987,0.15146816161697674,0.00506381712712757,-0.021193136449537166,0.10585952723705178,0.06843735282165547,-0.09460695245113707,-0.059676051476541356,0.08343123375006412,-0.03188322780217492,0.10244249031931563,0.1424850479118644,-0.015047141884655819,0.0050786338327649385,0.05340993777214706,-0.2202893916074632,-0.16456817244454158,-0.017817550084229826,0.10798886265665707,0.129916867972809,0.08462096484946774,-0.05007754482141956,0.1640562289774913,-0.13590697825277576,-0.1791968492594067,0.0373291987051006,-0.0822171430504773,0.09927206634946867,-0.002154908417361762,0.06452302329194537,-0.16276321535905916,0.09668016399449238,0.06012799407649481,0.019792977184692608,-0.15377797969650325,0.13408121338251622,-0.04181235487713071,0.03710963102032106,0.08634676898605669,-0.042533671680799724,-0.016923470772570382,-0.029140755073174086,-0.06100743872204018,0.1004788154571102,0.025554462262544157,0.16028142460005432,0.005400740602607565,0.05591731770047491,0.05984378431873679,0.005638181016930397,0.8560188077067251,-0.059396456863761424,0.018457124375364627
0.001953837328802139,-0.2538276965179034,-0.071821165225561,-0.00861432303177179,0.007761000661149766,0.020938574945050602,-0.10160619233558074,-0.10089832869076454,-0.09829960589118467,-0.07643522728154126,-0.09364919202018258,0.0072862304638755485,0.01781918628813141,-0.009392213433315477,0.026579084644339775,-0.086913734624375,0.09680983084821858,0.12421242355726633,-0.010565893697457005,-0.031107336419072963,-0.07667087503045743,-0.04043209347518033,-0.0716114098019273,-0.17910183374455393,0.06881880100589455,-2.20417377526651e-4,-0.09009587730890774,-0.03560995923675777,0.01569233389359127,0.1680866442375144,-0.013927603388225402,-0.017227617439947163,-0.06999077091612216,-0.27663038861921063,0.14602955577806803,-0.07338713058046187,-0.1492221773991886,0.057817374808350856,0.017915076102713,-0.14313647481677785,-0.0952151592803823,-0.20033347493005108,0.006037217146066506,-0.14234222129408203,-0.16194691591347943,0.05512083978659227,-0.21448910099164595,-0.08983073213810323,-0.15401838174311358,0.11656106202323405,-0.0287111455886071,-0.20498614324622214,0.16706928741283947,0.21802897647997227,0.01604749270571755,-0.15347230988403704,0.23014606972841034,-0.07948398975383283,0.06151334122345233,0.12720720227048296
0.0739760946427844,0.11831072267493244,-0.007743752220467809,0.06011242404124069,-0.06720167509107003,0.035412301744004754,-0.030483506614352028,-0.054893323751666875,-0.06686133139236784,-0.05620659673229404,0.031172813724499305,0.04643759474124212,-0.09209819833352016,0.06991401094144403,9.078748050753691e-5,0.1052142671497564,0.23889123129242965,0.011536716068949526,-0.06715217889109172,-0.06078402418849191,-0.07718477506300618,0.25163052222296034,-0.05930759126601525,0.10177336250661606,-0.07455154282827282,0.08687037494688321,0.001942360618994666,0.11187935672952802,-0.16824497077471437,0.1935623210120869,0.04241199247820217,-0.09099570243442888,-0.020371775630934248,0.15727508662540035,0.015468033834380822,-0.04079331901023014,0.0020615017619337633,-0.10240489376211978,0.13558385068310577,0.016320087414871023,0.08846295069848989,0.17819901345329645,0.19349456471771267,0.1367166158238285,0.12425501093849717,-0.024007861441440164,0.27376792274853784,-0.023389022672973964,0.1207108988070329,-0.07558935776161334,-0.13898169986376582,0.24907721283739473,-0.15458030851685906,0.00514787200458945,-0.004375885429392058,0.17910905385733955,-0.10183953079210398,0.018471706747895448,0.013244065971451568,-0.046716840260548974
0.14334326286387308,0.14351146687912264,0.3747439394539674,-0.0429745613256488,-0.07263790544571679,-0.01677776307469439,0.014329295264918803,-0.027071957015373346,0.058717634016076735,0.01933796974260527,-0.042505169693107414,-0.26192500525750073,0.0839734959859365,0.1576826894665277,-0.028053340550773822,-0.17265145051851596,-0.1948019575542486,-0.013465607842731903,-0.025756973174931905,-0.25246615870465394,0.002619150881648087,0.020118428522345192,0.023299075229798044,0.0977911557852924,-0.08793989701575941,0.16245541425371962,0.027210591088725273,0.21839455685986614,-0.24418274047179395,-0.10457866338757059,-0.23409495512036785,-0.06176263859356287,0.03636574946300265,-0.15388534386627126,-0.09613800096239085,0.2013002808290286,0.1659652841118435,-0.203680562201167,-0.0676125107649666,-0.05744842809962311,0.02877844445856371,0.036096788085713635,-0.230552611619567,-0.18836866384144227,-0.19975528947752896,-0.04857236121870493,-0.04263380938622251,0.8875791561009789,0.23282463882868368,-0.01598100873080031,0.24114581536428792,-0.12146009146395732,0.10462959950823077,-0.1032266462145697,-0.08416150630338404,0.17348236878062498,-0.19243951413677662,3.383823656009089e-4,-0.3014008734307899,-0.11477497621856585
-0.09098317566542403,0.04116836117013236,0.026947153055179092,-0.14673532263791483,0.5472491109260601,0.3789747977983141,-0.007815207735164205,-0.0018004634328462994,0.09714670989767127,-0.02190044000303365,-0.019281352550841725,-0.184906411807987,-0.12924915167021703,0.034946788451364216,0.08624596587291666,-0.14739939727013857,-0.11262506265591543,0.16299373264875205,-0.07986090351435553,0.03248310852085355,-0.015600618944013116,-0.1832688230196931,0.10009983677620295,-0.055876933528057914,0.17162254112102815,-0.3121292952838112,-0.09001208636874106,0.1333513089698094,0.24746070977791124,0.009451555095963248,0.13210274384297588,0.11921896009280905,0.062314876200812795,-0.009709999034717072,-0.0802676517003752,-0.015402935849155938,-0.1595827228541043,0.2163114778845497,-0.06519268975765119,0.05263646035295692,0.12478483493897484,0.0332704700627849,0.06330300260082815,-0.1360793265392494,-0.0015065330515467155,-0.08243895485963353,0.15468461474988718,0.01824303055176704,-0.08168495188383211,0.14412797188580176,-0.1296256163152371,-0.17138348340517462,-0.07415072190827116,0.17313833892597016,0.014584311202215983,-0.17047842128652407,0.09567647399279615,0.05915527250399585,0.08124983870101833,0.2957725278859569
0.14799852431581093,0.031855140756941354,-0.03277743153598649,0.31039225832082856,-0.02172477173376668,-0.02837517891419494,-0.005301279204077278,-0.052150986343082066,0.09658537218385013,-0.06033298182208715,-0.02227674181007843,0.03854663501444623,0.19128209949331854,0.034511273815077625,-0.07265679863079734,0.11302112851762255,-0.007289774564771381,0.2780806252420385,0.12200964271622128,-0.057218245462480694,-0.016420146014001172,0.02473403819630378,-0.04885200394346733,-0.10383882497593733,-0.03095564927292478,0.06596455230577966,0.08741185477631512,0.10829836909425605,-0.13761343117798452,0.22429647719126877,-0.02229714363565416,-0.26168363281225737,0.06283620694254478,-0.08228845381556002,-0.07912514581014858,-0.022504306685823344,-0.06475215900072676,-0.10842372254373031,0.13784829027010706,0.02478082298014593,0.019758593429773635,0.11036568052117364,0.1097693705647044,0.02137366607590335,0.059195571471335584,0.10843202369201281,0.16755481473911327,-0.009714496583248574,0.08736346905351165,-0.10561245089607288,0.1490313755897207,0.04506410942662694,-0.032654137212606134,-0.07619165941846812,0.39012395220004575,0.04274898464957088,0.003952382004240601,0.11239199483229012,-0.027810071007749397,-0.04675224406703958
-0.25015229025282976,-0.14845019201888263,-0.08292751507476924,0.01767483731755271,-0.04798802338130697,-0.07863870729737608,-0.0536632985498139,-0.09004968130097504,0.1583696400654051,-0.2551179703363239,-0.03309406688186948,0.015375259549216126,0.04196925873708612,-0.25579202202578255,-0.0030550208771183028,0.03823622815957484,0.0034964824045731822,-0.028920499043649288,0.021034413128909194,-0.06694438070706761,-0.09654327768473739,-0.03746606367694817,-0.2631420878147224,0.0016565135798018659,0.11993414010648464,0.26548860612967917,0.06153841940494268,0.04460658665546027,-0.17831040959157687,0.06935228832313231,-0.06680475298658509,-0.15072396903863225,-0.0897021639076821,-0.060424327636882796,0.14254533973833255,-0.047826592226871606,-0.021479722893954133,-0.2194350244440384,0.23551415496621592,-0.035132654490818926,-0.08172945592518122,-0.16691507460611776,0.1381009862900769,-0.012326446805150607,0.06253983779270672,0.33677363950049133,-0.13588939820886717,-0.025832275602627148,0.11000993472794213,0.1429263904456687,0.08676886020479611,0.05001519570205204,0.01774083811190994,-0.07973344665553905,-0.015491835339920336,-0.017932086264032733,-0.002526124712553504,0.0012307335008779681,0.16104880672890662,-0.10132747460422666
0.07567784824835232,0.053729884648744744,0.2451676548387359,0.049238314438261266,-0.03709587785340318,-0.035710236318386115,0.024367220741622314,-0.017442912041157704,0.0597057942769061,0.0860691794872046,-0.012298563571570274,-0.1313019380610039,0.13728274549696337,0.08274665013309022,0.06794796360784737,-0.04567099045998198,-0.14553219817682975,0.03528207114409669,0.08268181525780083,-0.03823472942623634,-0.027871609228295638,-0.36363874182550293,0.0042495215950409245,0.0652622784158024,-0.08637474316527433,-0.06709508517718404,0.03454294748974589,0.16198033576519294,-0.06568287424324305,-0.16822838087013292,-0.21963564316613535,-0.014471306900182224,0.09514528093848972,-0.02080206935595663,-0.24497179764832,0.282780513885624,-0.0605061335715684,-0.03237546975191071,-0.11649977743677352,0.12820185309333193,-0.10382199239044168,0.10828335830536509,-0.1757088348893956,-0.15970791821954455,-0.14570257430242492,-0.12320609208632967,-0.060661784915993326,0.15964318615496564,0.02826928471071827,-0.04471431215256612,0.19858112365840908,-0.21674313326322783,0.009872126958476729,0.018436977320316742,-0.05272129938159287,-0.06831406337570968,-0.13949853714224406,0.007616786575846536,-0.2780558300139477,-0.10731560845741157
0.06977117430101855,-0.12806610810440486,-0.017684467317807144,-0.003492380714203797,0.06190332137925049,0.20137727419000265,0.03097722345809867,0.05862649415800513,0.10109627827906631,-0.0815980685389438,0.08203683589779186,-0.10216147677056654,0.05670921714302055,0.14760917876133378,0.22066046574361234,-0.05997471921352549,0.15668318761914485,0.08205379174260277,0.1564860164408681,0.04815532951883569,0.033973998478873474,-0.03194070689685977,0.05334784814994481,-0.07465748359089627,0.19889925202062658,-0.03180270194755331,-0.00555369391424527,-0.03412423646198599,0.17783739314427388,0.21537339666382055,-0.015784477536990592,-0.1296771554375545,0.031512530120382756,-0.05751764669980872,0.03158697028280323,0.017020563997054126,-0.06617447014625705,0.12900885738530118,-0.0019483644895084869,0.15346907241441352,-0.007695421548706367,-0.1292771153225936,-0.012749738829210207,-0.14734477271555033,-0.08979049816016352,0.15284392378146897,0.040635036625983015,0.05176708284080873,-0.10944027678975222,0.15753031604413872,0.13185452128762692,-0.09600567869519587,0.06568434255704887,0.022490598721893917,0.5327304991627522,0.007057188067776767,0.012077111086282706,0.06514759060807032,0.1008616172089514,0.30765615317849704
-0.12609456592171425,-0.03348794172968523,-0.1072224654928145,-0.19881904737640388,-0.1484934437493159,-0.14523882427758456,-0.10293762493816949,-0.11565999676835281,-0.1302274413748003,-0.35506393855900925,-0.08714755468330218,-0.14418140238073707,0.04123565855074393,-0.041128637135677465,-0.18345434437355476,-0.1881261583110205,-0.16310637904029154,0.21367082742933846,-0.029364646501780816,-0.2335409153585292,-0.17331461902931525,-0.2789307476679593,-0.052660039398346396,-0.12329569480209567,0.13876321322461552,0.09714974198303175,-0.19368346022161131,-0.1734042812744646,0.1545221538539887,0.23619668049642842,-0.11903512281404524,0.24156634653519715,-0.12382999264634001,-0.21712118156907712,0.2550599876598867,-0.08318282212869181,-0.2829000528938901,0.08379336092993371,-0.14309815523733693,-0.1552025271747625,0.05315526968683884,-0.2690037167485086,-0.21602669380568276,-0.18933834533923974,-0.19257085075800176,0.23885749905578688,-0.2828602490775305,-0.05421781481390105,0.16534972915480414,0.24243110130312648,0.08897686212646136,-0.1873657781070929,0.2539722726993955,0.36343758433072415,-0.03146108411797384,-0.21755628303596772,0.4102207947692956,-0.10045416865648378,0.21802573586377258,-0.12404748768260966
0.08986586560465842,0.0958416825959508,0.008109838232546749,-0.0790241319094665,0.013406397462967201,-0.02657476595658094,-0.010699679463873476,-0.04585443868021279,-0.05097883030253981,-0.006354153385878481,-0.04286617346088251,-0.023538584082954884,-0.06608660035883503,-0.0802287339799758,0.016490424140323125,-0.0898704225671463,-0.15998278375890182,0.01875500015779614,-0.2435183121663117,0.15142556644458427,-0.06879334647886265,-0.19283679311815788,0.04394095119188653,-0.12047613171337379,-0.07333206485862792,-0.1713785412071886,-0.05962672361007341,0.10577388741476279,0.12284118695119886,-0.08950443502268457,-0.13089145032609167,0.16837968749835108,0.04933849803527924,0.11035629297874212,0.007157166520669314,-0.0019048581882877395,-0.07993891378557351,0.0773526237055734,-0.10918162309265576,-0.12015114449343785,0.19517762933740898,0.04895480825502657,0.014035807503317359,0.07945730164821156,0.07789119601435249,-0.15785139544614957,-0.19645144600677925,-0.05276870934774513,0.044118754122380685,-0.054184275570473554,-0.16715489613165402,-0.22290277075909967,0.10471421546620517,0.2197317012328258,0.09705566739243023,-0.234484909840215,0.06704476357915957,-0.05446032059162648,-0.03134268963013807,-0.08122756518872272
-0.018287244426147,-0.21407348151752353,0.4488365830223458,0.08865049072837404,0.46486720323942976,0.47700983311412176,0.5183979890035932,0.4675367910934044,0.2624979502455879,0.15813086052378428,0.8875141650867063,-0.1744341045343358,0.2182113531784697,0.16444604508578567,0.46105686836043414,-0.14857782107893036,-0.15729004486230858,0.030194041649906328,-0.12116236567988731,-0.04215384455877741,0.13458952303114521,0.13574722104230344,-0.18574822608792363,0.35882347935903625,-0.08325326090063008,0.14032265257426707,0.10147033849331433,0.16847016629650527,-0.1537820354171604,0.14988366667899505,-0.17798133881200556,-0.2629250529973489,0.00962759095166227,-0.12973718806454457,-0.23258296739309983,0.16526616110586773,0.17967206838003896,-0.19808535088302265,0.13973612626461374,0.02977646177580528,-0.2562935881405546,0.006539847147864976,0.13581958995346627,-0.11890416396238845,-0.06613789196646502,-0.052154748805279726,0.09738157520755415,0.11281363930215517,-0.10577335132154032,0.009453251905493718,0.1392707813856073,-0.02630673766197798,-0.25377264731768867,-0.096230337867316,0.16985945752775922,0.26203962525693286,0.018516523152318068,0.14826811188422145,-0.30451344159849364,0.19271400399125263
-0.14149653097865708,0.3335982937292652,-0.14240715502480344,-0.053893277462682174,-0.13946524396246138,-0.13094682895117288,-0.1109733174261745,-0.11004665199890469,-0.13426829292515216,-0.15865533602657256,-0.1154814169031232,0.18947470714466988,-0.12054147538573394,-0.1389521986849828,-0.1475277002519714,0.255576842119218,-0.017932365143452783,-0.33525243557855827,0.07110601488299363,-0.1631999962082063,-0.1276871531180342,0.08979126824170633,0.26268226249457205,-0.1958068387004479,-0.09655628304760355,-0.11466955289418651,-0.05469560157373044,-0.04942422049194715,-0.09621448626350297,-0.21616834084404798,-0.028969006486052874,0.07534354814580298,-0.024652460017002425,0.11552963993904633,0.09360826179369822,-0.13391468118778227,-0.09619332424732949,0.1439642571496358,-0.25440085243706834,-0.11609594142517667,0.3127453781453157,0.049213837766282346,0.015003241350630409,0.20503721632872532,-0.06327472538296329,-0.1549498475792702,-0.08503399734530251,-0.15601797559552355,0.2105708475289903,-0.16806041764720694,-0.06813761960593392,-0.0733898062867081,0.08696350995686601,-0.18542619876174266,-0.17952537752767941,-0.2599763268376893,-0.05165593616434214,-0.10860293155190806,-0.054092254249445575,-0.19441316530571878
-0.293337665495621,-0.0959880793658386,0.027027136108473637,0.12331061188560362,-0.02183705102257791,0.5212487487233753,0.03833627839109614,0.19885513751225928,0.15801602215577745,-0.14333695047045555,0.0490496433616959,-0.134622257455627,-0.026319460839308414,-0.05989160363104965,0.16187344622498176,0.13424974900761563,0.11825685308694464,-0.12049952643506025,0.20044058634592316,0.1334013973505366,0.014343875385542803,-0.05817338973955956,-0.10498423047047872,-0.012455278127060659,0.2121200863048373,0.16724904129835133,0.05646996675313692,0.20798149759799403,-0.11736680190689994,-0.13293210566446834,-0.07055504780752506,-0.24763922129337743,0.03511877064993372,-0.1823112331510288,0.04690041464534894,0.07791241028132928,0.06970038235956771,-0.08352957222274336,0.2623481573175588,-0.05984784877563259,0.017684748420398456,-0.10796060180356228,0.1152349070908597,-0.08078505267858657,-0.0910206216426432,0.19118406314779166,-0.1075611973992857,0.14272329400270614,0.09800567787080122,0.15487862842994585,0.21909009687730022,-0.02372368391287035,0.00152995328865267,-0.0962851702076832,-0.11057657476018201,0.04801015433129992,-0.09262215479518673,0.023829296332199792,-0.004000724576800917,0.20783554001925914
0.002709861920374079,0.02760092748787965,0.3291972426659966,-0.18370729892634888,-0.08264713064453434,-0.12785021488828263,-0.08545947672386864,-0.08249706547212711,-0.04634044845636516,-0.13465047351334053,-0.058566012009630776,-0.2595867935983958,-0.009576199018902718,0.17966729630737094,-0.17174571487812038,-0.35982230532071957,-0.2081293164971509,0.2599564651104405,-0.188201100592205,-0.5168520840688701,-0.12039462615035876,0.004684321086099457,0.05106453256186498,0.16152074827463755,-0.07995280404857726,0.08124576360234391,-0.12240399580789671,-0.2196057597902537,0.029586875140900217,0.10270278583300872,0.12060622309771704,0.027622284416796178,-0.09138714757776854,0.047292356119087345,-0.16661461183151463,-0.044053027483059226,-0.194386148182234,-0.11363763716617828,-0.1371378092991179,-0.11887983920193725,-0.10220932068764475,-0.014311911106685277,-0.3561937996306757,-0.21545164508031897,0.11981615893129068,0.0046011766836947495,-0.015136316630608562,-0.07399035962422433,0.012750276482957273,0.23344311245490634,-0.02513594179734918,-0.0819440719866073,-0.1213740891006911,0.22513565422611917,0.004115712653862266,0.12001335955074004,0.24570802346430387,-0.13107567579630752,-0.04987310274830449,-0.16737873107146548
