MEbisque4,MEblack,MEblue,MEbrown,MEbrown4,MEcyan,MEdarkgreen,MEdarkgrey,MEdarkmagenta,MEdarkolivegreen,MEdarkorange,MEdarkorange2,MEdarkred,MEdarkslateblue,MEdarkturquoise,MEfloralwhite,MEgreen,MEgreenyellow,MEgrey,MEgrey60,MEivory,MElavenderblush3,MElightcyan,MElightcyan1,MElightgreen,MElightpink4,MElightsteelblue1,MElightyellow,MEmagenta,MEmaroon,MEmediumpurple3,MEmidnightblue,MEnavajowhite2,MEorange,MEorangered4,MEpaleturquoise,MEpalevioletred3,MEpink,MEplum1,MEplum2,MEpurple,MEred,MEroyalblue,MEsaddlebrown,MEsalmon,MEsalmon4,MEsienna3,MEskyblue,MEskyblue3,MEsteelblue,MEtan,MEthistle1,MEthistle2,MEturquoise,MEviolet,MEwhite,MEyellow,MEyellowgreen
-0.06910217407012442,0.07403503503309883,0.0054970564996765486,0.010375904370630684,0.06602786934654947,-0.06490023657897027,0.03769455078648568,-0.10805957389408807,0.08270472516269524,-0.022259542703855467,-0.17104501856375995,0.13782487386474995,-0.02752370742257095,0.1435528542689663,-0.15296945184282834,-0.18311699858262565,0.21017195449667486,-0.05220626561772273,0.02623316559797613,-0.12149179725298856,0.07180380282396144,-0.08767867730064972,0.26301016035155816,0.01874219654893839,-0.13133556382745393,-0.04001461234280723,0.04620836689150359,-0.09227548758436989,-0.1072438413089043,-0.06949120754122484,-0.008565219134600996,0.05208733496889963,-0.04869140558563245,-0.10372578163719745,0.19941643846249588,-0.052396058657487136,0.1156523751488473,0.2754820576140313,-0.01754770941464141,-0.1841626738279203,0.08204497570239162,-0.006988887750953885,0.09262865390355926,-0.09934826763795247,-0.04411755630145518,0.0810026155296954,0.1645417774414666,-0.10060777415140812,-0.13428122674907805,-0.06422401030606273,-0.08367655098259141,0.09148013333401106,0.017671368637868223,-0.25359628837215525,-0.12227040406568883,-0.10282968303077548,0.15041904604977746,-0.045541026637644706
0.05748819636713387,0.04605256468613239,-0.05294159509280241,-0.09484720672554958,-4.875059746936028e-4,-0.0529760606510864,-0.049077792576942114,0.047824415894120786,-0.055895168061535716,-0.0710738486587994,0.07559056673665798,0.002316439334625442,-0.004682705794677555,-0.026898009454726424,-0.008762042512346357,0.16262698966049205,-0.05200176767009501,-0.12016754820686659,-0.053191046977031725,0.009875423396985439,0.00640166101478723,-0.047996489610035095,-0.07063419342753885,-0.04517332196331675,-0.027672744365847435,-0.010577540738645808,-0.02120927446499188,-0.015172825385361244,0.06648381966943373,0.028638259508186326,-0.05378495519349019,-0.08286373995513108,-0.07010748824903146,-0.050307276275531554,-0.00834761432906539,-0.05724786669414361,-0.10538618872705907,-0.10110470799376303,-0.05122571323063618,0.2487174359193094,0.010720641720017965,-0.0727904110122199,-0.07241557786907094,-0.0726612770838837,0.12197873833609318,0.02581844246853726,-0.14144776791474833,0.28994689470831536,0.14991654378946828,-0.058642967480941555,-0.05386596177392278,0.03043863179065842,-0.031138267472735737,0.08496985211056995,0.06409989412351935,-0.04623163785732087,-0.042890005538957165,0.038784055861000755
0.09352047217433386,-0.18625589282867058,-0.13972353318202935,0.22588915561786527,0.042235422790337755,-0.038543879411964854,-0.13667328240084253,-0.09457988376719689,-0.07963998710529835,-0.01767076520136368,0.011473750320040305,0.11073137565309749,0.24183131158600357,-0.038374099217398205,0.03630762690086006,-0.10253260133551384,-0.3003775101567481,0.15410606867702564,-0.052458476992434194,-0.09349823171511157,0.07321952756726435,0.05615897798392586,-0.19581740501791062,-0.0015785553385134765,0.332975411394896,-0.05489834968028211,-0.018496779482255143,0.12907097110214516,0.20482136432612758,0.06116075257064135,-0.0667313613365812,-0.18090974113156277,-0.037161660807174715,-0.010211036722081207,-0.3104448398871391,-0.009100231498151923,-0.1643954885817206,-0.07498597995749404,0.29466089849050847,0.03342849262405075,-0.2207768684100719,0.1640613183593097,-0.1490433359324509,-0.06177759355597945,-0.07625473672865934,-0.020263045633640585,-0.049769408106668356,-0.001428131278042144,-0.23003801310516853,0.0576190729754697,-0.04625574695582031,0.13364190467957104,-0.05404943302580463,0.09694904282299227,0.10414528277288565,0.05256671341733768,-0.07761681630391974,0.219792393344172
-0.07317288941018955,-0.006230890598757777,-0.06663089404849637,-0.17274852390073347,0.06962682663147318,0.04706455639852841,-0.12333558631689176,-0.033931192626019804,-0.08939108605094451,0.005703995252692974,0.03177361062908276,-0.08870719626515199,-0.14484434026797618,0.016884753167528577,-0.14690521072990145,0.060667401852631246,-0.051521387144139875,-0.05574658476252354,-0.11784436313149543,-0.01517352086094006,-0.14184849354118642,0.144629638667002,-0.04054340714821839,-0.048533067567902856,-0.12593004636536284,-0.04083760809476382,-0.12512103819446116,-0.03367337376555545,-0.07507718343917498,-0.014959914451171025,-0.0639152910816794,-0.0668930633036938,-0.09602132449676977,-0.1005192764125741,-0.1039971268776678,-0.08987969039354762,-0.1208783878218284,-0.02419549060827974,-0.10538337697474233,-0.09254676057049588,-0.1423664055172401,6.225486420460558e-4,-0.10800579761659186,-0.09294242911613111,-0.12230663241557094,-0.05372512141948955,-0.103921214724494,0.035272408814913725,-0.03820086309093538,-0.07852281760183887,-0.09517596923857734,-0.20521280924794102,-0.06947325373835805,0.023110433052611068,-0.032931240188868144,-0.08492376189228817,-0.054278727891389295,0.06737370301337536
0.02863367405715953,-0.011418022982010301,-0.03885058965048001,-0.014959547846593592,0.03724234739011164,-0.16534360081820101,0.03620701198413364,-0.10963248550720386,0.08267686044767034,0.10263986643483182,-0.34131019375686755,0.16510241748657548,0.06357853569262502,0.20749130082185172,-0.13110636701794334,-0.0954563093766105,0.011037765832811866,-0.01828972919851363,-0.0445955123221462,-0.04390977415069577,0.10447086947632443,0.015265335013675408,0.23175600753455877,0.918427283028908,-0.043283265953910695,0.129074860407378,0.07572190137200152,-0.07826407897952808,-0.13443636973873288,-0.01072846976181335,-0.00309683729557463,-0.02768221884707525,0.012865471257455545,-0.0477113996609144,0.1123230005722647,-0.031059286067441266,0.10768968715130144,0.062147789229078085,-0.05373505793429721,-0.20500355502910542,-0.0013902387763787879,0.0710784447968253,0.2070545974338702,-0.16966905307015825,0.0213296940904212,-0.03828311384364369,0.18048763436105567,-0.14159631672064021,-0.26260826708878604,-0.1436929239500055,0.05248416395142229,0.09611869376994985,0.1270865737403291,-0.24452647498996224,-0.1865276816005546,-0.13047301221008306,0.03103765849490019,-0.080151514714207
0.05209171162650015,0.1574555630974086,-0.058459185865772284,-0.03141112659380276,0.12916837753114402,0.04447582979577807,-0.029365094972757157,-0.02483298259367387,-0.062470711296866745,0.03714696545192845,-0.02239403162827697,-0.08995672683236086,-0.24214183624503935,-0.10191041798083285,-0.09817186043356647,-0.17433615256443735,-0.018814069926093958,-0.08370382876912898,-0.08909225108445129,0.046795852347665895,-0.07938319179479057,0.05270902185467782,0.0522884261476651,-0.045385120479024516,-0.08121393172912493,-0.02375555689402265,0.07124027552752098,-0.14341317768156578,-0.2145687471335997,-0.010331616230205383,-0.07326581242237054,-0.07046173848884439,-0.03966007965237511,-0.06755910124353764,-0.06433330169763654,-0.06171646448295184,-0.0681630242118707,-0.05190595143768904,-0.08097431234124626,-0.047146985670702815,-0.018949478628739108,-0.11855200712360199,0.010520316336053836,-0.07436745633140107,-0.07719180588808082,-0.10132451198675792,-0.06802106863966273,0.11607840966237949,-0.06300935706051494,0.045576817140954205,0.017670035961983972,0.060344368209920146,-0.04347914097301012,0.0762934751696729,0.12880285508567393,0.014996913267706736,0.13973619807556334,-0.015026390963629099
-0.18184448205108492,0.008419198920445188,-0.11353239781539137,-0.17183007353403104,0.001976847182491915,0.011779410036970939,-0.01035293166685223,0.3065861358588083,-0.02661891519977178,-0.08100438224892223,0.1416601159977326,-0.07146447653000006,0.05283158409087287,-0.05200603600414942,0.26393720426679945,0.10218610995791462,0.055399343244733196,-0.06879797529678762,0.03744494855458064,-0.005256419008221885,0.16458783963098558,-0.07616366205310057,0.00657605550195702,-0.04925678836814508,-0.05695851320735287,-0.07190778598435019,-0.134961336453695,-0.04915266013451702,0.20140732418750992,4.730172753331563e-4,-0.04754747377427729,0.03165406557971555,0.0017140355656041053,0.016314935555545314,0.06604112107198559,-0.002507325041497369,-0.0681187841812324,-0.032595261961072215,-0.038636485600529714,0.1736299979806092,0.08501548351016937,-0.04542984903501974,-0.14907542492793166,0.0031653524236374075,0.06660300823338117,0.10304519915847125,-0.10324006227010353,0.1372631534164791,-0.14259364529903315,-0.11146637927313434,-0.06811353527177658,-0.24279492099780295,-0.027099115368188587,0.017870747143355584,0.12963193001977588,0.06151154703733465,-0.20366638757321728,0.0019839068489937383
0.2640031876260907,0.09961840845190076,0.01587926748709698,-0.0228410017331795,0.06581612921351437,0.032997816361789785,0.03420973713905022,-0.04099149229332248,0.007683586126982138,-0.10243487389669247,-0.20659910284308378,0.10497756983830339,-0.019442271065282433,0.04132743763630796,0.09818991229684801,-0.10347434898031199,0.01949800916290745,0.23740147711483542,-0.04934029649588165,0.16825145611596842,-0.03757052815203496,-0.06659745482171348,0.1710464499581931,0.04505169721074714,-0.08113823718111698,0.006317443089373067,0.09760157107648197,-0.0707388337461653,-0.14472493425736027,-0.05473866591698019,0.5110996133670069,0.2934044909544066,-0.016350774029717498,0.1059245697041386,0.08204028221049814,0.054974411604612305,-0.03724636044845008,-0.009535624482710772,0.19245612372111087,-0.1258198831798457,-0.043349573381292604,0.018906511664718306,0.1487370314230242,0.19534122667684548,-0.04321595497695935,-0.03043888460308338,0.12659130883064898,-0.16043908269323479,0.036193362402253,0.10967780364711122,-0.11434888735259138,0.06839078442567731,0.010010120180424409,0.00906045808009547,0.05626073955717689,0.11517159506552933,0.1634670767211941,-0.15690933892411227
-0.12243257389325049,-0.0628489620287296,-0.13938053877245776,0.12932794690463925,0.061037642735981536,0.11196194765360483,-0.11386258890051792,-0.0860053575013056,0.027640253085177705,0.34074120853528334,0.12061018523609995,0.19983714537034897,0.15814358147085633,-0.037152408343752885,-0.051103998122504456,0.019123002699073747,-0.05392245210002609,-0.10372842020188863,0.10906021322065865,-0.09098273138345869,0.20120720768945727,-0.07022126723382466,0.10166237013254675,-0.07141646096513711,0.04918702685587228,-0.027046833245150444,-0.010883726808853763,0.03710220967719423,0.1265390276326519,-0.016387896450795397,-0.025497665271119765,-0.07024045431530289,0.013721983157405292,-0.07925414783943976,0.1291192989980552,-0.06020613735900312,0.21488806303600572,0.3930083157875466,-0.09860259160822475,-0.11751439584731124,-0.0743230855220545,-0.021310509222949164,-0.14766735636201386,-0.048412667983525816,-0.08486041885006906,0.27294932276037187,-0.08250470387847211,-0.06611271014932046,-0.08495224099687662,0.10824256326920288,-0.0768852748836612,-0.22297020508554408,-0.02796272853253723,-0.25846137652956525,-0.1689869120242439,-0.17310558379913354,-0.035360504703457966,-0.16238852060594533
-0.08317352432803234,0.1477123692420094,-0.046126248984988266,-0.10033765346712055,0.10193001446774966,0.03262968081806922,0.016125610654348334,0.04675691220555041,0.02109884393728999,0.06928122708799306,-0.228522446126126,-0.031902694028959656,-0.16361288788158904,-0.08063332391371077,0.18580541106544435,-0.08385903199494552,0.05470103710714618,-0.1004853920749363,0.11075757641406721,-0.043941951789014964,0.026077725729551474,-0.2696671995983988,0.043375030089109666,0.03643506109680037,-0.16808103209433706,0.04002403964967412,0.05474423928467897,-0.0800542966960103,0.010687907169457346,-0.10933793784554081,0.0045302532249060865,-0.06889864200740767,-0.05411745910944937,0.06886857528803703,-0.002239444936331464,0.028263146661927745,-0.0160305668156765,0.01469210721909305,0.05040832479542971,0.13092304740673594,0.10371652752258746,-0.1511289915820316,0.16315074151459094,-0.0325830014713024,0.0508331314970963,0.02478255058578779,0.14869877693661404,0.13201702227172354,-0.09697292643301639,0.05899511603652984,-0.09249534167770394,0.10634077209401945,0.042656158351120056,0.10484138816449098,-0.021093871434296276,0.10945220656601304,0.064441132640756,0.1749127646425526
0.10907403792317966,0.043020876007554505,-0.018501066703267503,-0.19555426195123965,-0.07416455151213162,-0.11101811279941426,0.07080037879823496,0.40771144315592694,-0.031987522815692504,-0.05709954603561577,0.00147294530988262,-0.10227122862435946,0.055513146680174624,-0.07829103341169798,0.01826444676196882,0.03479004068273468,0.08895592960901726,-0.05800191025536834,-0.015340311441262152,-0.008890158802962208,-0.06686106795257851,-0.10932800529768133,0.07350437583954719,-0.0072137839037235505,-0.09192957999976824,-0.0171504357614142,-0.02182359719363668,-0.12078556144419497,0.020901270070581728,0.06772521236449103,-0.033538481605562595,-0.010093104431565528,0.028101790013888434,0.027252862826019315,0.12777052840346445,0.02770985907619252,-0.05977287649578745,-0.07834672518156013,0.007473236467777208,0.3633879681940356,0.14940033352316928,-0.0038110989540187127,-0.008710440738295891,-0.016487370072445044,0.5371171167160789,-0.13818258132342448,-0.03255450550111654,0.17440062224391148,-0.014999781623769977,-0.19597575959494315,0.09914073032430419,-0.03568448233226377,-0.0035495870734349043,0.024307049655258765,-0.09912784110397356,-0.031824124917995515,-0.1733369284965048,0.033703884392032916
-0.2193054469237577,-0.04606825771375607,0.02100021537413076,0.29535184238428835,0.027670454750705627,0.12565568094837368,-0.030811172055113693,-0.0806818578568255,0.03254513834064634,0.43600863218020125,0.13388676806843317,-0.11022738804157976,0.09668594394150565,0.15255225166881123,-0.08181662364891774,-0.029790647464754714,0.08418682744384458,-0.0056247445838301085,0.12979611534908464,-0.1215599648832567,0.14748395474958298,-0.1112697064506717,0.07103220005071705,-0.009662976384141432,0.20672524746460116,-0.011326455990731699,0.1017762533644893,0.10577217058338018,-9.557385753321335e-4,0.03863831473238944,0.011521544222522906,-0.028572787769940957,0.03770110057601586,-0.06302722470603071,0.14114406725426573,-0.05628081948866045,0.2280223580251013,0.3286884528845133,0.12219707662974406,-0.1256293973030325,-0.019116318732560096,-0.014564839767388376,0.0354874358709472,0.029645227214786168,-0.05484543936835021,0.24390113225254148,0.07946461141453508,-0.10469019597207652,0.04830101160145382,0.16638690169268594,0.009857291512313295,0.04844742300371686,0.02919945268808678,-0.24449890454065032,-0.11998737897137171,-0.15975379959838615,0.12068127467944322,-0.05091884175322573
0.03658068182109128,0.02308983664466589,-0.13312319356866836,0.0064893641001714875,0.11218050130314225,-0.05975882387155329,-0.059108499544411025,-0.04622760922451765,-0.04718510560280917,0.0067544084016397015,0.03715063411317223,-0.026727594418555743,-0.021647896783593624,-0.08748116809265978,-0.12064647508538062,-0.08536220851171365,-0.03203889249060448,-0.0887602534221448,0.0448220639526095,-0.03948269719341734,0.05957391432022616,-0.02369661700255985,-0.04384278919811615,-0.04010254429522793,0.003138425414827072,-0.05618283067001744,0.018713203568882925,-0.03585263089294448,0.0747243896951941,0.013054262388758748,-0.057299774982022114,-0.047496420851289876,-0.06966425670319173,-0.09725246588574481,0.01705153328059736,-0.05171608510988888,-0.08028696995120436,-0.04690787930509556,-0.1600474405732176,-0.06117668021848184,0.09891591639634596,-0.07022630004678068,-0.026816816107393643,-0.1307862672688967,-0.03286371501059595,-0.09115005367258502,-0.00560631528460962,0.023246643730901316,-0.027125431108266856,-0.0614427935285072,-0.006826971780949316,0.06770474175928154,-0.045578723566452796,-0.023204912786018876,0.025873400730175786,0.022413468768357623,0.04433211145160985,-0.010174683539540604
0.13934721943604209,0.0014068412647021181,0.005405610444819719,-0.014403453447507143,-0.003415082503644506,0.05206943375253707,-0.02081868796384807,-0.02519178308091454,0.004864480524220106,-0.07445818205082246,0.035262549307092335,-0.05176929839498836,8.726326975392895e-4,-0.0686596389776996,0.030026840882300652,-0.019583953953259847,0.18246979230947993,0.2272818632916493,-0.12127058992075566,0.18312780075093127,-0.08366195627410196,0.044522570949438685,-9.761988117023175e-4,0.012491972853267858,0.011026860501751017,0.017921652514795113,-0.0029517709303872202,-0.03080469992945145,-0.038119253129687426,0.01290672437070618,0.04849478250027984,0.13365459367275867,-0.012061948898403478,-0.013662806196634665,0.05457452471911627,0.08990958958726511,-0.07281458370575436,-0.034560331062358236,0.24419818199341506,0.04436264773350234,-0.036619009621135595,0.07442207633091516,-0.0024597497247740704,0.16432231250175727,0.009825569702116435,-0.007068609606511082,0.07665657393713439,-0.04426786682357751,-0.1139926825398814,-0.048959850510920444,0.012517617756377521,-0.050714251947797544,-0.007697656227441512,0.07536293920921436,-0.05754923397568189,0.12181980051488957,-0.034141129819607555,0.12150715025020294
-0.02510565361805083,0.1633780376842541,0.04282236875263872,-0.1645256614731311,0.12637132235154025,0.06369386990556761,-0.15329582772789538,-0.05234101749366151,-0.0869417076444969,0.0930938550101765,-0.00576367053192681,0.00318205464126734,-0.271130005726168,0.08435442768902948,-0.1557733783007254,-0.0787912555339644,0.010216925390008671,-0.1026604586856673,-0.10278091206141085,-0.025231915507613605,-0.2398630525989665,-0.005255268045914269,-0.008614093683144367,-0.062415092563000416,-0.13614044054247482,-0.04675259020257243,-0.029580607425422623,-0.16016720757630085,-0.1694149193718619,0.008662513067993823,-0.06853388781014684,-0.121648262416858,-0.09452716898983893,-0.12083712093809254,-0.0939068979234913,-0.0845988059645713,-0.02499393771875937,-0.06391551180648489,-0.10651336066758368,-0.03719537183343281,-0.1247221942654352,-0.09443211895032337,-0.06987215250825227,-0.125251353257113,-0.09505991333596663,-0.056150026467984754,-0.07436376019725617,0.08411342415233321,-0.04009831406843835,-0.04778572029555889,-0.02330068485385146,-0.07182511711014643,-0.07175001797757849,0.07639410590943504,-0.043956660426733726,0.014379421233913524,0.055726532825537495,0.19493273242279702
0.019232696393326285,0.09788059154892971,0.014058656466377894,-0.03625496738889532,-0.048175207848088146,0.15768045387595303,-0.12099281786079624,-0.04525791470518299,-0.07145273824669252,-0.057034899123137854,-0.024649677028871463,-0.02688712706766675,-0.025549488120828828,-0.06312268101361855,0.010967720124836261,0.1453104108631056,-0.012960771954000111,-0.07466569042818119,-0.024277716922675472,0.05883935681071028,-0.14620462732224196,1.936949814383225e-4,-0.04396364567874631,0.0033277767606104845,-0.09324802334305299,-0.02346227564706221,0.0430507087516055,0.03157754301608071,0.027758250998526204,0.0025990920515836327,-0.04477126575571532,0.014628425350002467,-0.027753878092515505,-0.043514895177330266,-0.03219068984816736,-0.009987124747434548,0.0119100028595353,-0.04124863013341655,0.010292893704979043,0.0366549725635689,-0.09159850788229798,-0.14014067185308124,0.11621600391021374,-0.13389362825375603,-0.051579831724697114,0.08921480686813371,-0.03902655316166844,-0.0997103878566923,-0.041512292898399465,0.13818021357210777,0.07417949384591661,0.040711304513541234,-0.050506217553563375,0.12540825583369689,-0.04321448796470951,0.03253863982498597,0.10263703918951163,-0.16258537568321665
-0.055390077647612404,0.0026332715075387727,-0.009839632755120188,0.005431016259019722,-0.1109200411016711,0.009975974281769188,0.05808644623051899,0.037259673195308,0.042826875460728095,-0.049209593448909454,-0.03007767711448928,-0.0966648244518428,0.029779867493145207,0.09369279383418705,0.06546251861103584,-0.010483268969908267,0.34758152912934803,-0.078478613430966293,0.054058490654668764,-0.04859233855924969,-0.010598360992363326,-0.036713779163379735,0.05752055925332627,0.01975431366615864,-0.024793329971714954,0.029698869349906443,0.023495667777760937,0.026502587567153277,0.03613966603937173,-0.1216225451192616,0.029895027430349684,0.10219724255159812,-0.052886980825016104,-0.016621618078439194,0.15873402892383004,0.01974265941092581,-0.008088522595839453,-0.011537301495474776,-0.01784295066929366,0.11924372307144075,0.15500678928878028,-0.0057279607852805175,0.10866233101575447,0.020230964262072677,0.08833440023835824,0.07800809221231796,0.14197537936172208,0.025753605687205413,-0.10468149482015622,-0.02437608756551559,0.03394766371988193,0.04495436974447373,0.04855956480850712,-0.006845835683541779,0.04604734025932775,0.03986536919285524,0.0033911588815971716,0.0016950119713421972
-0.09588082031871983,0.14398769217019802,-0.01509640979189846,0.029367697479588343,0.04456728966986536,-0.034955186401115564,0.03670893850925596,0.009761598155939426,-0.06259100846906454,-0.019003621819239352,0.06972201417102801,-0.027731568305617148,-0.08875275343392315,0.09709687730102443,0.11447887186308038,-0.1382559253691126,0.0027859896147193175,-0.07792859520296389,-0.0237755835327564,-0.07831009711949556,0.06911461152327474,-0.13208004238282262,0.0679953766147007,2.20468017493773e-4,-0.08197942805163365,-0.06339729902352848,-0.021889056223669746,-0.08756695433541782,-0.022392549176452343,0.009605251418865418,-0.03742343672623501,-0.09988007612030748,0.06411363888449206,0.031446102912809776,-0.07563492080040338,0.0235783591400794,-0.06627171718149204,-0.0546321902390042,-0.06131728081759676,-0.0021618254862064206,-0.00798083112290864,-0.11854310150965769,-0.14030312020486485,0.12840650404623832,-0.004383541170298709,-0.08744656662959635,-0.041767377619148824,0.14002269528989636,0.04677070631794432,-0.013707633468750983,0.02608255443239521,-0.13094832718998725,-0.02226709422412372,0.09144984348449674,0.13352381958206566,0.07492183546871672,0.1444766922294149,0.15648686148087068
0.04348977487728247,0.07459017270410624,0.12374607049478245,-0.09681169965284868,-0.052321916001082894,0.17672517508932697,-0.09918519543059696,-0.024949596664646773,-0.06575180867498313,-0.10654389662546039,-0.18457917752843753,-0.01078535576802355,-0.15274364435563145,-0.12175326067317754,0.016496539923993,0.1326972436390889,-0.025159037857178067,0.09001557682207738,-0.03411656541870438,0.2699206564702014,-0.26327408297503074,0.03285402109881036,-0.07932946529368,-0.024293803925018887,-0.0674966841864398,0.009405457462365053,0.04032747864831582,0.0011170795271965804,-0.06498773549617623,0.03277377950141165,-0.02822176752890481,-0.05826776603247984,-0.0858526147908306,-0.012423031844203158,-0.09161773382620873,-0.03617347985772955,0.030903625893086928,-0.04029269794681213,0.06765563380710977,0.015283766100336249,-0.0681237594108432,-0.067881703912078,0.07253065050858643,-0.13637916434892292,-0.06994285708805832,-0.016031736321445313,0.12920078877006672,-0.0765513917984793,0.1231898684081999,0.18809008605187696,0.06170552277794919,-0.025360136238590212,0.009907218576992644,0.14997503922633343,-0.10411051712444547,-0.05663838703692036,0.013350726961270487,-0.021219581311430202
-0.17099613295886432,0.01618788433733701,0.0030743059942011887,0.12782401267087545,0.07145686142621085,0.11768884181276962,0.031815805051079324,0.0016967547052312536,0.09025778822487099,0.23203314965970587,0.09460883637230777,-0.019955840039434698,0.03169195653886105,-0.014340426567372706,0.10783199730118356,0.10090098589886606,0.21189697175408753,-0.13933964640079105,0.07906607223959834,-0.08508635733610172,0.1016510543311162,-0.06579601020209193,0.039378765517068634,0.057468749032020004,0.03682627632959432,0.8021497275884585,0.007168584065793079,0.027260436894162524,0.11556637459879046,-0.1318153488049995,-0.01686177804818094,0.08973328782603726,0.003199726899200567,0.05204183105522726,0.08256262757732649,0.08523171859365564,-9.518642661867315e-4,0.05516448931804456,0.09468337009719527,-0.004207187020147444,0.04062052880993745,-0.12499848200698338,0.02167304439669135,0.02280138913221712,-0.018393814452273182,0.15521010839904267,0.11235823460529552,-0.05225020114826027,-0.11209555028191659,-0.06728071625736592,0.14475885380934267,-0.150371613111621,0.08573541177654817,-0.044951821735833564,0.063130571186919,0.031215621128456515,0.13709575897437978,-0.06055614896462843
-0.03766085706932183,0.11191943218208335,0.19574519819971928,0.04849567978062916,0.0704026004850241,0.22213907709544828,-0.0659321648210968,0.00943793322670704,-0.01272840510458034,-0.11025238725384778,0.029806270460116923,-0.033385037610427847,-0.0721853608873238,-0.08299302727302757,0.07398654591337864,-0.1102590720778156,-0.021516701276536432,-0.1422598001593114,0.027658254558397627,-0.058447251292353515,-0.03101562477364328,-0.13560613849677902,-0.03597737028051409,0.006758323998751259,-0.07767813326553027,-0.03480816047849723,-0.0994468926650215,0.030653928814808672,-0.024037334397162824,0.05237789969097767,-0.03422631804661115,-0.0051951875584611475,-0.020950464550394024,0.00781930865833973,-0.06089517175590756,-0.0030549717378781163,0.14887516233247114,-0.02973793102342203,0.05872541541121477,0.15426829243486967,-0.04751689752295694,-0.14945382806379082,-0.029969623307702888,0.13879049282084419,-0.027289125773905874,0.09177632054898167,-0.007755890664268795,-0.07609089207474325,0.11541162285009231,0.2412573799693519,0.14625505190049265,-0.11292560652686927,0.007003705895237336,0.14049804843734948,0.018477924244335024,0.07471314606157649,0.13747828254432984,0.11253431030969303
-0.0031984588513062676,0.12807780586247808,-0.08333632986141566,-0.03852116614554638,0.1433284900321918,0.14659270333501936,-0.09344211697578146,-0.033921689006491,-0.07941354794251092,-0.06781028084681291,0.07469016121149669,0.10923820410866011,-0.11337645753731726,-0.0714375072170543,-0.13813082661782664,-0.09041098729598943,-0.09165094135355636,-0.10415563303723617,-0.04701844718182989,-0.005503234815045231,-0.023661231376702598,0.018994737363612152,-0.02577813017087584,-0.0618004069481638,-0.06808532345934538,-0.05772706448697577,0.015603713371541565,-0.11041656051355837,-0.0771402350772597,-4.6770681748651373e-4,0.37940360926352057,-0.15956104917701475,-0.09270287427069118,-0.1017857418501445,-0.08827591274214547,-0.07954959355935362,-0.02916498261463526,-0.007427233877687195,-0.01279044074980358,-0.005979720028927544,-0.07480413616229302,-0.12555980111164253,-0.009474069694803288,-0.08209666516050726,-0.09218784006639041,0.12545899423735546,-0.08888433833305553,0.072681973058084,-0.05294909057222986,0.18942197612040543,0.009622928921295137,0.05341484516531257,-0.0420058770345448,0.0747894555649042,0.0670417995777525,-0.05356682905998939,0.12177139746520625,-0.008930523975129438
0.22348046720085035,-0.12259645775596521,-0.0744225294494385,-0.13301563221585344,-0.002023326341173,0.02790679153678452,-0.13730023106630024,-0.07824981665896373,-0.11870544581378935,-0.07609932497282303,-9.244697028462803e-4,-0.1462557859788936,-0.12641593815876434,-0.17836006424631742,-0.14663836304928263,0.14643825112416103,-0.20333313819713061,0.12548646776146852,-0.19702422383560925,0.09525112562773594,-0.07497806743568981,0.22449733162558771,-0.14629137806478712,-0.1032769037915359,-0.026600567326191107,-0.10812116410876343,-0.08022914978440872,-0.0025560663964333758,-0.11446712418443376,0.04355302772077723,-0.0938904209718262,-0.094250760309897,-0.06048944015554552,-0.10521043701289298,-0.19086178824780078,-0.060756724130964314,-0.13945713139931493,-0.09780834769869748,-0.11534253632203126,-0.10010072543183784,-0.0887597060966118,0.13823971575730912,-0.1635408034123722,0.029365063651295577,-0.11034479537065264,0.0017131461118060378,-0.16906612103204274,0.1370639244345564,0.18596483482610907,-0.014330904171696832,-0.11007265747444944,-0.09673004805109937,-0.09679212795614552,0.0684328945108285,0.013041826871287089,-0.00355715908546509,-0.20149752232710363,-0.00823770307217104
0.1861903893892604,0.12274788796868435,-0.11888698323155025,0.07204266139640798,-0.02494318725775712,-0.06723277352131643,0.08359845786811634,0.08187038306063701,0.014871249765433553,-0.03664342547044375,0.055493985989875115,0.00642580288247906,-0.04516740086349432,0.07964016566560042,0.0715910355375477,-0.08792435497906041,0.12078453463954303,-0.1336730465985491,0.017506216141977688,0.010091948814435323,0.0021703790801082838,-0.0911084378368883,0.1192863399850909,0.009236189321877258,-0.0037525881847130277,-0.04495151990375977,0.13649824922149129,-0.1013090013438179,-0.0734462845432238,0.08778204732954184,-0.047236817102951766,0.14098664407182393,0.03518383275184668,-0.005150642692917717,0.12284864967001492,0.01466859687446431,-0.10656410053015587,-0.04731938911766516,0.05037472443536311,0.1729217011869281,0.06707235914931894,-0.1219903490154362,0.036887092478150016,0.0717340492936556,0.20120326974135425,-0.04021947287626816,0.06714144371104448,0.13164391414584084,-0.06510394075079762,-0.10776943170664044,0.12894405132831702,-0.0532658265800588,0.0013153697409451386,0.03255078687398152,0.0787984452212521,0.1274989718951786,0.20643063987528548,-0.1401212431465027
0.1789351584028245,-0.03357204122941828,-0.07953781628381827,-0.06009423769299019,0.021023774929332883,-0.2350514383756364,-0.08111715255633083,-0.061568964428357215,0.049735234145795754,-0.02870639651375696,0.07655356091962724,0.06590427762174435,-0.03366920323000603,0.09855242174353333,-0.10035578194711238,0.05639847583763752,-0.14307062494350803,0.24260663215101128,-0.1098519044394778,0.05586821570958636,-0.1167125883331668,0.24698147530383308,0.009876584076091563,-0.08162176847548287,0.040412551599042,-0.05692476721878052,0.11137616546878555,-0.16642223674022,-0.10488400022434044,0.18720254967196168,-0.04324983954187093,-0.22182258695553597,0.7711220752661304,-0.0499716963457397,-0.08602997212412246,-0.07089615545571126,-0.07141680929117138,-0.07863143765034507,-0.2174412668887488,-0.1507725146497764,-0.029832143988517787,0.28713744638145156,-0.1678053767997988,-0.21128030576562448,-0.014962326540571929,-0.17498592742450048,-0.10122386020840568,-0.014937215802250173,0.01561061421414562,-0.18071455438992248,-0.07536358853037534,0.138600440088713,-0.04697443550155694,-0.08975992204192218,0.023391357516215055,-0.2341516099349562,-0.09950079437152791,-0.09517269198038572
0.05623370250701197,0.02392522151334117,-0.016515517418272483,-0.014517408305253257,-0.0057559605572738886,-0.08060232455329558,-0.03719095820091379,-0.07139341806986992,-0.03536805208216248,-0.024365399690954716,-0.06464883950751037,0.17521096227228514,-0.0282022282727895,-0.00939454827840265,0.2760360843723291,0.05514065500587313,-0.06176793120177398,-0.04578729310275239,-0.1295510794184458,-0.01609630854510834,-0.07364235312305653,0.1481977240556085,0.015432115055629128,0.005782041089691877,-0.10349953532955289,0.1253976278576106,0.06099547051924378,-0.053953928446637975,-0.09087722855197838,0.11039217839119822,-0.0027239712417571702,-0.04051803286885438,0.09111567916543728,0.47114055422673934,-0.08459121243249695,0.008822735610482867,-0.11657767254462541,-0.05926301696556974,0.020126234400907658,-0.10041581028600653,-0.09581978899308438,0.08762290332157406,0.1087842169339719,-0.08094427530904107,-0.02152037929152939,-0.07445168168852137,0.21004358119364364,-0.1598927592608983,0.09583257765568569,-0.054859361999193765,-0.01843349140029706,0.09237814821693717,0.06870784320037646,0.05337874997467421,-0.014975786754366466,-0.10937398925611061,0.0800234154306786,-0.21553295068763215
-0.030656877814389402,0.02554663417065025,0.15251251354148065,-0.04556654826140005,-0.04010233571154826,0.03878932437988429,-0.05610663463799332,-0.07437166194968264,-0.039800955328802075,-0.07951476911093945,-0.025758719916787496,0.20204346622510652,0.028733756066604815,0.016091138817883655,0.03490222947988757,-0.043042252045935196,0.05528011928314944,-0.11552794972638424,-0.06939362030095779,-0.08337012162254416,-0.1838379413422241,0.0862752625090355,-0.06960513806624487,-0.0266709369160943,-0.07039785169410002,-0.052546792653157516,0.056453050048188444,0.020883586300716857,0.006751074982456088,0.024873531093548493,-0.05006731522319028,0.021662464058821166,-0.06964941094440144,-0.02439821244469213,-0.03937780414511229,-0.05065484194009415,0.07197199395026586,-0.06063942254390522,0.027030289370649444,-0.015117701975951728,-0.042727051088432895,-0.023657931642306777,0.16477667296287363,-0.027563661277479203,-0.06108882361220098,-0.05325395807913851,0.007303029318716301,-0.059382561887536885,0.15813960694971585,0.029503231173807026,0.10217303096084226,0.08059256552164529,0.015157357914407504,0.08244046756933768,-0.07481217242799851,-0.002624356090788111,-0.008177133306154898,0.007965832742157765
-0.04067531291653048,0.045477705166620336,-0.11919852706118825,-0.021824049119036893,-0.014181368231266141,0.04949711856742911,-0.119299461581283,-0.06169073615774971,-0.013205937688512465,-0.04576928543176441,0.14936346462723216,-0.05772380306675692,0.07052144518609599,0.003449176387194776,-0.05320026816932077,-0.09426890229833898,-0.15145353512758467,0.11406949099798476,-0.08695385112452,0.23514269567141294,-0.030747900933817837,-0.008499292954573872,-0.012540953965188513,-0.046247317986660326,0.03839769343143462,0.013798091016626811,-0.09507292061217353,-0.045045443461145904,0.12832509244301313,0.03489832126665482,-0.0191453734242173,-0.08658828950960344,0.0029747658725349287,-0.0815930912114429,-0.137805796687807,-0.029206328990658958,-0.06508290161305105,-0.03899939063060173,0.22465852588675467,0.05861651203135895,-0.17724756831533725,-0.021459013357646443,-0.16401730217214447,-0.07580130370630746,-0.0212477167166824,0.08688948093402732,-0.14406762664430736,0.13244275041597456,-0.13408777906277036,-0.07414051596530989,-0.05695343255776674,-0.3570428410205708,-0.06328029663377631,0.0518758914311146,0.05547911455884456,-0.0094511641256962,0.03015075330538913,-0.1264595534811782
0.06638564437834463,0.09156201571157771,0.033616806779941555,-0.030752682185728117,-0.01618586479005842,-0.1495229530560684,0.12128312701799128,0.0013332279634532776,0.06207808595026667,-0.026592768997787543,-0.0016690642795696815,0.01592352200059028,0.0369665239045788,-0.03134652195782515,0.09798585630066448,-0.05052630595076109,0.09339883254691485,0.13320104700227448,0.0292998844876264,0.24853439082879789,0.15674548947094488,-0.016583337237425208,0.10850712834146792,0.05566172879401271,-0.08544992144636573,0.013790642216909968,-0.0592192868439568,-0.06151069100002723,0.03365662732220577,-0.052305363936341234,-0.033340436139301065,0.2281867583541574,0.12246206593804995,0.2824450433813754,0.07536321175616544,0.8651674751722502,-0.018506649879956257,-0.04096419851365672,-0.0017979382768272037,0.011684633161877463,0.11103587321552745,-0.04897894941851981,-0.03929727603370329,0.07237283178198742,0.11563179562822104,-0.18893203976323256,0.060473391284422445,0.16322916320504488,-0.09026941587457442,-0.1545076603090262,0.09303262561724213,-0.024515965594685194,-0.017838820535886247,0.040076419511307096,-0.055800736129478425,0.37082557826772833,0.013489517437731406,0.060219816543209743
0.04660097836842335,0.046295796644895415,0.08881296569169424,-0.11626616383846645,-0.008469971799949254,0.010845426725092469,-0.014227048210778637,0.04993349293638848,-0.010617211582842831,-0.07738555312553491,0.033824004023783,-0.020804937317753052,-0.13256742742015157,-0.025195071368906922,-0.09687552640464989,0.06897869887953292,0.019318501230167356,0.12512605447571493,-0.03520605542365167,0.22773056755645307,-0.0861174502165429,-7.368445220307208e-4,-0.05243918785136753,-0.01846459395864231,-0.08427083415625107,-0.05726960640759842,-0.027623122619224685,-0.03612592191970118,-0.1106160990417979,0.03921688861706932,-0.037858774234237405,-0.03999801305460742,-0.05890262993266041,-0.08260494108875302,-0.03234515730221364,-0.016661613082577784,0.02615252439923675,-0.050076434231685354,-0.07749423910359089,0.0727993057368241,0.006187536302440097,-0.01490868190402331,0.053087688005801735,-0.0012588158515115099,-0.023004843387064017,0.017899757641492636,-0.06830480871000807,0.08035417308833734,0.13249696534413546,0.052797548189384445,0.23058024184695197,0.02402310062346597,-0.04814284846169791,0.06079360527066957,0.04799070785840512,0.021567257388421305,-0.0862296610415989,0.06652772117650224
-0.06670698943938605,0.10847473595364863,0.019323875975171077,-0.0662570975660538,0.08862067571991321,0.1663780089626493,-0.020423282960167696,-0.017334509866890738,-0.07371689186313517,-0.04122469569504719,0.020148388222953863,-0.11196737939095654,-0.16974352216431624,0.022821304290029022,-0.06343973828951027,-0.022679180575503815,0.1437543608144967,-0.15467771202053057,0.006846386920529193,-0.040047796999454835,-0.06878517769226132,-0.09274388905989746,0.02335779159068607,-0.025200608847839395,-0.11568813193559163,-0.0453117504381303,0.01668873508109979,-0.009476133801739589,-0.05228590232629514,-0.02385453789172334,-0.04455224769473697,0.1137668142306939,-0.11017720481439501,-0.0667401966411664,0.08256874675582275,-0.011959258040233964,0.013672618463544358,-0.020320172244033374,-0.02926939817945027,0.042283677516514115,0.045059202884212536,-0.18039619541461252,0.02683566633683922,0.056186461614105926,-0.062444790262112186,0.10365646822146242,0.07153265235780767,0.09333002593461308,-0.027338882063652307,0.14521746642816644,0.004922873902698427,0.014509098417897909,-0.037827773506086126,0.10205165183685375,0.03874045524125263,0.10753763805142275,0.06271058675130994,0.09676910394680086
0.02630670421330527,0.008010365758553928,-0.03425556395521686,0.06094621235116366,0.07832429019201989,-0.12495333358735133,0.06898525795698351,-0.03288423573135038,0.3050996796205858,0.28546915423349317,-0.13920233197955534,-0.135888498128539,-0.024178500365986195,0.07603700374268238,-0.09668855238109068,0.11208412334765502,0.19450177996805385,-0.11416322048493538,0.11270907904848894,-0.04306199555203719,0.19207917510202643,-0.13520832174359282,0.15674491647206484,0.042837513524085144,-0.009332454489200026,0.010799425620125438,0.03871193259500303,0.03482846191706963,-0.18597095348456483,0.014954386373138737,0.011983238493374874,0.07255962233689738,0.058147651667636226,-0.0540886340804893,0.2721963482878641,-0.007044364024070626,0.09946692655528709,0.12568851783231294,-0.028561211439212905,-0.04887538965116198,0.17006446207207349,-0.13110234859550063,0.02289697548595539,-0.10655659663016649,0.035168899918219365,0.0785355026572786,0.11907866800900113,0.04062033237841319,0.05417133313405868,-0.042452674148348614,6.568184487539503e-4,0.12029518740928964,-0.0075765734964021655,-0.231960753234113,0.04439549350813088,-0.02709283448156826,0.10373605306330716,-0.12705793098487028
-0.1684503395589872,-0.12871160425447092,0.07607379605929689,0.10388585816272458,-0.012436984870693649,0.010005391310816595,-0.041043864162851725,-0.04490194573683546,-0.03730410714280584,-0.014507124371497477,0.08111069013060951,-0.01601461434903399,-0.0029745914017858532,-0.04537723266401166,-0.050407507839142815,-0.042556238585972524,-0.03788586329106572,-0.14818831025030704,-0.03358607685445142,-0.24568565607542672,-0.029117602171414052,0.0919038455351501,-0.20381931190326624,0.02112552517136753,0.151754577882169,-0.05825809213180874,-0.01741667150195573,0.06062798362819807,0.07969099341978612,-0.15952610772854398,0.011233411449648418,-0.08769850858992456,-0.100910114614807,-0.05911944193487188,-0.08496506792400456,-0.08677628053559064,0.004024710748563795,-0.02797134450079783,-0.17168650637035884,0.011828472404089312,-0.0911481111250473,0.05909285154106834,-0.010932223161469846,0.05034287802018499,-0.07616912369368081,-0.03049209100941895,0.021476755792339163,-0.04531642223621273,0.1294071884905465,0.10523355497865615,0.06044266067559337,0.07913404493550866,-0.024945981144276177,0.03311928121216251,0.047296257114003745,-0.07325083084718939,-0.09342503158479905,0.16177887194614476
-0.01752610636520794,0.08025214663707955,0.05430662714839299,-0.027603194843604035,-0.005353103660750641,0.039795931830006744,0.0492244584493196,0.026871964506882666,0.007029042980745078,-0.06858286694859526,0.10685922478782707,-0.014863272259680338,-0.06938521054526,-0.04566616220820575,0.17137322585329096,-0.006689558637972113,0.09126477355730397,0.07190791553528586,0.021167960880505345,0.18298989602126706,-0.02723957323504939,-0.07483801082321623,0.042766088904780265,-0.021352674407978944,-0.06829656766020957,-0.012610759476066824,0.0820678363798284,-0.05268785370256229,0.04698221548310385,-0.08848459765777177,-0.004957939354993835,0.05953235442093664,-0.06506675137357902,0.07124868165364184,0.04509434093079118,0.025289957139808184,0.05425439153276637,-0.025263033869910592,0.017534820400025908,0.06483472307151926,0.036968262358897525,-0.08555922107846334,0.03601826042338589,0.07685916006565427,0.009831967567658416,0.08846178926571638,0.008116025711271778,0.0035245681268793643,0.07939222592936201,0.08199821046480735,-0.014860039388556495,-0.1412991212668865,0.018459163864223877,0.058835563072092104,0.08937384481447518,0.05752610869477848,0.058395734201447266,-0.029156617604535008
-0.08464172302563164,-0.0033485069579019715,0.06242270653188359,0.08996714474879107,-0.04033382757675296,0.033831997934866666,-0.07740088364213625,0.006143785108637992,-0.05238367086471991,-0.05095038466852038,0.038543736699074634,-0.040637856885958806,0.03037483383808924,-0.07967414673062923,0.02969490135303982,0.030416241795534205,-0.01861187149049333,0.1138960547186763,0.13279384680482953,0.16250799394482865,0.0022174369294655594,-0.11614964588779468,-0.11456743472070685,-0.03495260042648199,0.04746639939939512,-0.05454727937523576,0.03622414156615564,0.07236542884872413,0.1771305361977293,0.017798391592090627,-0.03551587925324568,-0.1169725961742871,-0.0075375435056994336,-0.05041540992920197,-0.06688183558573269,-0.024124301042526865,0.0417154528584306,-0.040208121860413774,-0.09453475797713154,0.13504270811952926,0.08499735652943893,-0.047587760402956675,0.1178206130113843,-0.03235407236804653,0.030570371109579518,0.0679053421297189,0.01698199152114378,0.05739056316769587,0.08590056258873831,0.14110957802241839,0.09114037124093982,0.1354176352000161,0.00685860062963249,0.04647125839119247,0.053209765597266125,-0.051428822520466516,0.003429200303165436,0.09060534445632615
0.04204098699937334,-0.22786560989988067,0.1826254832515518,0.1769555028214779,-0.09248467849573837,0.03959862927626287,-0.04269886927625102,-0.06114243315844048,-0.05775095419288252,-0.0407476435380098,0.04894822469879381,-0.19550247882439822,0.0757634236272178,-0.08829626147540567,-0.040101766825255875,-0.10013556677949932,-0.12494532905415047,0.13152535948317537,-0.10210808169249631,-0.10106182365051505,-0.045268455338719794,0.1404697902699001,-0.2397716156156465,-0.04017361858588976,0.23093309916536445,-0.014191763032493358,-0.1590651060419495,0.30249330679715486,0.05510982559633818,0.043685517262803834,-0.05066338823867617,-0.059524920485500246,-0.07257350114803168,-0.06901780270317609,-0.17083791833849699,-0.04622406367614608,0.06633064945773723,-0.07116595578930054,0.14021851659291623,-0.0065136911994455905,-0.1107618354340939,0.1673997261138605,-0.09320375791753872,0.05967046386562979,-0.07916007181280509,-0.0517189603165531,-0.14578251012743834,-0.07509387193775083,0.18284887660063834,0.09995454648562684,-0.07341729379122147,-0.0018575216532557043,0.021405816898113883,0.09193368832322574,0.06031876206300273,-0.0669260524225016,-0.0931352568631726,-0.029852119041061307
-0.10853250532197645,-0.07265308698746542,0.19290357182946988,0.05940081621321469,-0.01800204665636961,0.12630089237773898,-0.09561643206894706,-0.058720225979946264,-0.04559604790711663,-0.06378283319113721,0.08246397259737015,-0.0376971944093112,-0.013265287375666145,-0.15467602228686322,-0.005318689350412719,-0.03486716441293022,-0.030218100848833643,0.16152975967318484,-0.08708898700366519,0.13548230908147535,-0.17893167266614,-0.01621270237374065,-0.15847303599103552,-0.042518115009701485,0.05098617441189312,-0.008713695446462475,-0.0683149727832402,0.11968410936583182,0.018325721545435845,0.032808813371113535,-0.01700114507977676,-0.09393960283167752,-0.09029424450254836,-0.06417598596764357,-0.14454060068495272,-0.04224782656715599,0.11410369131794043,-0.03638150246408364,0.20118143365177737,0.07460872742013518,-0.1477556148332679,0.05895884345886075,-0.0329647143275942,-0.021311551897201908,-0.08141531827172209,0.09330812768225616,-0.029436516033087265,-0.041697334863215814,0.16203205621011643,0.05498007123404821,0.12060797940123752,-0.05418208062297988,-0.032495694341419475,0.07053411519051998,-0.1132175221635647,-0.007873669128581147,-0.026868148819218562,-0.00903796961666535
-0.06909612840970204,0.0825048655088545,0.38741994277251685,-0.008942584257569178,0.06097640933843232,0.1293658356807966,-0.036915284147649365,-0.015123363047232477,0.016205172675681622,-0.07404969484857198,-0.05769735017815394,-0.055792547768390696,-0.05561212781669643,0.08191685517788759,-0.10132850142013403,-0.030899534574554997,0.10239821857693496,-0.0446277681710991,0.04148063198161161,-0.016682332165111,-0.1057016791608061,-0.16462973399076625,-0.01010956797588978,0.03185765409756115,-0.13029534483849975,0.06465608307035084,0.025668555588918705,0.06395189480501279,-0.04369031023842957,0.12997911064845227,-0.006503918768467536,-0.020756607813020595,-0.08761322167766877,-0.05256496416692576,0.019933744170111806,0.007096916709420093,0.31509836921528,-0.022884143265254134,0.021712945439802928,0.12923930995698452,0.008576416447917484,-0.10595131655689427,0.12819970236748096,0.08055766673451094,-0.0038404750015288637,-0.010479914971191386,0.0471317830158887,-0.1069668070299616,0.15039682152277395,0.10138039215658362,0.34623916637956825,0.045301182096027036,0.01785747476571827,0.050112539560606774,-0.12108085957097704,0.03324677807582741,0.09063258265884293,0.14135619715391481
0.11117546332027607,0.03521089466238982,0.03193526265355124,-0.06600847534091445,-0.01054866269296489,-0.17694668240611428,0.01741256737913291,-0.058444463919965606,-0.015129949774497518,-0.010015504600467256,-0.2163022832000109,-0.138712992701528,-0.1341186285709457,0.12111742530600976,-0.11515940083602712,-0.12445545416701011,-0.0011315967964770713,-0.07578042751767157,0.2614520752258202,-0.052580165622500216,-0.1354242059460709,-0.009820147975761992,0.0571041023203116,-0.010147991699825517,-0.07126756586211437,-0.018099885948113927,0.08352594571238622,-0.05237882730906878,-0.10529658295252552,0.06568294139627344,-0.043906440077418014,-0.0559684231442099,-0.021786101270372584,-0.07878672061075744,0.04321591289382404,-0.03637369890346289,0.005712950960967669,-0.04534082864458434,-0.18067861786330203,-0.10472232122406484,0.19850717852415434,-0.03154740643615494,0.138014423483421,-0.10806934231618888,0.026058704607801655,-0.19038005214247525,0.0419767852734779,-0.04850737729419885,-0.08918783715142425,-0.06104103709917778,-0.006154019654965474,0.13232887721351538,0.006200438704873234,-0.10255535981255282,-0.16703380866615522,-0.1526493330936669,0.02419907857784738,0.055125925256494505
-0.03111858776013477,-0.009642277256721895,-0.1414341742073245,0.043410978262548895,0.11088495088636492,0.05674972867301268,-0.04249219591989348,-0.1041609567524836,0.019632598466615442,0.20931645089585466,0.05505429169738228,-0.04220282204408721,0.029116228408527994,0.16021230420754126,-0.1425403813010577,-0.07824053451720765,-0.18296830040451448,0.0207610377586225,0.06273377042521663,-0.09092544845472243,0.0948525226811711,-0.025211914658538944,0.11882722928254308,-0.02297467070025535,0.024225881897843308,-0.0414443421484119,-0.015846284369959905,-0.08273468939277076,0.00539285853182164,-0.026159438594178075,-0.003106811122415097,-0.14904915282018874,-0.0369921730488771,-0.0933309759835197,0.08454837694068791,-0.09378953941950681,0.21617156552762218,0.3855212719275083,-0.05363911550235683,-0.1626429214735418,-0.04112638147493989,0.048735139159560334,-0.1750773809777933,-0.08264430616418135,-0.10035506770944168,0.2776311049983766,0.06529148484061799,-0.10045656192209897,-0.09436961447876063,0.10799282655884201,-0.06653439062321162,0.08460423250397543,-0.015504806084121267,-0.2705772135102494,-0.18864122176066947,-0.2567714882222423,0.06929446378452447,-0.13786384932014842
-0.027813690522715807,-0.21086072400386874,0.08096037142384352,0.20609086618561676,-0.08754617563908594,-0.19248619574667178,0.4172364166122524,-0.017251124794673563,0.08412638221292157,0.10800160453083704,0.023650407418563824,-0.16135400471719388,0.13886715808902075,-0.050925978894627875,-0.05674548934298483,0.04630816956153648,0.16388318161519352,0.05795387306260663,0.2391886226575291,-0.1317510716216341,0.15882792213295518,-0.055080555268553495,-0.06535917928827958,0.07942426985460248,0.20340814128400092,-0.018081829169607155,0.0074825157015700455,0.2534121952892561,0.039284455593495506,-0.012847676838572736,9.627406611846668e-5,0.13788536939319382,-0.010237525089897616,-0.02926294392301681,0.1720901317665177,-0.030420058375036984,0.10042030299250713,-0.016235480105607235,0.012077966883298635,-0.07226475187555678,0.3222314054589436,0.09177351981847018,0.04023127901259702,-0.04926840313792439,0.06326701310448188,-0.12281955152094925,-0.05489367591638184,-3.8114485172109316e-4,0.005095357956372497,-0.04536987383026707,-0.06321464377298441,0.1239453523937341,0.017228530807947808,-0.12886655177115247,0.19012980706634652,0.0038394606057561885,-0.1048929084651934,0.048722535996766195
-0.11080963975498792,0.03931136176602488,0.022398814237719458,0.019355443207533865,0.09300152180079248,0.13624509323173004,-0.007965019999862974,-0.11706563007106023,-0.006995059041382025,0.12034304289168295,-0.11800928017702962,0.06746005777632445,0.006267840134998974,0.15519876122041462,-0.12616185193561164,-0.013662926625242962,0.14002745648878956,0.02996916132842703,0.051543508691253556,-0.06044984410140432,0.09293265941084447,-0.09641883221986157,0.16097802381682727,-0.008035932244228439,-0.06478095431140615,-0.02782142533335026,0.07203113211434761,-0.046224576792648624,-0.05603962262666519,-0.05157054441586635,0.06047547765482501,0.014892290245329492,-0.0480378998259109,-0.07483712569757292,0.15583024637061627,-0.032916870975257306,0.18319273636246633,0.3756781298270558,0.017432233333823568,-0.11067973545340455,0.0199011975423933,0.008373473832581363,0.1865762525629856,0.040424064097077446,-0.06803235072795204,0.2032671770389548,0.27806341110507043,-0.14478560323987014,-0.008594561316371381,0.16314062512644184,0.11940412363889663,0.08326875603930282,0.0340441387702396,-0.15570879140156302,-0.14699917673041515,-0.10453659239820003,0.10013270392001318,-0.07990413680032088
0.07329840305545325,-0.03066523048868301,-0.2630060205393978,-0.10662257585633811,-0.12625490025567224,-0.2511330956131393,0.08129087928743224,0.2173597383665658,-0.06090894794446349,-0.11167266214198668,-0.2301241998348994,0.35418770001054795,0.11277285420082689,0.00535596849351896,0.20644773160331314,0.10248070576912763,-0.07517437429529854,-0.008263830322735916,-0.1571902649354796,-0.05794428477865917,-0.15525895940579704,0.11580037073359895,0.1166896631863967,-0.04498870700707297,0.08522164624466234,-0.013888742322942398,0.16069069023470064,-0.10876889895407822,-0.09605481140662184,-0.05033683244182712,-0.02837712796888422,-0.025665194795314216,0.10498062854630366,0.3805835255818302,0.15391666001270393,-0.03299141537126606,-0.22925720308620756,-0.10165967183859749,0.03216775310999672,0.13050530122071116,0.05373478791650633,0.17959182640011012,0.3255526866936086,-0.10195605240402614,0.30834274167197984,-0.20275391151990724,0.503909608620204,0.05313176902517652,-0.4083778516363025,-0.22140049458444339,-0.17502174378404195,0.16517956552610333,0.9235827523782194,0.030732745097611366,-0.10451847033255697,-0.15258837924955165,-0.14706010310589224,-0.06336285209525767
-0.12773415437773014,-0.1395712335691956,-0.1200818280414189,0.15899234776380558,-0.08158431900052861,0.02706952046556206,-0.02338195508095637,-0.0338433954847317,0.0018677389278257419,0.006792298201911542,0.18438619231375708,-0.004447648233363275,0.12878607192629749,-0.11461599106159497,-0.019029892729899658,0.0033516182846898327,-0.06039982418085472,0.001386464420883362,0.10965134827826434,-0.07396887817793159,0.1598486278790353,0.09492089011246893,-0.23867312167232752,-0.01739965019807581,0.23134862056430552,0.018544044303049893,-0.5618769882580241,0.05661589532446048,0.3513781147841498,0.05419999847858211,0.003941836623246418,-0.10804099094625252,0.017274900251405753,-0.03004492821360145,-0.1414705088019403,0.0037059691965476075,-0.1751108305946572,-0.05077726913997168,-0.09691134437617946,0.052578649008784076,0.10503604999064713,0.06327959622308203,-0.22759629763687933,0.02130817041136674,0.01150074159007044,-0.08542401157785137,-0.12884121978780946,0.030138397223138907,-0.11188540522276075,-0.1281678983941874,-0.09819033282169667,-0.2517123213858031,-0.05074923944879621,0.08316972582229053,0.10744858397198415,0.06937506054342556,-0.1133109370915374,0.21697816293303104
0.01149056170302351,-0.15102693310963103,-3.216397777045555e-4,0.012508604864119598,-0.2398036662842532,-0.17623099377299084,-0.09012002650664981,-0.04104377958018487,-0.07526504221472348,-0.08315144191518269,0.06952609959850056,-0.01913380763956215,0.38903683963741065,0.0582417924957923,0.344764392745506,0.3885631146193764,-0.10366211404797085,0.16319378035370552,-0.09976242043473961,0.03476768188078966,-0.0625629662665992,0.1142614832965811,-0.12966953765635456,-0.039802837164531625,0.14670350118186773,-0.07131681201404014,0.10973074158235627,0.09743841710421203,0.34151035972017724,0.05235090570372901,0.6789451023691686,-0.13417941283007706,-0.01707948256337978,0.08572338726366185,-0.14195821341317014,-0.022514909433062086,-0.05895631103118744,-0.0658724224754946,-0.02935345943621702,-0.008679101259548572,-0.10664677030615494,0.19660002412143843,0.24381764127876235,-0.12838959227630792,0.026119320571462972,-0.042649381814178405,0.05836811358765368,-0.17121358920900662,0.10816580279196275,-0.06398069375373006,-0.15029818648980584,0.13772802314820243,-0.03343315704200196,0.051942972273945114,-0.15133578686740987,-0.19550269342420368,-0.19385849801074873,-0.13531683181887583
0.19482673388618085,0.05264192986553787,-0.17211679176951586,-0.13515671378056854,0.03543780107359233,-0.09245654230462239,0.24002157323301657,0.029498093589173838,-0.016392793848719032,-0.068524466839301107,0.024376553712431078,0.17210280392454405,-0.16221016099321708,-0.5648117781356009,0.02727165745307893,-0.19346773712081905,-0.08791713251471768,-0.03353359576846928,-0.07628402640286716,0.04805782084441891,0.053349600298893934,0.17993074667462336,0.13010936503183315,-0.026090669979421402,-0.15120484926834818,-0.02163776151268795,0.07033989873884036,-0.1828501557147057,-0.16202560584920145,-0.14289423925788927,0.1547086328689464,0.33378772459766254,-0.05444120125863605,-0.018551998954390636,0.058803387068366665,0.04219039978654625,-0.16216385952581527,-0.0621650828829673,0.03746769167482573,-0.08217377731745622,0.08361628422670687,0.053267381014175365,-0.1488792527193511,0.017484729525441615,-0.02834161087012959,-0.20525699042203904,-0.10361303309285341,0.12397052626887392,0.11837197619974474,-0.11227100739882018,-0.17434924266935067,0.031104686934720956,-0.05499169291977155,0.04721748948439,0.09881380283496029,0.286855823566311,-0.06260265950665472,0.017076089801782244
0.013287042340939057,-0.01137842322886578,6.39723081406214e-5,-0.09772334271183826,0.04372469833207216,-0.01064594376902137,-0.04558961601739432,-0.11608712706479449,-0.04337280428827937,-0.09502891173945863,0.0025623790245793087,-0.02823413213830738,0.009989382531052832,0.15337475238938905,-0.011292335009074351,-0.10317531206440318,-0.17967783248159416,0.09603999384667414,-0.1770093583131792,0.04836064277435816,0.1309150331588654,0.05003854847307584,-0.05819954201788939,-0.03786509749338492,1.7900055474162887e-4,-0.09006698987007108,0.05884628911445869,-0.04083181194911407,-0.07666340537104,-0.0032164960414944707,-0.048010724714268,0.005104965965987052,-0.08436352445761891,-0.021048648735582702,-0.22547125341006535,-0.07382493343068525,-0.09453245346081063,-0.06044757082331462,-0.07699616827332104,-0.1511598839506565,-0.2054088435198336,0.1042759269882317,0.06002362618780465,0.23110792962669274,-0.09677861613503087,0.011190915798487197,-0.10264934217246602,-0.146842286069233,0.02603879025863621,0.06622401896179808,-0.09520003702302955,0.10197966328308375,-0.05805775281121178,0.012488754067559112,-0.014108308734316604,-0.017370798004804393,-0.05791732420838988,-0.06651888860492114
0.2237693589950005,-0.15126014961402356,-0.10179073221522834,-0.13728855819431401,-0.08062831761177437,-0.07366999806447512,-0.07276951813283115,-0.0012228596840650374,-0.040732474462249625,-0.05591922870057415,0.0763076647734645,-0.13233845129081126,0.06909630546176773,-0.12890336723817977,-0.06309469563382213,0.225904087651018,0.09927871927904039,0.09931061081328058,-0.06988099588788581,0.041751750299040304,-0.06918576478693622,0.2723299837131252,-0.19615310293187024,-0.05067140289988915,0.0809339587027989,-0.018353630415850367,-0.12819274437846273,0.06846168472882827,-0.003092705415433535,-0.060403907496724855,-0.023827087124747022,0.1174247347182017,0.08035451486763269,-0.04045118846448581,0.0853778029243715,-0.031096902226694756,-0.1285512521995926,-0.05843470518621997,-0.029148552824368144,0.05920641821898211,0.061438250097536805,0.15032410926846068,-0.07810685459200777,-0.12533482739408816,-0.011250506527618859,-0.07446935990801203,-0.11269855014888369,0.02353632382584833,0.07042955064017162,-0.011010641609807918,-0.14736705251901785,-0.10026077413700536,-0.03465521936765667,0.07190118348362483,0.0773299009066755,0.0660015303876956,-0.23911923301048266,-0.11679226174335663
0.04085278289156323,0.007002976509057362,-0.04972731175790045,0.07296646836683797,0.0508696359326008,0.006530274726797805,0.014291420257230588,-0.016672027484555683,-0.0052513934246537055,-0.053915463481487624,0.10327866180454633,0.11911452422045785,0.06825548230580895,-0.08769127601525485,0.026144179841506507,0.08149089193319135,0.04738601464816938,-0.0546724479782547,0.006224551880687551,-0.056707070165691785,0.05097625194754628,0.12111268015580781,-0.08712385727931632,0.051170131601706095,0.13226677377242202,0.0074980903235150505,-0.04930165524340167,-0.08534469662274877,0.045168632848429875,-0.00979776817146201,0.0017936838315988533,0.07045112151292685,0.029872066779943276,0.00876354599428902,-0.042759545930307945,9.214528631509974e-4,-0.10198362326403054,-0.055635351663466066,0.025675514028085218,0.016813081098421227,-0.007504919565091335,0.010919537462343415,-0.08577048318000058,0.027832498463201516,-0.019250431027716005,-0.10123126905245032,-0.01393880771086557,0.008879738678049746,-0.03372276688315305,-0.05868298138553553,0.08590737411962565,-0.15599762421139526,0.05469762475389613,0.09827837101245894,0.11852457722825656,0.08691315524397125,-0.004596046014776787,0.06222236968131184
-0.1407240188863109,0.10310399135993469,-0.019498763732714017,-0.12156612870011638,0.05388998919862597,-0.044624124558329,0.08582051205056503,-0.041107863220899446,-0.027502795099123883,-0.06524389520116577,0.037391107440976346,-0.017143229428056392,-0.04453857614246844,-0.009939134163998992,-0.07305425848752044,-0.09895957029579613,0.0707041239952761,-0.050433306669465924,0.002117167844126582,-0.055962381792770424,0.06192489112177348,-0.06986453708614439,0.04896962302678721,-0.011848471568948558,-0.10802569354807198,-0.027623780410596818,-0.5087691173487903,-0.13357555600362825,0.07154467414712305,-0.08890029960624171,-0.04823060232513529,-0.06666023860652098,-0.011322807231479323,-0.09383503613892197,-0.017487941546674615,0.014738574458318887,-0.07263163009271405,-0.06024912906209415,-0.049802173533654744,-0.07973679481066163,0.06166075991262713,-0.027657634260599258,-0.1416260547650965,0.04074998390192538,-0.025532044525874244,-0.16896266924701522,-0.015088586144781684,0.08142464951997423,-0.08521793441721776,-0.14650189568631877,-0.05913472048089668,-0.2406470155378745,-0.050041078336959435,0.027671387402623947,-0.045623530470476584,0.09452580595284824,-0.03192347743845005,0.14522750567110307
0.2307036735616898,-0.08875049439030752,0.06363356000091373,-0.01648262637872991,-0.05098507959475233,-0.0733685685802357,0.008665610725741433,-0.0061498733554777646,-0.05538933585163613,0.00866473404091277,0.00978833283195754,0.06204621652067809,0.036419341095370636,0.014560221871805567,0.03423953949773346,0.02586695314295201,-0.0779363294845039,0.02525515161536376,-0.030068661714737297,-0.10758993432797244,0.006967582079829985,0.11340591100523871,-0.08214254607908074,-0.04393133326895471,0.09827545695752694,-0.021577243382988526,-0.09883892290651324,0.02468825972027185,-0.04736688680589015,-0.09438821009446167,-0.042210548400381076,-0.018424006120708977,0.01780381167201735,0.04649908276884217,-0.06178193827088852,-2.856970355535598e-4,0.03739631276459776,-0.047417744790550546,-0.14255135974229322,0.017649651128743667,-0.033624483008800825,0.14941673582505466,-0.12329382235688646,-0.03152848866676812,-0.004065310655607016,-0.08911062612120248,-0.11024281561483909,0.03830780323369535,0.0702543510565507,0.06272553887641587,0.30265870444692955,-0.07756564671396324,-0.028109917884160396,0.05370065134936435,0.07015558032559639,-0.024853357935177622,-0.13565141315551668,-0.011815644971804215
-0.020617292639547122,-0.09978468641417006,0.24533438892892137,0.1708865557498006,-0.07596135816418012,-0.09923366501645996,0.028612249667460322,0.037499254047947586,0.054962268509001565,0.05537611611092689,0.025762196491695543,-0.055341103867859946,0.11789350247428279,0.05092788861821488,0.016989245476441883,0.28788857709988636,0.07894669080287205,-0.040889923064666996,0.38156404223193274,-0.14270572545329777,-0.0041061942507844805,-0.12376672652620577,-0.036489950230509105,0.028268072201476147,0.048947149825218514,0.027060639812717134,0.09023805323952322,0.2690530577749209,0.16209835325101424,-0.031223734532493577,0.06053974009869307,0.014990476245747009,0.2212612564385296,0.02028307493888444,0.06213247332686775,0.0839528972342524,0.19484595782128666,0.019192626423354696,-0.12918304197884856,-0.06879350057640801,0.18586305845757006,-0.032519296077630676,0.05409552716934096,-0.040950618729139875,0.04059219663467971,-0.10533002496035636,0.03904355426849719,-0.08602567424532309,0.0915314193205414,-2.862956252752418e-4,0.11816421263459834,0.08089905407261186,0.024201301495777032,-0.10849975573588788,0.07218457848749266,-0.02812029391462775,0.08263149390854788,0.05267240521564294
-0.110670626044479,-0.03012218974901457,-0.1845512742777308,0.15312014687729858,0.05373331889391578,0.05299125336415605,0.07672495786520772,0.009724260986768747,-0.007738348946618453,-0.010766308197180616,0.09382440967579468,-0.16236949852102509,0.07245684244844831,0.07466984596754396,0.13663748404407233,-0.01805295353249524,-0.1651196660943122,-0.06437745943667986,-0.010118601255973138,-0.09590702197125227,0.2721342534361191,0.1357385586266511,0.07560749787306793,0.013269378895119569,0.09911840108521215,0.012939628965736024,1.0439119361460442e-4,-0.03282755892616349,-0.014111101950187856,-0.09099794123463864,1.1171348542963184e-4,0.12029262174541826,-0.011731296388307465,0.3042226696851021,-0.023686108719706552,0.03358138464262578,-0.1421419890532268,0.059701320291047966,0.29254748619611426,-0.09098718337904453,-0.13694466191259777,0.010623920358371104,-0.1499004554279312,0.3010073569922807,-0.06968133656674436,-0.006857953260241328,-0.10366205487975819,-0.004410992066698678,-0.06011140810010136,-0.012699593164294651,-0.16956122340642937,0.019880495337916495,-0.04947249124232574,-0.057848450763751606,0.16925877159433986,0.07911706951158118,0.06533462307780752,-0.0924475820858564
0.06246619803488136,-0.38881909742761545,0.19217634645600817,0.1979308441922419,-0.14430300177262273,-0.19206848197511672,0.010357407764319612,0.010976326943803868,0.012868924339577476,0.0383993664777837,0.03629230102837209,-0.11287751422543635,0.1119431107232132,-0.08898569769886597,-0.010649377393601776,-0.07750146836294683,0.010656875277303092,0.22122180924700016,0.256199638823942,-0.1465533420772089,-0.0026054800896117944,0.09409575339620338,-0.22524662982523144,0.05096967147616384,0.32293697172282154,0.019183727316044664,-0.010115416683123886,0.3620326520455598,0.02718877777051603,0.015089605299728413,-0.002083036482337616,-0.009505592597819173,0.12714215013742672,0.04450242013594164,-0.04285872091325881,0.024452629307007864,0.10155896979698842,-0.04030007150298022,-0.15210484378868083,-0.05259390918463125,0.088324287255129,0.2744999449750345,-0.028735965791835887,-0.055343327465575166,-0.0010633183946293428,-0.0974793716837324,-0.06815076316019393,-0.10668200342841692,0.07412289856934377,-0.064967897222167,0.1219443673685768,0.007558257457475936,0.03926656441273602,-0.0886854468098155,0.012614311404792553,-0.11236188500021417,-0.24655499375486192,-5.634508376399425e-4
0.08617532672438215,0.03629729175296621,0.09110211932720969,-0.17355202412563372,-0.0031255851446602327,-0.032762751509371045,-0.02481269404392572,0.3177721826223552,-0.0785937288455574,-0.06218459045030087,-0.33753108475959387,0.22958611984572758,-0.13104830534914683,-0.15496754296915194,0.07919443463081968,-0.053151391942544916,0.0444705044628704,-0.02496004969650745,-0.0331648242790044,0.21913843539850125,-0.07553816814652921,0.030897367311770268,0.008360544809864324,-0.03602868021836766,-0.12425461074966565,-0.03567265160577389,-0.06446990886260034,-0.010946764710633132,-0.10953878418413644,-0.0028087628847108404,-0.02783669025638613,0.15680193701766953,-0.07927702310605454,-0.010911097618427297,0.01957476991076243,0.004355927144791396,-0.006557439854647976,-0.08509770971965387,0.04495058751435947,0.03406442717489107,0.07954806475919064,-0.07232548017940142,-0.03467200794618834,-0.08475731671280895,-0.0467797674755707,-0.12844047680317988,0.03724606394003221,0.0376996800965048,0.13001194917338652,0.028211745952977468,-0.1245653961168106,0.023020093900962664,-0.01575253492910247,0.0750235595305124,0.06581299669959075,0.15041425607334158,-0.0741064234217765,0.027774439424586173
-0.08231585244626707,0.047318933034991954,0.008133333273720279,0.151264724118434,0.047408828689272355,0.10910629047488837,-0.04347499808246377,-0.0041470531424587275,-0.032795456134249903,-0.03143257441097464,0.08469713361617852,-0.09103479906276615,-0.08658705929744347,0.005335390372964161,0.11351464591180087,0.10138303230345264,-0.14503217833116067,-0.08233276305126548,0.030474186936863105,-0.07064674711289694,0.03083736147288438,-0.05434203504639954,-0.09123791894516912,-0.01956240731242023,0.11239068054750548,0.02950092919562925,-0.024409299492679167,0.03826049081455966,0.026506209420540418,-0.007986939914934564,-0.01919647835506151,-0.14359377429690848,0.042328530580043044,0.03619634416797697,-0.16186770218955235,-0.001440267929470235,-0.04402575579862974,-0.0377054143643783,0.06496765104983347,0.07256313197697226,-0.07942184330876856,-0.09494017256343383,-0.11026961940715965,0.12510857495548333,-0.05527609967086919,0.08785569254165596,-0.06338376280158588,0.05548606639114554,0.06102303819740538,0.07835426181317744,0.0925929980568212,0.02632328338660753,-0.026258221226030116,0.10017314758537002,0.10373934719631049,0.02252365345512322,0.15155719293413752,0.14299566223908494
0.03848896761191667,-0.02531711108090525,-0.1387370238877462,0.21360063901183776,-0.026349699354997463,-0.0663486887052684,0.18955311609428607,0.41733675546830257,0.04285635360968068,-0.020164509338323203,0.12115353112854783,0.006936973019554154,0.07853565429619362,-0.0983132871020945,0.039535850099143635,-0.10010245292589126,0.04599142154841926,-0.16060937314932194,0.17841944473513704,-0.12070305369542016,0.11004314589217304,-0.10116906302100453,-0.03410040867958637,0.0661577847943577,0.20895425955669453,0.06879811884539627,0.007327302666400547,0.06158081779795205,0.15312236469318324,-0.03834871993981105,-0.011191363103878001,0.04025056255344569,0.14530262354143197,0.08778229642918836,0.11310158221119947,0.1602002737492934,-0.10765734319147041,-0.06086872035321445,0.1552006603743995,0.21987919690667043,0.25101212673699125,-0.11387326522080163,-0.04252480947900667,-0.04324771683154162,0.26480212932767555,-0.03577985284206918,0.030998102681207455,0.13320338407521645,-0.0654397898150051,-0.07971549596347634,-0.15939283632953305,-0.027827350048744946,0.030921197249053636,0.029802425878322696,0.19731775717600752,0.09313146190075292,0.05917500372866045,0.05490608552853925
-0.17819439564672054,0.12841059047755154,-0.07475686153578126,-0.11692630385956629,0.033992558025132964,0.17134196550838748,-0.07397039900366191,-0.01034669138165529,-0.010638136702182093,-0.07061529078286315,0.060385504700022345,-0.011030854774035315,-0.011261890279260608,0.1194872306233215,-0.0299528372911566,-0.005217217263766008,-0.15152433911964575,-0.019732469335432767,-0.1280811615478005,0.007290697116666011,-0.050967623925452225,-0.06102957651514038,0.048898598214420406,-0.03611990487514243,-0.08083098399809784,-0.05280778392945535,0.07462128699901323,-0.11348618322478515,-0.024412987610723195,0.021016149079125863,-0.06344343958078594,0.00815884902482515,0.03504761029999435,-0.040614007667533286,-0.02290276114384153,-0.026650709428143956,-0.05343676432424181,-4.2828065739527094e-4,0.07947905341816296,0.11073273774413217,-0.15559290023566308,-0.05804795113953348,0.09782147408520853,0.3702516290303366,5.171334982238105e-4,0.10246133940393665,-0.1159029525466254,-0.0628808446884897,-0.01431364689586649,0.0028234980755399057,-0.11906311240320139,0.08777855029832865,-0.0382291473687049,0.07511023236423961,-0.012200316259272368,0.07706237834820674,0.018248928276318053,0.047908440437435564
0.08249644333374888,0.04532387665152932,-0.05203521636494224,-0.22775689011270703,0.027014175460831652,0.030328026815734554,0.3723888631933479,0.11053575428749311,0.06415299485111554,-0.033940646400204486,-0.06367781665040456,0.03450355616590383,-0.08831152705525123,-0.12245080823001267,0.07794251569777455,0.01920593057527977,-0.11246686842363489,-0.02739732743415707,0.03455065434299082,0.0982070064335412,0.09446443023427821,-0.017732110354472513,0.10118500016293745,-0.043473211812625576,-0.08019300900078394,-0.002046817749773308,-0.003105445975715812,-0.08377841348205207,-0.0218628315939772,-0.3402649629489696,-0.055316040009899065,0.17491720188048976,0.0850498432583647,0.1377360958342864,0.019476427744563558,0.09601736386038763,-0.04166661434892291,-0.04366065665176927,0.21071670085220148,0.10472624535185657,0.1385475773619738,-0.048545295614190326,-0.12356341565148003,0.01660177097492809,0.061573747098325166,7.629211755869796e-4,-0.11015145015321562,0.27885025836804217,-0.051061619712794465,0.033169112925228776,-0.07513499691198432,-0.05107151811346732,-0.0776180636876844,0.07287014169543611,0.27285725015809204,0.22394153238770567,-0.12512476765361116,0.06721572600286578
-0.10845681547824422,0.0805692061063368,-0.005761658241899475,-0.06301389202166982,0.0455992014083894,0.10518320247084509,-0.1041519932227258,-0.0156655817268061,-0.033034413352906536,-0.08000940653955058,0.07629470446896788,-0.02791682672636181,-0.08390680640350595,-0.031528197815767434,-0.011451142692446145,-0.007438155662016895,-0.06460000589145094,0.0977390564898449,-0.07394067471477915,0.2111345668805497,-0.0675620759862891,-0.09832412575225276,-0.034330132603225906,-0.06504866137433815,-0.04342826626179751,-0.03340920155074641,0.012268997941011764,-0.03410027897766817,-0.009108365690606138,0.023230168799629424,-0.04151214431785117,-0.09941544365162772,-0.06670323770055431,-0.07495053640512106,-0.09059444144381425,-0.0559314322303466,-0.007073442188578593,-0.014038907457312807,-0.012216057156435457,0.11891304816667048,-0.11973015951805932,-0.06804527874205527,-0.07169227555681533,0.017222764653229115,-0.05557528701359344,0.2135159424628248,-0.0898496851055051,0.1365086059504721,0.05667655308863709,0.041920322322446774,0.011077629274370022,0.032776079952243097,-0.047564040170599425,0.0735758442198931,0.03477251676898685,0.00861320806499188,0.02524584602128977,0.04792867422736033
0.11837078236266017,0.016317235556437607,0.05098472184408323,0.0011108585556649198,-0.05207096087951975,-0.042253002957222945,-0.024679149276199817,-0.046859112249610806,-0.08529060926664725,-0.04404511797443016,-0.010442799457641592,0.021880165695829325,-0.0339961179893815,0.040848289272840656,0.24202859267527888,-0.21844393329464662,-0.11894504989231765,0.01812300762362202,-0.06497777128429398,0.009787558670543166,-0.009165882916372044,0.028333668306761244,-0.02388142484810291,-0.05303394777324498,0.002916129095429777,-0.06046521893185777,0.029641977686402348,-0.01842795779576486,-0.017028395473199044,0.015282366509212018,-0.0377214138227821,-0.050245897836260794,-0.08121792859352107,0.022361279046180925,-0.12295885284412311,-0.046415325927256015,-0.013969523058971504,-0.07572794088122338,-0.08433191212184384,-0.06476675776193824,-0.06933650353978354,0.018781400254946894,-0.016555968989208896,0.016254019162578178,-0.08765699286257686,-0.047729651635554295,-0.05582406688466842,-0.17607822422592762,0.042630424721410834,-0.06900731334630175,-0.011458713554270231,0.10129776824289294,-0.019326167834836275,0.08173055012414548,0.05553542550844062,-0.05831870050015997,-0.008623200047498456,-0.19936993129447964
0.01032402564517158,-0.12155277531382061,-0.008232107757468353,0.15730600884273327,-0.007444256864892666,0.15507684833741495,0.05431048758685996,-0.04938562576372894,0.007666740141500918,0.18673441199483726,-0.20607827847814408,-0.1180350073832533,-0.12064481978319726,-0.037950830223056904,-0.07200773310883346,-0.1745632841414707,0.2185337888434384,-0.07067361965143042,0.11365074987458658,-0.144090927535897,0.09223305814199954,-0.146871101349599,0.07175382135946383,0.054762827974792004,0.12359535597592727,0.08173182799159585,0.13655981439255496,0.2544139303849157,-0.203259422543342,-0.020445762133414133,0.05834842052159779,0.21282017710391463,-0.04107156595048703,-0.023803299987334714,0.2853971986827471,-0.03831963976150898,0.2787886165077547,0.3147571040285496,0.1642332072580684,-0.10772177786469186,0.11826938718845306,-0.033295321394259725,0.07090449829784651,0.06639893016913821,-0.06400987382629464,0.2050828975296336,0.0821258275284539,-0.18943707646698335,0.038499088411220315,0.18785291609429652,-0.06341582458881075,0.15195851199018287,0.10794347654603681,-0.187989121594951,-0.07496581024498865,-0.01116597284276243,0.15481392474942385,-0.09186884720536682
-0.12722631674484902,0.03856119976253897,-0.1414334391418459,0.0434924398167824,0.05464085728287306,0.03096671345314338,-0.09979643103659105,-0.12711841719718353,-0.08333735718924275,-0.0509712950396679,0.07644247562187748,0.12437444338891632,0.08535327854727479,0.09946084769996515,-0.1373630560123479,0.10996422454389183,0.004204384601877864,-0.06410085717978825,-0.11447510092564513,-0.03987185476654383,-0.13801957884226443,0.04819222547902472,-0.07284577632737667,-0.03174955738974893,-0.011468590743256752,-0.06363154430400968,0.10980150585720824,-0.06747021977382711,0.06939889241780035,-0.016439349013581427,-0.04785391986566256,-0.14426968596058135,-0.065828421625006,-0.12134590450223753,-0.17457094983313623,-0.042929558283783774,-0.19632203813985233,-0.08227419363289834,-0.06593285601146213,-0.029471365888142188,-0.11593007445051567,-0.031303891899509925,0.19242156970169472,0.030523197004662998,-0.07518001939168556,-0.033197575763963094,0.0166538789666969,0.07178713543749872,-0.20556057148867068,-0.22778943883039712,-0.14038792909891135,0.12709657825616047,-0.05478109266414238,0.10497821293246394,0.060339723711599076,0.1351809733431359,0.05386024161875773,0.2552908993252115
-0.0017832081080759986,0.050439018044131714,0.019014783105981866,-8.645460537111817e-4,0.03809130391377714,0.055397637076065764,-0.11347393836176077,-0.05496029830290088,-0.04644746167849226,-0.04314174879426552,-0.14050033498136805,-0.05352701620655234,-0.02861175883120056,-0.03682676755853232,0.07485821306993629,-0.06915999334932685,-0.02845389292958994,-0.06404659421098537,-0.13685659219203739,-0.014539153732979173,-0.21810831069198627,0.11578392018899421,-8.646858708752744e-4,-0.056523570087933545,0.028766113680804426,-0.00956358965183971,0.016627131849754808,-0.020320998995573453,-0.09496232722766451,0.0031861804552283314,-0.022202582846244972,0.054374838715055565,-0.05099781581865253,-0.013510563813589215,-0.08023655514281565,-0.03435396281693976,0.006555839405719068,-0.05458466330885219,-0.005949441061211417,-0.07846506649087219,-0.14069637010529948,-0.024450284416764084,0.0325234045946181,-0.0013909516846364023,-0.07479421943830052,0.0029297831641300564,-0.026564725945166297,-0.08080389566713017,0.009007093879500815,0.16713526235452578,0.21347753010579293,0.01804802062302075,-0.031528588930801515,0.07676310127236255,-0.18286135346237195,-0.06464242216386007,0.02952875244170855,7.063374254445766e-4
0.06809256307914754,-0.06816907231502352,-0.027476599977816863,-0.0794796625817091,0.04801547203308081,0.1462397185415986,0.001169397820359671,0.23944453086695267,-0.03525410141961807,-0.053047785646814415,0.05848711809378989,-0.08254587959250369,-0.011371053570002915,0.026426909703941633,-0.015026199933878976,0.1162344238514185,0.04398061344597774,-0.018617822108670197,-0.035858105568870695,0.06488118300572059,0.05428411145052756,0.0382645696264605,-0.05218790652653048,-0.028045640902827646,0.022752920173153477,-0.04668107587737306,-0.07119649140674854,0.007735356481333234,0.04583799287348681,-0.017056432225338945,-0.020012498614014055,0.24382009396961718,-0.09918352235304788,-0.032284599202902296,0.03253227888448564,0.010888879874661316,-0.05512958107873925,0.002253814402523459,0.050660857000181136,0.05781131908712838,-0.008281695282243618,0.023372416929601642,-0.020324796431478085,0.2613164194038384,-0.06508779177205024,0.10125728511669072,-0.08264349760911856,-0.0790327948049155,0.15169695588914478,0.019893732602803683,-0.10069729191093453,-0.1703239952928139,-0.021330910403756984,0.011571672638336406,0.10159999927347495,0.18700728414181386,-0.1943360917197869,-0.08173742163666345
0.23237171578548466,-0.04876051530267727,0.1512835398091641,-0.0812409040039289,-0.0023983508097718577,0.0333262878421025,-0.004694862421577097,-0.027804616038896262,-0.04907739248363998,-0.09295197674063303,-0.08427355725558934,-0.019114769028620898,-0.09378810068100683,-0.02905436356476314,-0.035475499664751386,-0.004623635028934112,0.055117739330013966,0.22842216577567118,-0.11843505043031864,0.26802644494851924,-0.07354903029686247,0.1620853863211008,-0.12045073961434591,0.024347860987029075,-0.07576173560581882,-0.0561518569108957,-0.10128463590673673,0.06154377573678002,-0.1833134594056265,-0.025447980681958058,-0.04375083205775196,0.19649958176252633,-0.038515053127741034,0.005092392704446447,-0.031683321603330344,0.06572113950514986,0.08804227722983551,-0.06894994851159132,0.0809149771193396,-0.02081926352339449,-0.05592752035016423,0.0755972217027578,-0.004804704428860759,0.21619455402942434,-0.030993424084891273,-0.11742152553467677,0.016490008225164145,-0.10153173419609167,0.1075410785586388,0.07188021904813087,-0.03651946746489593,-0.04913416304676633,-0.024171361597782687,0.10606877899440462,-0.02389959241858936,0.132746206137649,-0.047471011611821094,0.01622879679266351
0.04981400409353692,0.03576937598057688,-0.09787305539675055,-0.08523217015016529,0.14790265158031282,0.02739846331454978,-0.10118631726577926,-0.13951486010726685,-0.07019293370572721,0.1362760788533312,0.060279163737994614,0.07030827786743657,-0.0363220278909643,0.22222275825870724,-0.17694560904668788,-0.07511646237596419,-0.1137239766241963,-0.011599554426514272,-0.14496990558081854,-0.008729281992873287,0.09523055173397595,0.046319775667541974,0.16168471163194342,-0.06188278940847374,-0.09452712334902073,-0.07948548839606694,-0.018608414753668742,-0.12569170618074238,-0.11124738946516115,-0.045539795919090485,-0.03258755654169179,0.09521245353524817,-0.11988414491909845,-0.11375950452062142,0.0607095841425033,-0.08150698673942734,-0.0011659045205456818,0.13083801358541253,-0.09611085801817452,-0.20871104668663765,-0.1818380110968229,0.08256286245221992,-0.15410423707826337,0.12854902940354337,-0.14943005475701865,0.11522341904233833,-0.1030095272521394,-0.13212147742179897,0.017928225878922257,0.13042233139785298,-0.20086598075925016,-0.029197224323491897,-0.04553264826200999,-0.186923860557751,-0.2777644402132677,-0.0878191749958057,0.016643703298726973,-0.28845923648220867
0.11947304872314767,-0.501510933009405,0.06190133761156018,-0.04376226846317063,-0.05834791514897815,-0.21463339298487816,-0.03133944777870361,-0.13462890529915897,0.07500686850821493,0.370194235761991,-0.2730618149567845,-0.18948143107960702,0.3205548168952441,0.17892839644357397,-0.17161159855659874,0.03859778665108015,0.07282653071479694,0.34795683638174024,-0.05564379626528073,-0.14008041777803093,0.014060206246560422,0.32154282144178475,-0.1451036459516961,-0.005413841169019401,0.19975991519241457,-0.015408983961919037,-0.012476446694572152,0.37204324791567023,-0.07045988174937647,0.4135820923948365,-0.02146718344406243,-0.022813589735163436,-0.02930501215002741,-0.08024909553064491,0.029609667574723234,-0.03204806853592943,0.06520026132737859,0.024717314305515957,-0.2783880694826834,-0.1777769444584522,-0.06687148362748531,0.43985620682373294,0.04663269262338987,-0.17773119944768573,-0.01977013673315871,-0.0416642715719121,-0.04721475282620086,-0.2651566854464257,0.029198503238666088,-0.15860944003919863,0.10669864403386123,0.09780772829974002,0.0031867632533032946,-0.25718667131693995,-0.23496863125899747,-0.18876542208568586,-0.32181963454519724,-0.18660973706494186
-0.1258148473934989,0.04616865364937788,0.10294259679455384,0.13780596920912733,-0.060477363585278394,0.09287446896952775,0.1632969854004052,0.022451040576925995,0.09017587143358384,-0.006375964621645129,0.010249999477450072,-0.020106686911469204,0.064853284068057293,0.06629020979764408,0.13311249203036044,0.3479936244664144,0.006297587827298582,-0.02357357990330836,0.24373463007145066,-0.022376756313503634,0.17923641055790576,-0.17957299961969758,0.031045639443980665,0.07733530431748899,-0.03406149099467195,0.4255331303856901,-0.07563580400318422,0.06249473489731422,0.18836551109695643,-0.009996035847672622,0.007084398378093557,-0.02212498866374135,0.03380101965139769,0.20766112065240439,0.015971965200334157,0.23480535452107482,0.051770505169650004,0.025043061196437504,0.09314801210614783,0.05286804530502242,0.10483614124710139,-0.11557199566271151,-0.010382303835451143,0.07853987342542562,0.07009747174746998,0.10025796576855811,-0.023390112352886044,0.03877902952840364,0.09529439334953245,0.05592302214098372,0.08277250889706589,-0.11231294111290636,0.05962375643247161,-0.011691385510710082,0.05627427175317287,0.027173875292605267,0.12997163600464456,0.06881293816546692
-0.12555539308125369,0.004355334705663639,0.08142882370069153,-0.08560145108807717,0.048862671759877324,-0.04095504949638827,-0.13904588762333261,-0.07973271299515981,-0.01150467018354079,0.16944917910706836,0.06774413695746916,-0.03743299371584056,-0.023387794382295216,0.22984412104653953,-0.134304484364233,-0.048138370249002256,-0.11699379546974731,0.0445484858248167,-0.049112721437979116,-5.800891115297344e-4,-0.029359692270200372,0.006185952950255656,0.15610713869049897,-0.07083243089977088,-0.08322324894742504,-0.02148256439518954,0.05858836079814985,-0.06039853010645202,-0.09626605522459233,0.005750363608212419,0.008001068686748934,-0.1331415309006694,-0.0071907851774545475,-0.09041837505512741,0.01457210464555387,-0.07258242397981668,0.14565947013818778,0.19076958577945274,-0.02293367609436884,-0.17131182627035502,-0.11907572481269564,0.0696764440373285,0.05356369118912283,-0.06845615872767817,-0.08238932519247466,0.15692949150822114,0.04559922003857337,-0.1473731159845045,0.02900723354228094,0.04857183608485886,-0.06004547723648295,0.10520099588471583,-0.039598428742334636,-0.24838536205782671,-0.3139870563450901,-0.17469580375928634,-0.04459729341980655,-0.09178148913654759
-0.012225935429101357,0.10102172062316617,0.1075102567800654,-0.01978478932616742,0.1182320167502613,0.1718750325877166,-0.037974210546758105,0.00489118350349371,-0.040249004195107414,-0.09764269554590876,0.011238908406839715,-0.052037149025639697,-0.10894868662265679,0.02866143269618621,-0.028038254939756403,0.07205909168756139,0.06560067477611599,0.06708492606650195,-0.056586972881591056,0.21641895023302918,-0.11889779657425932,-0.07213169076344111,-0.08510992860304895,-0.025029530629172615,-0.05952858410596722,-0.020689861959916307,-0.07304472226272926,-0.034472367875264365,-0.01817817664842259,-0.001232926031112955,-0.048001861993928224,-0.02693973510545145,-0.09116111190159354,-0.06594476248628432,-0.061614312810279306,-0.02144764240887166,0.05045452770291844,-0.048217155557500974,0.05997582860350792,0.08614562221734158,-0.08135376927876113,-0.10600678164895266,-0.010069528812324618,0.08445640954076251,-0.07196440178997493,-0.004679060379480873,-0.016221783676917626,0.01849346275600475,-0.03397300133796116,0.09989355880055667,0.2002673815816059,-0.04236145395313621,-0.04230680922837361,0.1494745565208949,-0.032651782314965426,0.055981028804724296,0.046114034651863485,0.18724684854783458
-0.20390627254156948,0.11270016831371651,0.03284723069065378,-0.03004975649819173,0.1018493134825541,-0.04783257946457827,0.18217428579533534,-0.10683001329299557,0.8195670954306612,0.013363474279838661,-0.08249359530107933,0.33959577595403306,0.044224424461146473,0.1104585851751789,-0.10899917774746774,-0.03211887280976864,0.04881818010891456,-0.1591468432644011,0.15165455703623287,-0.09450976452305822,0.23190547289418217,-0.188796445389638,0.25584620052499,0.001176606328064902,-0.20580729364289627,0.10679687228707098,0.17339332585726808,-0.08611308616644948,0.08347921732458531,-0.07590338455783203,-0.027276978667298068,-0.04095348363749029,-0.02059911465588789,-0.042531416374131395,0.12505682972884263,0.002679854304226932,0.09428740739989791,0.05915110803802711,-0.16412235957768617,-0.1322068741977609,0.08086350989123124,-0.15543728517680244,0.1738913022803616,-0.07872566133451693,0.044694026327400195,0.04218624047747287,0.2836348818569274,-0.04971121092097868,-0.06625295818961745,-0.19610511655610494,0.0609264604273949,0.07356165090159388,-0.045717043162891574,-0.186113197045697,-0.06622202580709323,-0.0220274243081029,0.16724236842394652,-0.1464776116972093
-0.18840482353553917,0.001536857895213005,-0.07791645680380739,-0.06024224443415852,-0.10769056319297476,-0.10675760764211202,-0.09170230609669006,-0.009393244291766464,-0.04912922821681384,-0.09806734308628372,0.19971108371286703,0.23314036891615256,0.24469792301759621,0.036225279692128375,0.021215946781704183,0.10487690947792995,-0.12453602522532484,-0.051380754839308755,-0.13873862580000565,-0.03385952881339408,-0.12802167820594873,0.09898179655778183,-0.09076859008635554,-0.06501569122938176,-0.05159372931242558,-0.06827093162304651,0.11838109745555048,-0.024048069633869098,0.19890258091013346,-0.16019500642723375,-0.04327336459659002,-0.12502943163012806,0.0514016316899406,-0.04379624823080732,-0.11962826995946126,-0.07527330077975145,-0.1298611928719181,-0.10570042362594317,-0.13777732136181475,0.16036830747893815,-0.14051167208318793,0.04532586878594602,0.010328249477002826,-0.12375539042732939,0.05650311394654782,-0.0369814437377924,-0.15919044463427942,0.042237585349927866,0.05870236044523627,-0.05513262127827591,-0.13046442027208036,0.10986431117856008,-0.03724500754032287,0.05704962133073862,0.046414237571969455,-0.13027314933124337,-0.08498666757133944,0.05659585716489066
-0.03737773405740662,0.11479143912759798,0.046345914838580346,0.11815287495334263,0.05497820790462112,0.0589762542699681,0.42528810175605203,0.05823181394269624,0.1725505233671339,0.07345779712953358,0.024380974286036354,0.15701389993891113,-0.05596645751684015,-0.08285094962167842,0.161164018806103,-0.018434554976032615,0.04488522620415936,-0.22142645423632062,0.24290856504262315,-0.11848732237122232,0.18283461778822963,-0.07201576731050498,0.14602237214442995,0.1382545263529849,-0.06308312262524919,0.012734485552148138,0.06584276137032537,-0.08434262353281587,0.02610702624447828,-0.21979285907531165,-0.017919625229546873,0.14152789312108563,0.19892526659686013,0.3207367015532525,0.07006490038953966,0.06172266520983818,0.05224026410991777,0.05605876828388507,-0.00770891684908327,-0.05702419994913034,0.1750693038165581,-0.21305527033957444,0.016050195744860937,0.1217037796112422,0.03861239065365445,0.08187812585498681,-0.014455145786562339,0.17990162173040206,0.004075669083767759,0.14360759089011482,0.03816994116259954,-0.0501528359993504,0.011205189397747579,-0.03266727410178976,0.23521819420442247,0.12152413304141878,0.21266880514916234,0.08539979115266755
-0.08609457952859846,-0.11410804902734052,0.229028055708106,0.21581116583105706,-0.07639285651917364,-0.028997636618919333,-0.026078351617579317,-0.0782424407208361,-0.0086220692618618755,-0.02486274344699337,0.07854222421161101,-0.10923776831094466,0.07920305908751361,0.013046329563723731,-0.11656575265021335,0.0248987034201191,0.11037992405877624,0.04398201773868072,0.06337848507765768,-0.1128034841161475,-0.044441148970493664,0.01921266139605846,-0.09879370845953878,0.014126114845354639,0.12358675033933635,-0.00805857360989386,0.05012265280750282,0.17483778042154538,0.09862215224067557,0.5944665863743417,-0.0177997646670165,-0.06537846347521444,0.084655577714263755,-0.06149231439551375,-0.0392460843473176,-0.04241390959922188,0.1290220159138526,-0.026354179685101207,0.016023678030524468,-0.09426805419370295,0.01996573905583974,0.06930158378353604,0.09391181083668142,-0.06764751499775384,-0.0240577231422457,-0.11425210772576018,-0.021452308421028805,-0.11216637549902843,0.13395648963889284,-0.051884569147087,0.1409214062439162,0.06496267727514357,0.005605204356610139,-0.03633856455869492,-0.05984084750283449,-0.07314179198027874,0.058008897119213275,0.11366265823313461
0.13328047905941814,0.021754216314807107,-0.2611629598690444,-0.08731648524246038,-0.7664433284899554,-0.344858855055147,0.050938566826760755,0.31275576574761477,-0.0473888820326707,-0.15677169439992852,0.04451159887684641,0.016272116838615677,0.12222262187139908,0.03649953652116522,0.0568100494927616,0.00849962527355297,-0.13007960544981642,0.06809329728293706,-0.013125320554128288,0.06745559905453392,-0.01886612302384191,-0.18416033569983786,0.17752038342423487,-0.06561335342675269,-0.03852844527336893,-0.03632423840267109,0.14397563509398476,-0.06194439768435914,0.004715887644881904,0.14865072210209324,-0.05410292006771643,-0.09113378373092142,0.11102594089272211,0.14657927118177339,0.1821334969567074,-0.0328372395024943,-0.20368831181641842,-0.10958496559246249,0.07335621634359936,0.168732030280358,0.21768513743469042,0.04605741426161408,-0.16480286565565536,-0.20990408235249788,0.47589886384497776,-0.2144980646850642,-0.04887787483110017,0.20989828594126858,-0.27625582059113524,-0.3158878821976369,-0.12486254290116608,-0.2241468506456106,-0.030891054996044637,-0.04733887521093708,-0.058147756029830765,-0.12501451621799872,-0.07503553550427022,-0.1737073122420971
