Gene_Name,ENSEMBL_ID,TCGA-LN-A4A6-01A-11R-A260-31,TCGA-IG-A3Y9-01A-12R-A24K-31,TCGA-LN-A49R-01A-11R-A24K-31,TCGA-LN-A49L-01A-11R-A24K-31,TCGA-L5-A4OE-01A-11R-A260-31,TCGA-LN-A5U6-01A-11R-A28J-31,TCGA-Z6-AAPN-01A-11R-A406-31,TCGA-LN-A49K-01A-11R-A24K-31,TCGA-IG-A3YA-01A-11R-A24K-31,TCGA-VR-AA7D-01A-11R-A406-31,TCGA-LN-A49P-01A-11R-A24K-31,TCGA-2H-A9GN-01A-11R-A37I-31,TCGA-Z6-A8JD-01A-11R-A36D-31,TCGA-LN-A49N-01A-11R-A24K-31,TCGA-VR-AA7B-01A-31R-A406-31,TCGA-LN-A4MR-01A-11R-A28J-31,TCGA-L5-A43H-01A-11R-A24K-31,TCGA-LN-A49S-01A-11R-A24K-31,TCGA-L5-A4OQ-01A-11R-A260-31,TCGA-IG-A51D-01A-11R-A36D-31,TCGA-LN-A49M-01A-21R-A260-31,TCGA-IG-A3QL-01A-11R-A24K-31,TCGA-LN-A49V-01A-11R-A24K-31,TCGA-Q9-A6FU-01A-11R-A31P-31,TCGA-L5-A4OF-01A-11R-A260-31,TCGA-VR-A8EW-01A-11R-A36D-31,TCGA-L5-A8NI-01A-11R-A37I-31,TCGA-VR-A8EZ-01A-11R-A36D-31,TCGA-ZR-A9CJ-01B-11R-A38D-31,TCGA-LN-A5U5-01A-21R-A28J-31,TCGA-IG-A8O2-01A-11R-A36D-31,TCGA-LN-A9FP-01A-31R-A38D-31,TCGA-LN-A9FQ-01A-31R-A38D-31,TCGA-LN-A4A2-01A-31R-A260-31,TCGA-IG-A50L-01A-11R-A260-31,TCGA-S8-A6BW-01A-11R-A31P-31,TCGA-IG-A6QS-01A-12R-A336-31,TCGA-LN-A4A4-01A-11R-A260-31,TCGA-IG-A3I8-01A-11R-A24K-31,TCGA-IG-A5B8-01A-11R-A28J-31,TCGA-JY-A6FA-01A-11R-A336-31,TCGA-IG-A625-01A-11R-A31P-31,TCGA-LN-A8I0-01A-11R-A36D-31,TCGA-L5-A88V-01A-11R-A354-31,TCGA-L5-A88Z-01A-11R-A36D-31,TCGA-LN-A4A8-01A-32R-A260-31,TCGA-L5-A4OT-01A-11R-A28J-31,TCGA-LN-A8HZ-01A-11R-A36D-31,TCGA-L5-A8NL-01A-12R-A37I-31,TCGA-Z6-A9VB-01A-21R-A37I-31,TCGA-IG-A97I-01A-11R-A38D-31,TCGA-XP-A8T6-01A-11R-A36D-31,TCGA-IG-A3YB-01A-11R-A36D-31,TCGA-LN-A4A1-01A-21R-A260-31,TCGA-LN-A7HX-01A-11R-A336-31,TCGA-Q9-A6FW-01A-31R-A31P-31,TCGA-L5-A88T-01A-11R-A354-31,TCGA-LN-A49O-01A-11R-A24K-31,TCGA-VR-A8ET-01A-11R-A406-31,TCGA-VR-A8EY-01A-11R-A36D-31,TCGA-LN-A49X-01A-31R-A260-31,TCGA-VR-A8EP-01A-31R-A406-31,TCGA-R6-A8W5-01B-11R-A37I-31,TCGA-VR-AA4G-01A-11R-A37I-31,TCGA-LN-A9FO-01A-11R-A38D-31,TCGA-V5-A7RC-01B-11R-A406-31,TCGA-L5-A4OG-01A-11R-A260-31,TCGA-R6-A6Y2-01B-11R-A336-31,TCGA-R6-A6DQ-01B-11R-A31P-31,TCGA-LN-A7HV-01A-21R-A354-31,TCGA-LN-A9FR-01A-11R-A38D-31,TCGA-L5-A8NK-01A-21R-A37I-31,TCGA-LN-A49W-01A-11R-A260-31,TCGA-VR-A8EU-01A-11R-A36D-31,TCGA-IG-A5S3-01A-11R-A28J-31,TCGA-L5-A4OX-01A-21R-A28J-31,TCGA-JY-A93F-01A-21R-A37I-31,TCGA-LN-A49U-01A-31R-A260-31,TCGA-LN-A7HZ-01A-31R-A354-31,TCGA-L5-A4OO-01A-11R-A260-31,TCGA-VR-A8ER-01A-11R-A36D-31,TCGA-LN-A4A5-01A-21R-A260-31,TCGA-L5-A43J-01A-12R-A24K-31,TCGA-R6-A6Y0-01B-11R-A336-31,TCGA-JY-A6FD-01A-11R-A336-31,TCGA-L5-A4OS-01A-11R-A28J-31,TCGA-2H-A9GM-01A-11R-A37I-31,TCGA-2H-A9GO-01A-11R-A37I-31,TCGA-VR-AA7I-01A-11R-A406-31,TCGA-L5-A88W-01A-11R-A354-31,TCGA-L5-A8NW-01A-11R-A37I-31,TCGA-JY-A6FG-01A-11R-A336-31,TCGA-L7-A56G-01A-21R-A260-31,TCGA-L5-A4OM-01A-11R-A260-31,TCGA-V5-A7RB-01A-11R-A354-31,TCGA-X8-AAAR-01A-11R-A406-31,TCGA-L5-A4OR-01A-11R-A260-31,TCGA-IG-A4P3-01A-11R-A260-31,TCGA-L5-A4OP-01A-11R-A260-31,TCGA-IC-A6RF-01A-13R-A336-31,TCGA-L5-A4OW-01A-11R-A28J-31,TCGA-IG-A3YC-01A-11R-A24K-31,TCGA-LN-A8I1-01A-11R-A36D-31,TCGA-L5-A8NR-01A-11R-A37I-31,TCGA-2H-A9GL-01A-12R-A37I-31,TCGA-LN-A7HY-01A-12R-A354-31,TCGA-LN-A49Y-01A-11R-A260-31,TCGA-IG-A97H-01A-11R-A38D-31,TCGA-LN-A4A3-01A-11R-A260-31,TCGA-L5-A4OH-01A-11R-A260-31,TCGA-L5-A4ON-01A-11R-A260-31,TCGA-LN-A5U7-01A-11R-A31P-31,TCGA-2H-A9GF-01A-11R-A37I-31,TCGA-JY-A6F8-01A-11R-A336-31,TCGA-KH-A6WC-01A-11R-A336-31,TCGA-XP-A8T8-01A-11R-A36D-31,TCGA-L5-A8NN-01A-11R-A37I-31,TCGA-LN-A4MQ-01A-11R-A28J-31,TCGA-JY-A6FB-01A-11R-A336-31,TCGA-M9-A5M8-01A-11R-A28J-31,TCGA-L5-A893-01A-11R-A36D-31,TCGA-LN-A7HW-01A-22R-A354-31,TCGA-L5-A8NT-01A-11R-A37I-31,TCGA-2H-A9GQ-01A-11R-A37I-31,TCGA-L5-A43M-01A-11R-A24K-31,TCGA-R6-A8W8-01B-11R-A37I-31,TCGA-LN-A4A9-01A-11R-A28J-31,TCGA-R6-A6KZ-01A-11R-A31P-31,TCGA-L5-A8NG-01A-11R-A37I-31,TCGA-JY-A6FE-01A-11R-A336-31,TCGA-V5-AASV-01A-11R-A38D-31,TCGA-JY-A6FH-01A-11R-A336-31,TCGA-R6-A6L4-01A-11R-A31P-31,TCGA-VR-AA4D-01A-11R-A37I-31,TCGA-JY-A93E-01A-11R-A37I-31,TCGA-L7-A6VZ-01A-12R-A336-31,TCGA-R6-A8WC-01A-11R-A37I-31,TCGA-R6-A6DN-01B-11R-A31P-31,TCGA-JY-A93C-01A-11R-A38D-31,TCGA-JY-A93D-01A-11R-A38D-31,TCGA-VR-A8EX-01A-11R-A36D-31,TCGA-V5-A7RE-01A-11R-A354-31,TCGA-R6-A8WG-01A-11R-A37I-31,TCGA-L5-A4OU-01A-11R-A28J-31,TCGA-VR-A8Q7-01A-11R-A37I-31,TCGA-L5-A8NF-01A-11R-A37I-31,TCGA-L5-A88S-01A-11R-A36D-31,TCGA-2H-A9GH-01A-11R-A37I-31,TCGA-S8-A6BV-01A-21R-A31P-31,TCGA-2H-A9GR-01A-12R-A37I-31,TCGA-L5-A8NE-01A-11R-A37I-31,TCGA-IC-A6RE-01A-11R-A336-31,TCGA-JY-A938-01A-11R-A37I-31,TCGA-L5-A8NM-01A-11R-A37I-31,TCGA-L5-A8NV-01A-11R-A37I-31,TCGA-V5-AASX-01A-11R-A38D-31,TCGA-VR-A8EO-01A-11R-A36D-31,TCGA-R6-A6XQ-01B-11R-A336-31,TCGA-V5-AASW-01A-11R-A406-31,TCGA-L5-A8NH-01A-11R-A37I-31,TCGA-L5-A43I-01A-11R-A24K-31,TCGA-Z6-A8JE-01A-11R-A37I-31,TCGA-JY-A939-01A-12R-A37I-31,TCGA-L5-A891-01A-11R-A36D-31,TCGA-2H-A9GK-01A-11R-A37I-31,TCGA-L5-A8NU-01A-11R-A36D-31,TCGA-L5-A4OJ-01A-11R-A260-31,TCGA-2H-A9GI-01A-11R-A37I-31,TCGA-R6-A6XG-01B-11R-A336-31,TCGA-RE-A7BO-01A-11R-A336-31,TCGA-2H-A9GG-01A-11R-A37I-31,TCGA-L5-A43E-01A-11R-A24K-31,TCGA-2H-A9GJ-01A-11R-A37I-31,TCGA-L5-A43C-01A-11R-A24K-31,TCGA-IG-A4QS-01A-11R-A260-31,TCGA-IG-A4QT-01A-21R-A260-31,TCGA-VR-A8EQ-01A-11R-A36D-31,TCGA-L5-A8NJ-01A-11R-A36D-31,TCGA-IG-A7DP-01A-31R-A336-31,TCGA-L5-A88Y-01A-11R-A354-31,TCGA-L5-A4OI-01A-11R-A36D-31,TCGA-R6-A6L6-01B-11R-A336-31,TCGA-L5-A8NS-01A-12R-A37I-31,TCGA-L5-A8NQ-01A-11R-A36D-31
HSPD1,ENSG00000144381.18,15.818357487792012,13.890074236180304,15.089740116602252,15.746304367701304,16.734339162408055,15.59032388844392,15.145016641756342,14.738831155944396,14.589182967039351,15.609813587455145,15.302567529748647,17.35571241324483,14.932076308621692,14.94585529694724,15.665557989846414,14.881305185414046,14.331686744746987,14.637190894068558,16.219338710918407,15.092426815780255,14.774787059601174,14.836395597706632,15.854649274840607,14.981968569293546,15.642051692927977,15.404043863370445,16.37595576222387,15.448632567730552,14.992230264965889,15.764016291702724,15.067518392270125,14.068442416025826,14.993292241488547,15.5294610573555,14.932307040152706,14.790603043577722,14.70444405037036,14.312386659961073,15.06701412975507,14.200285605224298,15.108565293356031,15.188588845707349,14.469387440964345,14.970060940540021,14.345959596404112,15.28000950129307,16.52040383165235,14.87507737048591,15.307876736157672,15.489032577267295,14.31628153174622,13.863121532158395,14.87209768680786,15.140670030415102,14.52613240562841,14.855209152450335,13.405008465206691,15.408959919656125,14.203424479697471,14.562182787776822,14.806096443078234,15.87721222707411,16.1430443449553,14.719495778353325,15.486929271209169,14.903034503044154,15.985019159954907,14.632597674446187,15.57990515345134,13.603742238069026,15.058879600166016,14.031701202740303,15.026134360355442,15.245329867530941,15.280227047668083,15.998744668587275,14.413892328372642,15.081608262098328,14.670932812915106,14.776792838816464,15.335913683372464,14.180841565566661,14.716122804906792,13.483059977871669,13.194449079479025,15.099840899000721,15.279356665273685,15.603162679534382,13.69522829149575,14.738831155944396,14.010090965307771,13.812678711365562,14.845637057215333,14.694575537525989,15.123070580079807,14.502956083262315,15.651023653456217,13.985130373466898,15.326008077730995,13.939487390170507,15.094984859534922,13.937005926516589,13.931937851988478,14.753216749178955,15.448890629629261,14.186191635268218,13.014717929860009,14.963031522679753,14.757129533976238,16.139771161193842,15.279175269495482,15.175315631699174,14.697944925147654,15.885434231966657,12.758639637024576,14.433585441150495,15.32129395869645,13.799079209029006,14.812127155343559,15.572108060062327,13.569736960767997,14.450953464712992,14.480474671702154,14.44171222319558,14.530772085621978,14.500281718400256,12.838613044196972,15.594674503689905,14.321857649073687,14.371164049420933,14.781206009132495,14.59128857924609,14.550145537180796,15.881257381605467,14.607503704175983,15.170746615204601,15.283847999399196,15.502769660454025,15.13326264607365,14.313237347445337,13.368642867222434,15.931222280958094,15.21503998459867,14.890739269630966,15.162666686020389,15.30063855399372,13.326429487122303,14.760512051357347,13.945260927339202,14.711236767793784,14.196755792715027,14.297632789142513,14.950783692200732,15.627049332983116,14.345821028950624,14.78202557672614,15.96785666961329,14.149588363516528,15.250668520019875,15.248224089668474,15.255766257128808,14.179909090014934,14.552248810548475,15.093376296777127,14.59175607602299,13.375039431346925,15.072383864515764,14.856960409416631,15.38437904812963,15.267445088388126,13.627989784315703,15.111054141312593,15.080859156019764,14.18835703160853,15.249002312311216,14.072383864515764,14.404010589732268,14.027992362222333,12.817982927195652,13.416929443213602,14.442295588602517,13.33706433868474,13.349004718027743,11.729195859132094
HSPE1,ENSG00000115541.11,12.663335723478353,11.389631339260522,13.770560662617914,12.330076554797458,13.000528233986822,12.244066464194818,12.032045726930809,11.27786854617684,11.449148645375436,12.139551352398794,12.183325224524612,13.275542556086723,11.442425193331607,11.152284842306582,11.961449694398196,12.63390340934852,11.367414751246828,11.640244936222345,12.829722735086058,11.595257481449035,11.679480099505446,12.291746280833939,12.632995197142957,11.591989767615125,11.934059394900794,12.175237650291036,13.005624549193879,13.011227255423254,11.997179480937621,12.378023850925485,11.939579214314692,10.761551232444479,11.307770031890703,11.932214751968385,11.699572453287269,11.366868586167094,12.349004718027743,10.78053976747196,11.437752072323603,11.265615046484458,11.758639637024576,11.968306794430799,12.543273538449803,11.683433292835403,11.273212809854334,12.059344460824425,12.30720080914081,11.591989767615125,12.15386865522324,11.950920352030098,11.171176797651771,10.80332391904149,11.072802534544207,11.687375683437468,11.141468555393084,11.768597882194374,10.163649676015824,11.756556322524087,11.241387363998937,10.877284133523196,10.722807531169547,11.543031820255237,11.696967526234287,11.969386521342283,12.156715144224702,10.932214751968385,11.97906787148051,11.02167404285837,12.539885792751477,10.926295994781112,11.522091068887065,10.879583249612784,11.545447181678094,11.653740778706569,11.573647187493322,12.648132845652658,11.541580659991169,11.682994583681683,12.055960234452295,11.664447284547972,11.60733031374961,9.967226258835993,11.091435386323607,9.88264304936184,9.722807531169547,11.62662165235837,11.792790294301064,12.266493756312183,10.599912842187127,11.097373768990222,10.8193807908646,10.648357582009666,10.973697366305352,10.93737382019215,11.169298695792845,11.754887502163468,12.463779785335385,10.650154213675094,12.372865060112588,10.335390354693924,11.844313461203296,11.028596777067108,11.88340698638837,11.798471801101618,12.037546953962178,11.729620743553038,11.109177703355275,12.461479447286155,11.230620933129867,11.908017261062803,11.880348808156027,11.41256984680521,10.806549621985962,12.853894313247615,9.355351096424812,11.263269200372662,11.700439718141093,10.298062567719017,11.57790083688697,12.348174867535556,10.383704292474052,11.036173612553485,10.826548487290914,11.532842910961282,11.536247215688128,10.955649907528374,10.651051691178928,12.18239435340453,10.31741261376487,11.52845411076479,11.704768239362599,11.079484783826816,11.784225860426252,13.088622630607802,11.241387363998937,11.769424641552753,11.489847960439297,12.157031074378354,11.556506054671928,11.199672344836364,10.642954223480332,13.645095473397044,11.256208688527387,11.962534563511271,11.698270577692032,11.4578938373147,10.544964432789238,11.522581531254831,10.679480099505446,11.409921241249679,10.689997971419446,10.72451385311995,10.794415866350105,11.922212717785449,11.34318571544788,11.310612781659529,12.674192268145683,11.194756854422248,11.956013078088098,11.510764167917891,12.109830654278793,11.122180901259753,10.571752643503546,11.700006150882865,11.420486612825774,10.605479518061669,11.71338651493703,11.98370619265935,12.38586240064146,12.084144010615145,10.703038388986418,11.772314573921653,11.124121311829187,10.800090987624994,12.77066389291676,10.63026712502677,11.200898605038445,11.128638812852598,9.867278739709661,10.350939181546432,10.984418458801137,10.404077136241234,9.991521846075695,8.744833837499545
CCT6A,ENSG00000146731.11,15.398944052335834,15.119792232221112,14.230470832204706,13.673309075561695,14.726058466125775,14.639905917294481,14.92300243382903,14.46601271418369,13.831010280946519,14.593449483061192,13.610217437068332,15.244809776613183,13.787800555287674,13.903975964211009,13.52221370011166,14.66328012293722,13.852919585123995,14.234592927907459,14.793603309279407,14.29748950116098,14.38720958071964,14.663780450683134,15.31938987600021,15.63693609848772,15.312102985961065,13.918397416005206,14.544722997755473,14.10476253798197,14.341379828588275,14.354249381945241,13.378159359782101,16.814231962987893,14.172193082910496,14.939854651686113,15.842104765759737,14.29899331564994,13.72398084426884,14.850968150982439,14.347067657165871,13.99028127536032,13.952286238812045,13.721953612801386,13.385458001187969,14.564744931424244,13.47104008559425,14.296414387435922,14.3607099393494,14.514590783745719,13.900300786248167,13.955195815729942,13.88140078827952,13.429014367174707,12.078484417411449,14.336715752160492,13.886744462772262,13.762589665542569,13.294189943620655,14.702010308088644,14.901762555138811,15.962783064493694,14.595257481449035,14.160344170684699,14.611601206696493,13.893301530860564,13.741361645592741,13.886744462772262,14.545447181678094,14.231296194102123,14.379378367071261,13.822072851917614,14.549243194792856,13.565459136904616,14.14410055636354,13.431105798242637,14.049933611508951,14.32030697026016,13.50432244829189,14.951512395081211,13.770973539501577,13.480916393533324,13.335390354693924,13.058668250340572,14.471230653594116,13.106562940444883,14.029287226968245,14.592573831037898,14.607503704175983,14.908298790001327,14.290522895515831,13.843234077004007,13.478769619475763,13.392183237312366,13.961720988166674,13.704335971182319,15.017330404240013,13.76487159073609,15.367244096869253,13.288721912782648,14.179053790981568,13.888553007579214,14.506059588827949,13.757598355823912,13.022541203454827,13.791468166998948,14.585901449690772,13.01489224207443,16.22328527546984,13.882834071545622,14.761447348013048,15.074977662301151,14.241387363998937,14.265248759372303,14.820777301419087,14.590996316813534,12.733439082899434,13.942056259602488,14.380461065088973,13.721312842175312,14.312032058744862,14.091022089549105,13.217048913556338,13.95392359779839,13.606058146810808,14.002639237959455,13.237060543838012,16.654370309213956,12.339293300180094,14.532599438672984,13.61275333504465,14.429995103004247,14.000792278469312,13.814682593958569,13.616663703461459,14.259081190132111,13.289730740083755,14.182782289366664,14.534242079797751,14.787290426559581,14.01262453886506,12.719816603018126,13.590002181442724,13.875173386927388,14.109667444250803,13.302781701267097,15.039176100715009,13.43514933836693,12.245552706255681,13.615974408158863,13.1226662486288,14.015153670912852,14.28850564369429,13.452241240430817,13.830317129810208,13.805743872151618,13.401679525982452,13.816183681432342,14.818981539432443,13.335669486946104,14.199672344836364,14.037546953962178,14.656927573675185,13.42639580752872,13.42455998374233,14.529979513263566,13.155292601751954,12.325305455089682,15.376091465461208,13.619417596048342,13.810571634741146,13.833285435584482,13.31160642220515,14.378159359782101,13.773860373963345,13.233020426474496,13.504818987632841,12.731955373771934,13.17648484729189,13.64092273517345,11.940313597145968,13.194756854422248,13.086136225027309,12.460199895059583,12.26795708440284,11.474212937193943
HSPA9,ENSG00000113013.16,15.38626668677018,14.416731565278779,14.63753055152531,15.001232245244363,14.323265912195794,14.960182981831874,14.458855142710343,14.6262794165506,14.406670058739001,15.156873117949567,15.006720538915586,14.524051918717824,14.266566957978531,14.038318884385042,14.840974569821883,13.51298730941902,14.610448157529545,14.463652084955493,15.615169813843602,14.559616085812724,14.593040911589412,14.143861481867859,14.95328706787812,14.109667444250803,15.267627964966968,14.126623819032357,14.41131236544125,14.605653131055428,14.567005370247033,14.920073669146017,14.018634869539612,13.698379112207101,14.050868963290736,14.28410112599707,14.36932470240734,14.277795915721926,14.124929046602478,14.259449046285685,13.742204156772763,14.075061255605394,15.040889006871572,15.05418033258104,13.271171191139773,14.21348398616622,14.828830683574143,14.130007402877114,14.309973651164077,14.18262712749935,14.615169813843602,13.898979204622513,14.411113715521363,13.7668394438555,14.261580764309675,14.562957869334118,14.123798091251855,14.001232245244363,13.672093802261685,14.683926681222708,14.756191432984584,14.923977368971237,14.464673371638892,14.431105798242637,15.136190104319445,14.34699842829564,13.927037168720295,14.711989543725755,15.131374695840508,14.031356596255709,14.433194201814974,13.200438879597975,13.859534786382653,13.718746909901064,14.001935913123642,14.163335192081961,14.328674927327947,15.14410055636354,13.900772486445565,13.788412471757002,14.029804847630697,13.874309008818916,14.530223428060358,13.508042334429005,13.726537492725074,13.984418458801137,14.048486873992337,14.314016703901357,14.07840102222423,14.735027079802625,13.295481973695367,14.565637633043524,13.841859146295961,13.65664831174735,14.145374951668304,13.628673364068312,14.404409822750466,13.208691606785079,14.37170859108001,13.905387005018131,13.847155245527528,14.152205606000596,14.00378141003163,13.514590783745719,14.063816367622614,13.946083835455946,14.066930068864098,12.796648041413844,13.803424831505483,13.718746909901064,14.184332990908866,14.455840909126398,14.393457495618803,14.450051337274045,14.583259096570504,14.912421581778862,13.30049556424774,14.699138625275914,14.65390868036994,13.334831928118,13.957555533861902,13.997091250803301,13.733227217851562,13.812478169936146,13.272046524389937,14.118454470310365,14.838563804618104,13.746829194016122,12.579080183834757,14.031184262140842,14.110972607782893,13.638209626633582,13.873251842902127,13.49760238678349,12.890074236180304,14.01854794187165,13.174925682500678,14.471675214392045,14.590411614268087,14.340058711028336,14.467032331729298,13.44643717584693,13.405673332281866,14.308339030139408,13.702930204438289,13.544964432789238,13.907078434296485,14.709730036543629,12.898979204622513,14.363176553811963,13.129121992887555,13.681897226786235,15.222304363531867,13.46326891598129,14.4697689885597,14.728345714710978,13.553389304721618,13.689015171898564,13.35672705746463,13.11683127589871,14.203500952361395,13.982280604558284,14.792485295524504,14.211508107693488,13.742204156772763,14.157899525738465,13.93304513317431,13.160816849673546,13.70336289396418,13.889694079382085,14.200592137689254,14.52613240562841,13.039947160169094,13.79207853016172,14.699138625275914,13.52515372668584,13.21416731409353,13.239150973780701,13.443461612227393,13.93682194449238,12.9264813239664,12.750078862693849,14.171724117132971,13.07129475348982,12.676177476832603,11.890644283619089
DNLZ,ENSG00000213221.5,1.584962500721156,4,5.044394119358453,5.459431618637297,2.321928094887362,4.169925001442312,4.247927513443585,3.4594316186372973,2.807354922057604,5.392317422778761,3,3,3.9068905956085187,2.807354922057604,3.700439718141092,3.321928094887362,4.087462841250339,2.807354922057604,3,2,5.392317422778761,3.807354922057604,5.614709844115208,2,3.807354922057604,3,3.9068905956085187,3.4594316186372973,4.459431618637297,3.321928094887362,2,2.584962500721156,3.700439718141092,3.807354922057604,3.584962500721156,1.584962500721156,4.459431618637297,3.584962500721156,4.247927513443585,2.807354922057604,3.700439718141092,3.169925001442312,4,3.807354922057604,3.807354922057604,4.087462841250339,2.584962500721156,2,4.321928094887363,3.321928094887362,4.087462841250339,3.169925001442312,3,3.584962500721156,2,1,2.321928094887362,4.459431618637297,2.584962500721156,4,2.321928094887362,2.584962500721156,3.584962500721156,3.700439718141092,3.584962500721156,3.4594316186372973,2.584962500721156,3,2.584962500721156,2.584962500721156,2,2.321928094887362,1.584962500721156,4.754887502163468,2.584962500721156,4.807354922057604,3.321928094887362,4.247927513443585,3.584962500721156,4.459431618637297,2.807354922057604,2.321928094887362,3.584962500721156,3.9068905956085187,3.321928094887362,3.584962500721156,4.087462841250339,3.584962500721156,3.807354922057604,2.584962500721156,3.169925001442312,1,1,3,2.807354922057604,4.584962500721156,3.321928094887362,2.584962500721156,3.700439718141092,3.4594316186372973,4,2,3.169925001442312,3,4.459431618637297,3.9068905956085187,1.584962500721156,2,2,3.4594316186372973,1.584962500721156,4.087462841250339,4.700439718141092,2,2.321928094887362,3.584962500721156,3.169925001442312,3,2.321928094887362,2.584962500721156,3.321928094887362,2.321928094887362,3.321928094887362,4.321928094887363,3.321928094887362,2.584962500721156,5.643856189774724,3.4594316186372973,4,3.169925001442312,3.700439718141092,3.807354922057604,2,2.584962500721156,2.807354922057604,2.584962500721156,3.169925001442312,2.807354922057604,3,3.700439718141092,1.584962500721156,2,3,4,3.807354922057604,3.4594316186372973,0,3.807354922057604,3.4594316186372973,2.321928094887362,5.459431618637297,2.584962500721156,3.584962500721156,3.321928094887362,2.584962500721156,2.321928094887362,3.700439718141092,2,2.807354922057604,3.4594316186372973,2.584962500721156,2.321928094887362,2.321928094887362,2.584962500721156,2.584962500721156,3.321928094887362,3,3.4594316186372973,0,2.321928094887362,4.247927513443585,1.584962500721156,2.807354922057604,3.584962500721156,0,3.321928094887362,3.169925001442312,3.321928094887362,3.584962500721156,2,2.321928094887362,2.321928094887362,2,1
GRPEL1,ENSG00000109519.13,11.31628153174622,11.46454575033394,11.690434556395054,11.409390936137703,10.911391987843459,10.319672120946995,12.829326335841666,11.157978449945432,10.238404739325079,12.238703279427725,11.660441650209172,11.448632567730552,11.391243589427443,10.759888183221834,10.641148597411233,10.750706986224948,11.24852060493843,11.43149760425805,12.256503567433041,11.610102062999664,10.753216749178955,11.476239906323851,11.600377553107844,10.43879185257826,11.556026992724677,10.52943055414615,12.105908508571158,11.43879185257826,11.968306794430799,11.957102041562287,11.096056239180946,10.43149760425805,11.183015000882756,11.274378153246364,11.129283016944967,11.027214885159834,10.944712061043486,10.661778097771988,11.214926187942435,11.746514321138463,11.086136225027309,11.296916206879288,10.975847968006784,11.41679752760606,11.253847484987404,10.227615943414223,10.704768239362599,11.250890535723341,11.180530807344482,10.892542816648552,10.352043425795433,10.997179480937621,11.12347479824414,11.074141462752506,10.82097669262124,11.124121311829187,10.871135184243045,11.66622400280318,11.79644525906185,11.859534786382653,10.656424863277781,10.674192268145683,12.098361127332096,10.434628227636725,10.454299293619899,10.905387005018131,11.654188473059545,11.200285605224298,12.09077405464075,11.544481522310791,10.651051691178928,10.60177078840771,11.031356596255709,10.7431513941125,11.378836713210614,11.005624549193879,11.516192477879367,10.443979542601253,10.881878707600446,11.322491537597468,10.570804437724497,10.579315937580015,11.51717725268954,11.225809940623543,11.184255495405349,11.707359132080883,10.839991070539886,11.522091068887065,10.470658874060552,11.994353436858859,10.535275376620802,10.279610581052484,11.272046524389937,9.948367231584678,11.655977862486942,10.959277505720502,11.757806672197228,10.7657004876511,11.901244032467376,11.691307330191115,10.794415866350105,10.605479518061669,10.456354415108288,11.072802534544207,10.367414751246828,10.247927513443585,10.14338321398982,11.403544678202014,11.002815015607053,12.34485068394299,11.804534402995225,10.672425341971495,9.766528908598865,12.949097155729207,10.52845411076479,10.923327485419192,10.406205005418855,10.614709844115207,10.977995368612962,11.72451385311995,10.741466986401146,10.24198314969433,10.352043425795433,10.639340708652231,11.306631361712501,10.622051819456376,10.016808287686555,10.731319031025064,9.840777923595054,10.131856960608793,10.78053976747196,11.813380386924727,10.603626344986193,10.974414589805527,10.357552004618084,11.923327485419192,11.373408960228696,11.617008227651965,11.070791809423062,10.378294855911891,10.929258408636972,11.082814337672273,10.037546953962178,11.10000522442272,11.635718120331047,11.215532999745657,10.221587121264806,10.911391987843459,11.082814337672273,11.378294855911891,11.691743519171276,10.72451385311995,11.571278618514595,11.486835021563051,10.133142212400601,11.229419688230417,11.3701424794954,10.245552706255681,11.066089190457772,11.181152256865566,11.29748950116098,10.667998535672528,10.4189067312579,10.683871868622603,10.792790294301064,10.145932145820515,10.988684686772165,11.318542809702723,11.88149638481011,11.354800344350597,10.057991722759176,11.584022940257542,10.651051691178928,10.582141981658777,10.766528908598865,10.679480099505446,11.184875342908283,10.714245517666123,10.12670447284319,10.437752072323603,10.747353829478062,9.78953364497036,9.231221180711186,9.543031820255237
GRPEL2,ENSG00000164284.15,11.979425195331473,11.563672959827514,12.228217442293435,12.151016538892248,13.66644593881483,11.62067804213541,10.934428040626804,11.101319154423276,11.51175265376738,11.74819284958946,11.642954223480332,11.842350343413807,11.072802534544207,10.839991070539886,10.8649599151426,11.181152256865566,11.281350514981035,12.381813295988316,11.700873155140263,10.951284714966972,11.758639637024576,10.92035285541508,12.60917873814198,11.305491792110685,11.90350531042388,10.950555897047511,11.88378880325996,11.513727595952437,10.993646060016596,10.878817284614229,10.237209960755022,10.052568050804153,10.469641817239516,11.217351905270334,10.588714635582264,10.903128676812319,10.557463701597824,10.675074920385445,10.860311054919482,12.522091068887065,10.917372079476841,11.445014845868423,10.187352073200497,10.397674632948268,11.653292945382814,10.880348808156027,10.973697366305352,10.83605035505807,11.29920801838728,10.623881490013458,10.935901682267588,9.774787059601174,10.262094845370179,10.344295907915816,12.391243589427443,12.016808287686555,12.03857610276879,11.149111990706889,13.475733430966399,10.99929538702341,11.163020639580793,12.383704292474052,11.794821973331223,10.746514321138463,11.185494924210866,11.35149140932002,11.899356922923111,10.788718332690458,11.198445041452363,10.211888294546004,10.34318571544788,11.703903573444663,10.761551232444479,11.372865060112588,11.494355603532846,11.244958393151133,13.534424480081311,10.432541900388259,9.98299357469431,10.758223214726724,11.389093521904474,10.163649676015824,11.165535141377925,11.81698362325538,11.279030136449649,12.037203741151973,11.241387363998937,11.312882955284355,10.17367713630342,12.742730476519174,12.514714054138487,11.968666793195208,12.324180546618742,11.21006248324023,11.238404739325079,9.861086905995395,11.483311954999353,11.44449728710381,10.735556023911535,10.603626344986193,11.322491537597468,10.410451351503994,9.893301530860564,10.391243589427443,11.316847183602473,10.197216693110052,10.682994583681683,10.902375114486025,11.127994320976393,11.149111990706889,11.439311461818846,11.219773550892874,10.94104760634058,10.787086324551616,13.52221370011166,10.492854620174748,11.124121311829187,11.30149619498255,10.51175265376738,10.661778097771988,10.57459352733761,10.319672120946995,10.547858506058416,10.617467465294196,10.963618617443972,10.754052367528924,10.246740598493144,11.290594888082572,10.460455896309636,9.799281621521923,10.567005370247033,10.653740778706569,10.954196310386875,10.787902559391432,10.287712379549449,10.502831804066744,11.49585502688717,11.042343379793692,11.199058823653022,10.510764167917891,10.399811959325685,10.979425195331473,10.679480099505446,10.324180546618742,11.052568050804153,10.877284133523196,9.686500527183219,10.754052367528924,10.260919533662905,9.831307243802051,10.800899899920305,10.07815080773465,10.325305455089682,11.147204924942228,9.842350343413807,10.03342300153745,10.03342300153745,10.646558710154547,10.57742882803575,10.654636028527968,11.197216693110052,11.163649676015824,9.932214751968385,10.475733430966399,11.145295334933598,9.927777962082342,10.545929769085467,10.809768128710413,10.60733031374961,10.026523442519766,10.477758266443889,10.634811050171718,11.200285605224298,11.020979938904212,9.98299357469431,10.070120944476823,9.656424863277781,10.049848549450562,9.383704292474052,9.658211482751796,10.353146825498083,9.661778097771988,9.426264754702098,10.560332834212442
DNAJA3,ENSG00000103423.14,13.454170751271983,13.113904915786051,12.572226512793694,12.546894459887637,11.547858506058416,12.785043714779723,13.463013413449692,12.639792893279312,12.14274527675153,13.211127820625654,12.171489577065655,12.111135670234708,12.686281655144432,11.749869427396844,12.263269200372662,12.307485448589476,12.241685287601625,12.818781872275403,12.52845411076479,13.309192106959902,12.092757140919852,12.603858121842805,12.200898605038445,11.394462694610317,13.299494239009364,12.694357887221452,12.070120944476823,12.906702732460797,12.679480099505446,12.747143998186747,12.780129619625306,11.650154213675094,12.816183681432342,12.79968636133125,12.740413232033294,12.740834826145262,12.422064766172813,12.483815777264256,12.271463027904375,12.727707777472686,12.810973220002165,12.533329732305834,12.13410540040181,13.102959885910124,11.618385502258606,12.32333628928017,11.428360172704291,12.553869243196068,12.651948610723446,12.524541715035848,12.400612641081999,12.151967870968189,12.260331518557601,12.456611099574918,12.456097684964202,11.667998535672528,11.746514321138463,12.64745842645492,11.968306794430799,12.544964432789238,12.085804380278086,11.85642552862553,12.719388820942083,12.220075970984304,12.227615943414223,12.456354415108288,12.213408040858337,12.016808287686555,12.538916402464112,11.969386521342283,11.71681946132995,11.934796592178403,12.461990950585571,11.876900591040306,11.963257356633047,12.867471806961992,11.955286645524469,12.058330026205653,12.286268962679781,12.219168520462162,12.252369767926027,11.4983506079296,11.524541715035848,12.456867738380343,12.277578002415737,11.81977993183848,12.009128789539256,12.754678763822529,11.116993677546981,12.44086916761087,11.41679752760606,11.832494484336113,11.816183681432342,12.165849146176397,11.600377553107844,11.79400964502097,12.824759898954106,12.1999790076159,12.788922203960619,12.59245703726808,12.027560482248777,11.459431618637296,12.103615656394545,12.178664851006472,11.643405277115674,11.091435386323607,11.541580659991169,12.363039630256514,12.318542809702723,12.386401423640777,12.409656113059851,12.375853976418467,12.351767443959893,13.221285017810473,11.41574176829009,12.791162888555018,12.439830883981392,11.733439082899434,12.61194694181998,12.531137741444715,11.727069558023706,11.622051819456376,11.46352437327118,11.453785055496155,11.859922972861758,12.07347215397646,11.7714894695006,11.892922223630592,11.711666973564347,11.880731435141664,12.694357887221452,12.773963368433558,11.101975670949232,12.137311390700901,11.357002092264985,12.108197722535829,12.43540982316332,11.494355603532846,11.771902080697716,11.672867276433793,11.848622940429339,13.208234358339789,11.7300455028792,11.824958740528523,11.926666629347283,12.867278739709661,11.095397022792557,11.97405602262563,11.402479172214964,11.627077840517394,12.582141981658777,11.88149638481011,11.31797782240712,12.422064766172813,11.323617763291578,12.589182967039351,12.097702963524654,11.152918576136623,12.34318571544788,12.103615656394545,11.887220615468385,11.649256177517314,11.263856019596082,12.27029532647204,11.47826403158172,11.400879436282183,12.208234358339789,12.362765744153958,12.056637715113201,11.728345714710978,11.77272694923985,12.45455634396194,10.932214751968385,10.680359523513713,11.329796338220701,11.547858506058416,11.783816759320182,12.32108251801004,10.924070185585345,10.482807956726667,12.023061249735335,10.703038388986418,11.221587121264806,10.428360172704291
HSP90AA1,ENSG00000080824.19,17.227023597919697,17.36767922564501,17.31982204111887,16.821985687911855,17.66594653476869,17.841650336868238,17.253773635071035,16.68394038404735,16.667582825323905,17.306640261057343,16.32418054661874,18.043246277994,17.519044938739754,16.993236949504283,17.81774565517721,16.960873025695864,16.744584223779633,16.18491407453616,17.33427328530719,16.94546669837731,17.0056574410028,16.38147535706735,18.56439513935851,17.436809123728843,16.59007530296979,17.412181137375164,17.248205555440467,16.757337918050684,17.339902182751203,17.393960182661214,15.703822484439169,16.84947840676017,16.8687502253362,17.434115075356022,16.695989464702496,16.675378207415825,16.988107706390952,17.534698037274726,16.960850406539347,16.85804172151656,16.831975186817438,16.057780242813198,16.819692629185916,17.085794008899644,16.766140645508358,17.455985351158592,18.364887002689063,17.573728537958928,16.81553340194448,17.13876176283303,16.9418500015246,16.30424435632188,15.674937041564593,17.206222649903932,17.722634119901727,16.422508310935893,15.390572037471506,18.1872022357863,16.447616000051454,17.08533759441939,16.854612753535193,15.87797904448787,17.139501391183504,16.28276266780614,17.30469890426139,16.436646484075787,16.625252221746873,16.84880629735099,17.21585526473389,15.452981191297004,17.105038882030517,16.486866438795897,15.840212416341464,16.350801091568734,15.994618613781007,17.53864364404495,15.824859323167018,17.441809467146022,17.79294276951294,16.66761054307414,17.575435838954267,15.397373817318973,17.405557002660075,15.306738150227648,16.042856338035858,16.537021181520632,16.121958395802412,16.501712809279056,16.4826189119723,16.27903013644965,16.082710405344034,16.106010783121988,15.953559900805,17.002309597134342,16.4806639976193,16.522091068887065,17.27911177558443,15.549814743831845,17.85909795170749,15.58997293179416,16.049444436168834,16.37391868042604,16.36691979792762,16.77757639213912,17.52367680598616,15.602263903442621,16.56838665752449,16.632796449486335,16.301210371298428,16.052822741429033,16.480206417448613,17.0074434362993,17.214015491410844,16.67785725479686,15.010265837434154,16.792472585842745,15.775224454329123,16.456258146657955,16.205373267510456,16.260055803953815,15.81800790092772,16.940680648424095,16.718358950196887,15.381576747055627,15.460199895059583,16.060273733024598,15.674164676559913,16.427787509098668,16.461415496620532,16.480127509645246,16.09446948982055,16.20424634847904,15.967136177662045,17.561049226699673,16.097744107560388,16.763186426293487,17.53649007319916,17.529453431613625,16.964307020383337,16.193525360501216,15.922491490458542,17.760063673404552,16.444157538232243,16.64713515549467,17.097281169491776,16.839253005838216,15.043881707688747,16.639552687843143,16.381120435984528,15.876684803576271,16.783087760494077,15.666723310826699,15.78030907365591,16.309742784439084,16.196141029718238,16.488295199611578,17.083697460292097,15.530284400316601,16.854052644383625,16.474593210896682,16.961291416137314,15.327061370499463,15.764197761146837,16.35419771843041,16.050401363202674,15.460551885068089,16.27049609242931,16.700277145688194,16.87948752622484,15.577812346989626,15.634016895684145,17.12786337337597,16.09172462363426,15.8952675882269,16.495043032687512,15.601973856187747,15.830515206976838,16.24989119589083,14.616606274763289,14.976474623428274,16.291314616229645,15.304351321663239,15.505811553919594,14.379378367071261
HSP90AB1,ENSG00000096384.20,17.791487244757015,17.16800608105996,17.288803005333207,17.09887510896883,17.36447667986466,16.78481374010061,17.675302391635313,17.21581735494198,16.83286529672711,17.70876059197301,16.686897148138975,17.843878124978467,17.255803131594707,16.47177045960015,17.5295068109603,16.5110576953485,16.798269274949693,16.893893998833082,17.27220147598359,17.525207265354844,17.183693528478575,17.237144592757947,17.801960909471312,17.158511075439172,17.246972494566954,16.792777587305974,17.814607498570847,16.849014073694818,16.70869324523714,17.104281368332767,17.563479324481158,16.015915901216882,16.972721818461686,18.004692302847726,16.50980592595717,16.697592051919777,17.052302700249438,16.936672441819603,16.799736945824545,16.990358842290735,17.500779650167875,17.094428252289006,16.109993845845157,17.294943768443634,17.011904233589537,17.268304406817002,17.468019399518884,16.9578842266641,16.812377888766893,17.80197353583861,17.64208695862651,16.39323961016015,16.051994832450454,17.044255359167526,17.284453621192675,16.454990012586904,15.95612655014209,16.601973856187747,16.63057997843407,17.090908412176148,17.355488751597942,16.777614916571327,17.896669431767737,16.755630887152236,16.899179879782864,18.881550155074997,16.77032836743501,16.992650724152323,17.707210821102507,16.847130771291283,17.600740504389258,16.27468753942428,16.373052048906818,16.880277054297366,16.61466671443351,17.246248855507698,16.214470911535916,17.080692635166496,16.829214828927373,15.967631554528513,16.99360183744572,16.753490989804167,16.521032941680414,15.530741610119682,16.473198383677527,17.280979142754905,18.46898193604929,17.052281470096528,16.71570733039043,16.82855800222502,16.110055037923757,15.623252802454742,16.72939503928486,17.02920093879926,16.788399726144117,16.522152385802343,16.838292956890214,16.51334207745019,18.18635125084256,16.36062421720956,17.47658009461907,16.633449374713493,16.6825968882453,16.086032531742454,16.78662698943257,16.54417962115647,16.16435701432259,16.525321984384227,17.228612039687857,16.846335132511577,19.260002952636725,16.906867114052826,17.07594913546121,18.131841892274746,15.408495604006774,17.042642627599378,16.944940780710546,16.409291482224436,19.357180407124638,16.923606042789174,16.055367177786795,17.01394416521674,16.446162516812944,17.414875138520742,16.264680830499437,18.30607504369711,16.582097867266096,17.051123954019456,17.526140048944608,16.591259355666995,16.474735787697426,16.9995706674271,16.090298535172693,16.560556745080873,16.676714667741905,18.032191048400996,17.255388239502953,17.462997443038937,16.10453732961371,16.35173294251806,15.737432210819602,17.307609960691224,16.45291686280719,16.36767069496953,17.44836639304156,16.84259587927241,16.64736004730887,16.319795585749976,17.362817101758935,16.671029597720004,17.05471029483928,16.270131042632727,16.655935949061227,16.814807744252366,16.854089179870574,17.573906013963054,17.401546208508726,16.16304030112149,16.28690063526446,17.7867864973679,16.96057894899622,16.630807465580045,18.197715835765806,17.152562135111737,18.247997028966598,15.534606857306873,16.650126158504968,16.638478338918773,17.372091348905673,16.474672421969977,15.822769974444292,17.059893648559832,16.968790522026225,15.766037091034477,16.623867204701913,15.857762358960148,17.09827887327461,16.091910531289138,15.510980457077698,17.42522410040701,16.00393509493147,16.01893907513713,15.295984117512992,14.92819449124934
TRAP1,ENSG00000126602.11,13.878625729805357,12.636851156626534,11.707359132080883,12.454813348512525,11.616089313582115,12.264149339723328,12.743361806865865,12.672867276433793,11.876133200043016,12.594557879863732,12.260625556068227,12.485577770903188,12.79543091954113,11.244958393151133,12.596655667674662,11.646108641506103,12.045759661382682,12.850577547205614,12.241089378860856,13.161761743304675,11.892922223630592,12.821773981970567,12.164906926675688,11.088788238716907,12.502085903985904,12.819979460922664,12.066089190457772,12.616089313582115,12.088125692188207,12.134426320220927,13.027042055565033,11.384783750093353,12.776227388507262,12.436451292286975,12.45532722030456,11.945443836377912,11.971902746045467,11.64565843240871,12.027905996569885,11.892542816648552,12.412834440119273,12.225508720236002,11.675516044082778,13.134265869234731,11.469133019829592,12.536732889835415,11.308339030139408,12.607099094093552,12.029287226968245,12.655977862486942,12.26502894245816,11.961811408087163,12.200285605224298,11.892542816648552,12.250298417906333,11.214319120800766,11.77066389291676,12.134426320220927,11.50432244829189,12.968126761356267,12.215229625747925,12.082481727863103,13.00930377832483,11.817383427897232,12.272338184158624,12.205487820150566,12.407267764244732,11.997532347526366,11.911017407796985,11.147840893672337,11.726643921483994,11.743992861060175,12.074810461160453,11.985841937003341,12.031011907437707,12.883597907455398,11.7300455028792,11.900866807980748,12.30577676890981,11.329796338220701,12.32755264408124,11.269126679149418,11.88760142450871,11.85369942030022,11.904258282800518,12.294907880953653,11.805743872151618,12.196294745028263,10.526499239136566,12.266200912498961,10.848622940429339,11.89178370321831,11.32755264408124,11.774375272802063,11.80332391904149,11.788310503700918,12.073137383110383,11.596655667674662,11.928148216169037,12.464290473850767,11.66622400280318,11.011227255423254,12.069114061773938,12.082814337672273,11.52943055414615,10.778898476008376,11.007728114632254,10.875749351420055,12.115368837820224,12.512740462803498,12.080484457067568,11.90388184573618,12.197830998012197,13.388420968146134,11.324743110494417,12.938109326219239,11.626165319904498,11.348174867535556,12.547376563498101,12.533816389433365,11.507794640198696,11.294620748891626,11.210671343785622,11.618385502258606,11.683433292835403,11.758223214726724,10.615629636968098,11.087462841250339,11.674633661767267,11.73978060977326,12.398209261466851,11.643856189774725,10.41574176829009,12.214015491410844,10.967946705812707,11.414156679274141,12.330076554797458,11.472183116189541,11.847057346091336,11.059344460824425,11.665780028329483,11.891403996665023,11.312882955284355,11.06204613772049,12.382624026574916,11.894817763307943,10.814582465906277,11.700873155140263,10.60177078840771,11.735979039613404,12.194141238863136,11.838416075797337,11.619302955415687,12.90839262077375,11.054604317960672,12.711882028352088,12.277578002415737,11.003517912108602,12.102631888854969,12.505315356136236,11.726218159332198,12.023754353299417,11.332036548361652,11.947271652460348,10.965784284662087,10.280770770130603,12.595956743943162,11.877284133523196,11.896332403909941,11.950920352030098,11.65508344519798,12.144976824050111,11.393926675640417,10.46352437327118,10.437752072323603,10.985130373466898,12.186423797538945,12.187661365739121,10.900112062977456,10.162391328756906,12.01854794187165,10.428360172704291,10.7632123668144,10.386940245324311
DNAJC19,ENSG00000205981.8,11.335390354693924,10.76487159073609,12.232121084082221,11.733862719678543,10.696098170955864,11.868822554774999,11.11504365016171,11.938844457466171,11.822969090453288,11.240791332161956,11.247334178028728,10.43879185257826,10.274960472140602,11.002111776479852,10.590587049915035,10.838416075797337,11.61240779313867,11.358651200892886,10.643856189774725,11.403544678202014,10.834471049984222,11.51717725268954,11.389631339260522,11.522581531254831,10.722807531169547,11.676838606474153,10.40832974076739,13.048657153725893,10.591522346570734,11.905010862390295,11.709945380232497,10.326429487122303,10.900866807980748,10.901621158346112,11.117643101389092,11.667998535672528,11.391780606013166,10.257387842692651,11.227014193649133,10.599912842187127,12.156083076288681,11.449664538476192,11.404077136241234,10.710806433699352,10.90839262077375,11.117643101389092,9.99859042974533,11.691307330191115,10.918117851031772,11.964340867792417,11.060695931687555,10.512740462803498,10.901621158346112,9.467605550082997,11.166163082646113,10.158609688214478,10.111135670234708,10.41256984680521,10.59618975614441,11.09077405464075,9.709083812550343,11.526499239136566,10.552669097514272,11.399277924508967,10.192292814470767,12.358925869154714,10.590587049915035,10.73978060977326,11.622051819456376,11.471675214392045,9.932214751968385,9.972979786066292,10.99859042974533,10.985130373466898,11.036860446673046,10.045759661382682,10.400879436282183,10.019590728357882,12.243769031961852,10.759888183221834,11.793196859060945,10.474719946526482,10.919608238603253,10.127994320976393,9.837627933171404,10.271463027904375,10.200898605038445,12.223096690347695,10.774787059601174,10.189824558880018,9.778077129535358,10.015415052386688,10.58777751632821,10.995767150877802,10.215532999745657,10.019590728357882,11.084808387804362,11.048486873992337,10.807354922057604,10.850186837645774,10.735556023911535,10.541096615349524,13.223096690347695,10.868050853745158,10.909893083770042,10.603626344986193,12.471167133724391,11.477252323937952,10.674192268145683,10.377210530388552,10.586839787961827,11.47269083924278,9.971543553950772,11.365228849251544,10.051208940914766,11.401946123976536,11.221587121264806,11.074141462752506,10.63753055152531,10.562242424221072,10.133142212400601,11.342630298678408,10.3409627642517,11.067434360756522,11.12670447284319,10.632086412835182,10.480790201095816,10.95637615724967,10.225207436943501,10.868050853745158,10.083479327331842,11.174301544467632,9.487840033823051,11.027905996569885,10.332036548361652,11.089450481115907,11.044394119358454,9.932214751968385,10.509775004326936,10.224001674198105,10.957102041562287,11.281350514981035,10.610102062999664,10.3409627642517,10.537218400538595,11.219168520462162,9.328674927327947,11.085472459181283,9.485829308701904,10.925554439873554,11.503328856626661,10.245552706255681,10.368506461507693,10.483815777264256,10.01262453886506,10.708221730038353,11.456354415108288,10.324180546618742,10.902375114486025,10.302638923787553,10.524541715035848,10.3151495622563,9.955649907528374,10.156083076288681,10.878817284614229,9.9901039638575,10.73809225962049,10.352043425795433,10.804937672051908,9.818582177480858,10.480790201095816,11.208234358339789,10.526499239136566,9.409390936137703,10.898601387403938,10.191059214531656,11.009128789539256,10.895575282380685,9.977279923499916,9.377210530388552,10.116343961237469,9.266786540694902,9.86418614465428,8.768184324776927
HSCB,ENSG00000100209.11,9.5980525001616,10.194756854422248,9.717676423066395,8.59618975614441,8.149747119504681,9.57742882803575,9.12670447284319,9.103287808412022,9.784634845557521,9.164906926675688,9.497851836951117,8.640244936222345,8.813781191217037,8.936637939002571,9.108524456778168,9.584962500721156,8.854868383260236,9.055282435501189,9.35974956032233,8.682994583681683,8.98299357469431,10.095397022792557,9.434628227636725,9.686500527183219,9.49585502688717,9.014020470314934,9.084808387804362,9.245552706255681,8.618385502258606,10.11504365016171,9.164906926675688,8.459431618637296,8.88264304936184,8.936637939002571,8.426264754702098,9.710806433699352,9.398743691938193,8.980139577639157,9.184875342908283,8.199672344836364,9.407267764244732,8.558420713268664,9.447083226209653,9.092757140919852,8.960001932068081,9.290018846932618,7.6220518194563764,9.29232163280204,8.375039431346925,9.100662339005199,8.546894459887637,8.558420713268664,8.134426320220927,9.095397022792557,8.543031820255237,8.948367231584678,8.257387842692651,8.179909090014934,7.721099188707185,8.573647187493322,8.348728154231077,8.29920801838728,8.7414669864011465,9.269126679149418,8.807354922057604,8.939579214314692,8.422064766172813,8.948367231584678,9.296916206879288,8.573647187493322,8.933690654952233,8.092757140919852,8.45532722030456,8.092757140919852,8.396604781181859,9.273795599214264,8.491853096329674,8.672425341971495,8.661778097771988,8.857980995127573,8.08214904135387,8.59245703726808,8.744833837499545,8.194756854422248,8.64745842645492,8.933690654952233,8.94251450533924,9.060695931687555,8.912889336229961,8.603626344986193,8.475733430966399,9.247927513443585,8.243173983472952,8.74819284958946,7.098032082960526,9.312882955284355,9.573647187493322,8.539158811108031,8.087462841250339,8.848622940429339,9,8.939579214314692,8.43879185257826,8.321928094887362,8.900866807980748,8.060695931687555,9.698704666770345,9.278449458220482,7.577428828035749,8.682994583681683,8.51175265376738,9.643856189774725,6.700439718141092,8.199672344836364,7.734709620225838,7.9886846867721655,8.224001674198105,8.939579214314692,8.957102041562287,9.13699111208023,8.233619676759702,8.945443836377912,8.467605550082997,9.467605550082997,8.665335917185176,8.375039431346925,8.011227255423254,8.475733430966399,8.471675214392045,8.396604781181859,7.832890014164741,8.78135971352466,8.184875342908283,9.712527000439824,8.707359132080883,8.098032082960527,9.335390354693924,8.154818109052105,8.584962500721156,8.413627929024173,8.238404739325079,8.308339030139408,8.519636252843213,7.794415866350106,8.784634845557521,7.839203788096944,8.204571144249204,8.417852514885897,8.29920801838728,8.78135971352466,8.523561956057012,8.761551232444479,8.257387842692651,9.121533517340032,8.430452551665532,8.60733031374961,8.523561956057012,8.383704292474052,8.400879436282183,8.243173983472952,8.257387842692651,8.90388184573618,7.813781191217037,8.539158811108031,7.794415866350106,8.535275376620802,9.243173983472952,8.550746785383243,8.383704292474052,7.94251450533924,8.88264304936184,9.18239435340453,8.303780748177102,8.774787059601174,8.507794640198696,9.052568050804153,8.113742166049189,7.546894459887636,8.383704292474052,7.6865005271832185,7.994353436858858,7.60733031374961,7.94251450533924,6.321928094887363
SDHAF1,ENSG00000205138.4,10.563196272216738,10.109830654278793,9.927777962082342,10.572700226487292,9.276124405274238,9.594324603924848,9.00842862207058,9.35974956032233,9.539158811108031,9.290018846932618,10.32755264408124,10.154818109052105,11.732167425663386,9.51175265376738,9.14210705730255,8.7714894695006,9.744833837499545,9.634811050171718,10.186114239541643,9.605479518061669,9.337621901992508,10.401946123976536,10.105908508571158,9.228818690495881,10.475733430966399,9.240791332161956,9.861086905995395,9.661778097771988,8.59245703726808,9.189824558880018,9.988684686772165,8.768184324776927,9.396604781181859,9.179909090014934,8.832890014164741,9.238404739325079,8.774787059601174,8.951284714966972,9.44086916761087,9.567956075415466,9.851749041416058,8.879583249612784,9.702172685365548,9.656424863277781,9.394462694610317,9.121533517340032,8.98299357469431,9.569855608330949,8.774787059601174,9.407267764244732,9.564149489985732,10.887220615468385,9.103287808412022,8.129283016944967,8.89178370321831,9.179909090014934,9.095397022792557,8.813781191217037,8.768184324776927,9.204571144249204,8.88264304936184,9.00842862207058,8.927777962082342,9.308339030139408,8.90388184573618,8.778077129535358,9.346513733165635,9.381542951184585,8.991521846075695,9.390168956200183,9.970105890612182,9.207014320177532,9.938109326219239,8.974414589805527,9.025139562278508,9.174925682500678,9.3151495622563,8.888743248898258,9.287712379549449,9.509775004326936,9.002815015607053,9.271463027904375,7.599912842187128,9.20212382383046,9.243173983472952,9.449148645375436,9.870364719583405,10.007027266893969,9.346513733165635,9.562242424221072,9.113742166049189,9.211888294546004,8.754887502163468,8.523561956057012,9.459431618637296,9.753216749178955,10.12670447284319,8.86418614465428,9.303780748177102,9.483815777264256,9.350939181546432,9.238404739325079,9.335390354693924,9.457380879072534,9.566054038171092,10.364134655008051,9.066089190457772,9.41574176829009,8.90388184573618,10.072802534544207,9.754887502163468,9.041659151637214,8.573647187493322,10.099347810403193,8.581200581924957,8.823367240046235,10.32755264408124,8.487840033823051,9.847057346091336,9.13699111208023,9.319672120946995,9.273795599214264,8.721099188707186,8.076815597050832,9.681238411777805,9.774787059601174,7.870364719583405,9.853309555403674,9.095397022792557,10.074141462752506,9.560332834212442,9.52552080909507,8.543031820255237,8.519636252843213,9.539158811108031,9.879583249612784,8.861086905995395,9.184875342908283,9.60177078840771,9.090112419664289,9.271463027904375,9.459431618637296,9.667111542075027,8.804131021183318,8.81698362325538,8.640244936222345,8.417852514885897,8.366322214245816,9.167418145831737,9.337621901992508,9.594324603924848,9.507794640198696,8.851749041416058,9.147204924942228,9.269126679149418,9.885696373339394,8.451211111832329,8.92481250360578,9.586839787961827,9.651051691178928,9.776433032444734,9.623881490013458,9.30149619498255,8.339850002884624,9.513727595952437,8.991521846075695,9.74819284958946,9.310612781659529,10.888743248898258,9.517669388133811,9.90839262077375,9.025139562278508,9.493855449240822,9.43879185257826,9.264442600226602,9.46352437327118,10.127994320976393,9.558420713268664,9.055282435501189,8.906890595608518,9.383704292474052,8.569855608330949,8.228818690495881,8.154818109052105
CLPX,ENSG00000166855.9,12.869979332899963,12.336785476203755,12.546412195119352,13.38680555876856,11.927777962082342,11.691307330191115,11.9901039638575,12.428360172704291,12.227014193649133,13.127188301043205,12.332036548361652,11.670213636738564,11.844313461203296,12.624795455860237,11.99964773652837,12.306631361712501,11.924441392339197,12.844509626142193,12.777255315191923,11.907266248531066,12.475986690870654,11.89026427702111,12.735979039613404,12.37775279502222,12.381002109550925,12.07045641594465,12.084144010615145,11.551227603598289,11.61378946447258,12.326429487122303,11.334831928118,11.587308728333545,11.938476938666351,12.185185166820329,11.874212934830874,12.01297364837454,11.610563503925041,12.032734528586714,12.164592716712367,11.871520262329113,11.95746484680521,12.091104758376499,11.335948565202298,12.525276097867126,12.562003863651553,12.698053484163538,11.642954223480332,12.187970591984199,11.94982671075911,12.29634268469289,12.20945336562895,11.415213598765286,12.015415052386688,10.862637357558794,12.65284497300198,12.47269083924278,12.146886835415884,11.755722153642282,13.343046881300548,11.470658874060552,11.8649599151426,12.850577547205614,12.840777923595054,11.869979332899963,11.698270577692032,12.13024878405069,12.408595112798102,12.363313464373478,12.097373768990222,11.479275030250205,11.396604781181859,12.290882822429577,12.178353623512892,10.995767150877802,12.009478745888066,12.383974232607853,12.414949441474263,11.905387005018131,11.597587039586216,11.674192268145683,11.482303782323182,11.501837184902296,11.62296694479051,12.194756854422248,12.094737505048093,11.828929827651486,11.921097088106793,11.997179480937621,12.068106475858773,12.0003521774803,12.572937025017309,11.70173963867435,12.35974956032233,11.871520262329113,12.180530807344482,11.763627351727628,12.542548262335213,11.355351096424812,12.059006395201111,12.085472459181283,12.333155350310616,11.263856019596082,10.785452468158542,11.746094383705463,11.510764167917891,11.325867580575418,11.66622400280318,11.486835021563051,11.504818987632841,12.178353623512892,11.936269857602209,11.190442018782825,12.376939321619846,12.554109152574004,12.194756854422248,11.095397022792557,12.047805554007589,11.8317030992143,12.131535468676345,12.853504501021279,11.702172685365548,11.872674880270605,11.42678889459556,12.923141750621268,11.946175240723559,12.137951734715358,11.141468555393084,11.501339618061397,11.742309436084,11.077483356859508,11.463013413449692,12.348451537407128,11.843921051289035,11.905763049602793,11.460967762570421,12.245552706255681,12.470658874060552,11.785452468158542,11.490349505739287,11.81818270494864,11.279030136449649,11.478769619475763,11.845882034384061,10.584962500721156,12.112765281885316,11.38586240064146,10.696967526234287,11.912515144802397,11.171176797651771,11.280190792216906,12.020285500844647,11.304351321663239,11.30720080914081,12.433585441150495,11.018200178813226,12.228518097716194,11.239001757765582,11.782998208920414,11.783816759320182,12.077483356859508,12.68540583478614,11.231821178657404,11.539158811108031,11.838022058304546,11.693051295397,11.18239435340453,12.393926675640417,12.241685287601625,11.90048948483465,10.768184324776927,10.588714635582264,11.63026712502677,11.690871009292314,11.721953612801386,10.876516946565,11.42783660345852,11.721953612801386,11.647908074281807,11.162391328756906,11.027905996569885,11.763627351727628,10.567956075415466,10.67595703294175,10.047123912114026
HSPB1,ENSG00000106211.10,17.147393757420648,17.487015661309492,18.296360610712743,17.868497043740003,17.970431736758076,17.67043495990244,18.075891700943444,16.84225211736843,16.52613240562841,17.105151451469098,17.390857485249104,16.14716516758664,17.835334946646125,17.677602660137026,16.91835082560489,17.31843689143721,18.409544247489674,17.780680728868482,14.54725605269814,16.871363836752685,17.38421882223447,18.15152201216532,14.807656793732475,17.561347618609748,14.927777962082342,18.254267434509902,14.939349642995065,17.7464749571963,16.344781348605196,15.815233174063081,17.854612753535193,16.02570192373543,16.897691859029543,17.27536068008067,17.266301584264603,16.968374301042097,17.79716120689321,17.104445188783988,15.836592842132669,17.84277386664274,17.949957763585733,16.58615075532531,18.760957042395958,16.418231462576788,18.375887905818193,16.715452625566044,16.530543503661445,17.56888389418221,15.15718901351485,17.268770418678137,17.482256506938306,18.14765708776598,16.67612236901767,18.291485498913083,17.31453014056421,17.160836541270992,18.243615644502807,16.765428558343178,17.76699468642179,17.557007402268873,15.177497401553003,16.451130602050178,15.11085029884798,17.239468006579013,16.955207169766993,17.071671846510714,15.794898105665256,15.265102218484328,14.69266998310698,18.57546907800982,16.63883183147943,17.82414455922922,15.18835703160853,17.28782057762014,14.76533790384931,14.74892659213343,17.313228488702215,16.841380068032514,16.960703373377196,15.563524011867884,17.29117969454921,16.033164862681147,17.086395425637587,17.86067478706272,17.360684223242256,14.584257887744567,14.276487941887195,13.96379921393177,16.70858548392016,17.128105113509477,17.126482664012833,18.431342527100217,16.599753063230033,17.09199314922447,16.417341601761258,15.36567312872139,13.724833563933643,17.51829969142934,15.247853359860217,17.344113825537427,14.992230264965889,17.562615096156254,17.893230418350832,15.179714748391298,14.445208882546785,16.456819622081678,18.262498637733152,17.588780503880574,17.074831362362794,14.417522914226291,14.147999842060191,17.204026592222988,14.251926157496388,14.095067301607054,18.33275338072722,17.945238062078747,14.665946534768688,15.845808545601177,15.31878992208569,13.58261245126702,16.664641719713913,16.63222844812429,14.76160317185517,15.747930708216723,13.552909206533863,15.19671737770149,17.910062959732524,13.660998653822475,13.704768239362599,15.777281003977475,18.1252772427066,14.359063183678293,16.739490565168936,14.633506136857811,13.904728691047827,15.386334056778404,14.59636449060122,14.001760028327217,14.90100827872212,14.14966774369432,17.42187580754141,15.077274715118953,15.094160179598845,14.642954223480332,14.065668567392636,12.997355925020381,17.17491593242015,15.4076329068545,16.194660681805477,13.588363287192115,11.472183116189541,14.716069202014632,14.028683101377734,12.944346034137833,15.223813182704495,12.727707777472686,13.660330223675741,16.162784680189635,14.191830338095308,13.246740598493144,14.147363943409283,15.044308730051164,13.15592501602658,15.258860431409756,14.46269397163963,14.870509213052491,12.953832682145281,13.314724844612032,14.60414779055995,15.667499668877893,13.647008638441648,13.777358067589736,13.622051819456376,14.047805554007589,14.670545608753272,13.702822011777029,15.162509345448115,14.523255644872846,14.83061423536284,15.728903678489651,12.945260927339202,16.868111157755035,13.52759918034517,17.193544610680227
HSPB8,ENSG00000152137.8,12.094407633081207,13.37531099747307,10.348728154231077,12.545929769085467,13.665446957788724,11.611485943240922,13.950282495377595,13.117967703717133,13.683542949282145,12.684748620421626,12.279610581052484,12.568668693380506,10.64565843240871,14.192755142640367,12.222191138456333,12.717462230349666,10.725366257895642,12.47269083924278,11.744413410557655,11.557942286787448,12.779719355143405,9.92481250360578,7.6865005271832185,13.842252117368433,11.192292814470767,12.168358727223886,9.483815777264256,9.149747119504681,11.147204924942228,12.62548055047108,12.595956743943162,14.892827381238886,11.030667136246942,8.632995197142957,9.507794640198696,13.019938156424795,12.103287808412022,10.550746785383243,10.59618975614441,11.279030136449649,12.609640474436812,11.086799685623452,12.869015415552091,10.544964432789238,10.625708843064466,9.938109326219239,10.915879378835774,10.117643101389092,10.73893668167614,10.91513244895065,9.113742166049189,13.011576703176177,13.530284400316601,10.514714054138487,13.364818623655427,13.710053040024412,13.943247395901553,10.109830654278793,12.01297364837454,10.43879185257826,12.883025068440173,12.88683970588442,9.357552004618084,11.303780748177102,12.000704269011246,8.686500527183219,12.165535141377925,10.676838606474153,9.344295907915816,12.655754310144218,11.759472121202833,12.825952537523726,11.146568675740786,9.535275376620802,11.530406337099068,8.527477006060396,12.00982861736811,11.197216693110052,9.308339030139408,10.210671343785622,8.174925682500678,13.981299694952254,9.7714894695006,13.911953675621973,12.513234113806053,10.837627933171404,10.909143047339898,8.370687406807217,11.922212717785449,8.134426320220927,13.79207853016172,13.186733289128867,13.159713691032628,12.761551232444479,10.30035256032822,10.514714054138487,8.022367813028454,12.803727526553114,8.807354922057604,10.779719355143405,9.044394119358454,12.466841208321602,10.437752072323603,9.812177305514448,9.071462362556623,11.640696837570093,8.276124405274238,6.741466986401147,11.040974598817305,8.169925001442312,8.57742882803575,7.672425341971495,11.173052457774116,6.523561956057013,13.51902189562195,8.618385502258606,12.164906926675688,11.45994384837493,8.199672344836364,8.867278739709661,11.330916878114618,10.271463027904375,11.090112419664289,8.611024797307353,10.434628227636725,10.732167425663386,12.216139556425135,9.03342300153745,10.733862719678543,9.69522829149575,7.800899899920305,7.727920454563199,12.600145216358667,7.459431618637297,11.129283016944967,7.857980995127572,6.700439718141092,7.839203788096944,8.499845887083206,10.787902559391432,11.966144913345602,6.426264754702098,9.961449694398196,9.80896417491926,8.139551352398794,8.219168520462162,13.226412192788786,8.038918989292302,9.394462694610317,9.409390936137703,7.442943495848728,10.380461065088973,9.445014845868423,7.348728154231077,10.61378946447258,8.219168520462162,6.78135971352466,12.449664538476192,7.189824558880018,8.103287808412022,6.965784284662087,7.807354922057604,10.653740778706569,7.426264754702098,8.957102041562287,10.973697366305352,7.2384047393250786,7.599912842187128,6.266786540694901,7.643856189774724,9.118941072723507,6.426264754702098,7.3750394313469245,9.5980525001616,9.405141463136344,11.221587121264806,7.330916878114617,6.741466986401147,10.328674927327947,11.28424574982967,6.727920454563199,10.51668494930961,10.113742166049189,12.33399388276136
HSPB7,ENSG00000173641.18,9.105908508571158,11.779719355143405,9.81698362325538,10.099347810403193,8.721099188707186,8.442943495848729,5.554588851677638,11.159240650411673,12.45198377723019,5.20945336562895,10.675074920385445,7.087462841250339,8.971543553950772,12.3888245380236,9.612868497291041,9.7632123668144,10.395534135462302,7.60733031374961,7.6220518194563764,10.319672120946995,8.614709844115207,8.820178962415188,8.169925001442312,7.7481928495894605,8.98299357469431,5.554588851677638,9.654636028527968,8.546894459887637,10.99859042974533,7.483815777264256,11.097373768990222,13.466076461396252,10.673309075561695,8.59618975614441,10.125413470483315,8.055282435501189,9.543031820255237,11.016111838220512,9.283088353024002,5.643856189774724,5.954196310386875,9.025139562278508,8.087462841250339,7.383704292474052,7.774787059601174,7.78135971352466,9.296916206879288,6.22881869049588,10.055282435501189,6.108524456778169,9.169925001442312,11.759888183221834,12.238106137432077,7.971543553950772,7.7481928495894605,9.172427508645482,11.225809940623543,7.800899899920305,4.523561956057013,4.087462841250339,11.415213598765286,5.285402218862249,6.820178962415188,7.159871336778389,6.321928094887363,6.584962500721156,5.700439718141092,9.453270634010623,7.434628227636725,9.361943773735241,8.813781191217037,8.897845456005511,10.52943055414615,8.696967526234287,8.487840033823051,6.321928094887363,6.584962500721156,6.894817763307944,7.651051691178929,10.46454575033394,5,12.876325086063236,9.815383295813538,5.357552004618084,6.658211482751795,6.894817763307944,6.672425341971495,5.554588851677638,10.332036548361652,6.149747119504682,5.357552004618084,7.672425341971495,4.700439718141092,6.6865005271832185,7.845490050944375,9.744833837499545,5.20945336562895,7.924812503605781,6.087462841250339,7.768184324776926,7.78135971352466,7.714245517666122,6.20945336562895,9.586839787961827,6.845490050944375,10.804131021183318,7.6293566200796095,6,5.832890014164741,6.189824558880018,6.491853096329675,5.832890014164741,8.238404739325079,3.4594316186372973,7.426264754702098,4.807354922057604,5.491853096329675,9.214319120800766,6.22881869049588,6.906890595608519,8.554588851677638,6.426264754702098,10.625708843064466,8.174925682500678,8.451211111832329,4.392317422778761,9.567956075415466,7.169925001442312,9.505811553919594,6.614709844115208,6.149747119504682,9.049848549450562,7.475733430966398,5.285402218862249,10.532355925288847,5.357552004618084,5.129283016944966,7.392317422778761,7.247927513443585,9.918863237274595,5.129283016944966,4.857980995127572,7.672425341971495,9.036173612553485,3.169925001442312,8.03342300153745,13.340823716009012,6.78135971352466,9.100662339005199,8.727920454563199,6.066089190457772,8.703903573444663,8.515699838284043,5.087462841250339,9.513727595952437,7.918863237274595,5.523561956057013,3.584962500721156,5.523561956057013,4.754887502163468,4.392317422778761,7.78135971352466,9.357552004618084,5.930737337562887,5.643856189774724,10.59245703726808,4.247927513443585,4.857980995127572,4.392317422778761,4.643856189774724,8.396604781181859,4.523561956057013,5.584962500721156,6.768184324776926,4.643856189774724,6.087462841250339,4.321928094887363,6.066089190457772,10.144658242831882,5.727920454563199,5.426264754702098,6.189824558880018,10.523561956057012,9.159871336778389
CRYAB,ENSG00000109846.9,11.686500527183219,12.229720093237413,11.184875342908283,9.049848549450562,12.726856755450727,13.177419537989236,11.804534402995225,11.901998185668496,13.437752072323603,9.968666793195208,11.426264754702098,10.969386521342283,12.658211482751796,12.488593333835409,12.691961564216788,14.006939636982873,12.86011702693978,11.985130373466898,10.372865060112588,11.45994384837493,10.817783121774534,10.425215903299383,8.625708843064466,13.020111839088086,8.658211482751796,14.084393187916358,10.907641803665527,9.776433032444734,11.222191138456333,8.794415866350105,9.968666793195208,12.599215495017718,10.994353436858859,10.204571144249204,11.808562029957525,12.391780606013166,9.35974956032233,12.643405277115674,12.293471648838134,14.525031345124,7.569855608330948,10.72451385311995,10.885696373339394,9.955649907528374,11.762382038710392,10.654636028527968,12.471421196424862,12.174301544467632,10.683871868622603,10.373952655370193,11.902375114486025,10.38586240064146,11.65150022065274,13.426526848451731,8.800899899920305,11.932214751968385,13.295912393381585,9.705632387361415,12.53503231452927,11.432541900388259,10.69261550169458,11.526499239136566,7.768184324776926,11.473705749619416,11.475733430966399,10.63753055152531,9.025139562278508,11.111135670234708,8.954196310386875,11.695663296788021,10.836839359748716,12.004922678569045,10.884933647949762,11.131213905086272,11.542064542283443,7.851749041416057,9.914385132155443,10.163649676015824,9.686500527183219,9.9901039638575,13.639114563179414,11.723660944409984,9.848622940429339,13.25502856981873,12.759472121202833,8.861086905995395,8.994353436858859,8.50382573799575,10.861862340059151,10.728770849542663,12.760304125286382,12.067434360756522,12.985130373466898,9.930737337562887,10.056637715113201,9.851749041416058,7.721099188707185,10.79603960882977,7.98299357469431,8.603626344986193,8.523561956057012,11.684748620421626,10.140829770773001,9.199672344836364,8.994353436858859,10.599912842187127,11.020979938904212,12.169298695792845,10.216745858195306,7.339850002884624,8.826548487290914,8.118941072723507,9.162391328756906,7.787902559391432,13.834767301405412,9.761551232444479,7.339850002884624,9.923327485419192,7.768184324776926,8.005624549193879,11.637077657143664,10.320800548881637,10.312882955284355,8.228818690495881,8.829722735086058,8.409390936137703,11.439830883981392,8.169925001442312,9.556506054671928,10.792790294301064,8.717676423066395,6.794415866350106,11.77066389291676,7.774787059601174,9.914385132155443,7.539158811108031,6.507794640198696,7.6220518194563764,8.038918989292302,10.036173612553485,12.276415241892678,6.614709844115208,8.087462841250339,9.14210705730255,8.164906926675688,7.693486957499325,11.801708358916462,8.312882955284355,10.29117069932186,9.08214904135387,6.754887502163468,9.707359132080883,8.527477006060396,7.108524456778169,9.426264754702098,7.05528243550119,7.098032082960526,13.243917755743324,7.546894459887636,7.2761244052742375,6.392317422778761,9.098032082960527,8.909893083770042,7.169925001442312,8.179909090014934,10.522581531254831,6.321928094887363,7.169925001442312,7.03342300153745,8.804131021183318,8.46352437327118,6.409390936137702,7.857980995127572,9.308339030139408,10.14210705730255,8.731319031025064,7.20945336562895,6.149747119504682,10.236014191900084,10.508785162064513,7.076815597050831,10.189824558880018,9.252665432450248,11.035486451292154
