Gene_Name,ENSEMBL_ID,TCGA-HZ-8519-01A-11R-2404-07,TCGA-IB-8127-01A-11R-2404-07,TCGA-IB-7647-01A-11R-2156-07,TCGA-HZ-7924-01A-11R-2156-07,TCGA-HZ-8638-01A-11R-2404-07,TCGA-IB-7651-01A-11R-2156-07,TCGA-HZ-A77P-01A-11R-A33R-07,TCGA-3E-AAAZ-01A-11R-A38C-07,TCGA-F2-7273-01A-11R-2156-07,TCGA-HZ-7920-01A-11R-2204-07,TCGA-IB-7652-01A-11R-2156-07,TCGA-F2-7276-01A-11R-2156-07,TCGA-IB-7887-01A-11R-2156-07,TCGA-IB-7654-01A-11R-2156-07,TCGA-HZ-7926-01A-11R-2156-07,TCGA-HZ-8001-01A-11R-2204-07,TCGA-HZ-8636-01A-21R-2404-07,TCGA-IB-7885-01A-11R-2156-07,TCGA-3A-A9IJ-01A-11R-A39D-07,TCGA-IB-7644-01A-11R-2156-07,TCGA-F2-6879-01A-11R-2156-07,TCGA-HZ-8637-01A-11R-2404-07,TCGA-HZ-7923-01A-12R-2156-07,TCGA-FB-A7DR-01A-21R-A33R-07,TCGA-FB-AAPU-01A-31R-A41B-07,TCGA-2J-AABK-01A-31R-A41B-07,TCGA-3A-A9IC-01A-11R-A38C-07,TCGA-IB-7886-01A-11R-2156-07,TCGA-HZ-8002-01A-11R-2204-07,TCGA-HZ-7925-01A-11R-2156-07,TCGA-3A-A9IH-01A-12R-A39D-07,TCGA-FB-A5VM-01A-11R-A32O-07,TCGA-IB-AAUW-01A-12R-A38C-07,TCGA-HZ-8005-01A-11R-2204-07,TCGA-L1-A7W4-01A-12R-A36G-07,TCGA-2J-AABF-01A-31R-A41B-07,TCGA-IB-7889-01A-11R-2156-07,TCGA-PZ-A5RE-01A-11R-A32O-07,TCGA-IB-7893-01A-11R-2204-07,TCGA-2J-AABI-01A-12R-A41B-07,TCGA-IB-A6UF-01A-23R-A33R-07,TCGA-IB-7897-01A-21R-2204-07,TCGA-2L-AAQA-01A-21R-A38C-07,TCGA-3A-A9IB-01A-21R-A39D-07,TCGA-3A-A9I7-01A-21R-A38C-07,TCGA-IB-A5SS-01A-11R-A32O-07,TCGA-HZ-8315-01A-11R-2404-07,TCGA-3A-A9IZ-01A-12R-A41B-07,TCGA-IB-AAUV-01A-11R-A38C-07,TCGA-IB-7646-01A-11R-2156-07,TCGA-RB-AA9M-01A-11R-A39D-07,TCGA-IB-A5ST-01A-11R-A32O-07,TCGA-F2-A7TX-01A-33R-A38C-07,TCGA-IB-A5SO-01A-11R-A32O-07,TCGA-H6-8124-01A-11R-2404-07,TCGA-HZ-8317-01A-11R-2404-07,TCGA-3A-A9IX-01A-11R-A41B-07,TCGA-FB-AAQ2-01A-31R-A41B-07,TCGA-IB-7645-01A-22R-2204-07,TCGA-2J-AAB4-01A-12R-A41B-07,TCGA-HV-AA8X-01A-11R-A39D-07,TCGA-XD-AAUI-01A-42R-A41B-07,TCGA-LB-A7SX-01A-11R-A33R-07,TCGA-RL-AAAS-01A-32R-A39D-07,TCGA-IB-A7LX-01A-12R-A36G-07,TCGA-LB-A8F3-01A-11R-A36G-07,TCGA-IB-7891-01A-11R-2204-07,TCGA-US-A774-01A-21R-A32O-07,TCGA-IB-A7M4-01A-11R-A36G-07,TCGA-OE-A75W-01A-12R-A32O-07,TCGA-2J-AABT-01A-11R-A41B-07,TCGA-FB-A78T-01A-12R-A32O-07,TCGA-3E-AAAY-01A-11R-A38C-07,TCGA-3A-A9I5-01A-11R-A38C-07,TCGA-2L-AAQI-01A-12R-A39D-07,TCGA-3A-A9IU-01A-11R-A39D-07,TCGA-3A-A9IN-01A-11R-A39D-07,TCGA-IB-AAUU-01A-11R-A37L-07,TCGA-HZ-A77O-01A-11R-A33R-07,TCGA-HZ-7919-01A-11R-2156-07,TCGA-S4-A8RO-01A-12R-A37L-07,TCGA-2L-AAQE-01A-11R-A39D-07,TCGA-3A-A9IR-01A-11R-A38C-07,TCGA-US-A77E-01A-11R-A32O-07,TCGA-XD-AAUL-01A-21R-A39D-07,TCGA-IB-A5SQ-01A-11R-A32O-07,TCGA-YY-A8LH-01A-11R-A36G-07,TCGA-XD-AAUH-01A-42R-A41B-07,TCGA-HZ-7918-01A-11R-2156-07,TCGA-F2-A8YN-01A-11R-A37L-07,TCGA-Q3-A5QY-01A-12R-A32O-07,TCGA-3A-A9J0-01A-11R-A41B-07,TCGA-S4-A8RM-01A-11R-A37L-07,TCGA-2J-AABH-01A-21R-A41B-07,TCGA-IB-AAUR-01A-21R-A38C-07,TCGA-HV-A7OL-01A-11R-A33R-07,TCGA-HV-AA8V-01A-11R-A41B-07,TCGA-IB-AAUO-01A-12R-A38C-07,TCGA-IB-AAUP-01A-11R-A37L-07,TCGA-HZ-A49H-01A-11R-A26U-07,TCGA-HZ-7289-01A-11R-2156-07,TCGA-HZ-A4BH-01A-11R-A26U-07,TCGA-US-A77J-01A-11R-A32O-07,TCGA-YB-A89D-01A-12R-A36G-07,TCGA-2L-AAQL-01A-11R-A38C-07,TCGA-S4-A8RP-01A-11R-A36G-07,TCGA-HZ-7922-01A-11R-2156-07,TCGA-FB-AAQ1-01A-12R-A41B-07,TCGA-HZ-A9TJ-01A-11R-A41I-07,TCGA-2J-AABP-01A-11R-A41B-07,TCGA-2L-AAQJ-01A-12R-A39D-07,TCGA-RB-A7B8-01A-12R-A33R-07,TCGA-US-A776-01A-13R-A33R-07,TCGA-2J-AAB1-01A-11R-A41B-07,TCGA-Z5-AAPL-01A-12R-A41B-07,TCGA-YH-A8SY-01A-11R-A37L-07,TCGA-US-A779-01A-11R-A32O-07,TCGA-XN-A8T5-01A-12R-A36G-07,TCGA-HV-A5A6-01A-11R-A26U-07,TCGA-F2-A44G-01A-11R-A26U-07,TCGA-IB-A6UG-01A-32R-A33R-07,TCGA-IB-AAUS-01A-12R-A38C-07,TCGA-US-A77G-01A-11R-A32O-07,TCGA-3A-A9I9-01A-11R-A38C-07,TCGA-IB-A5SP-01A-11R-A32O-07,TCGA-HZ-A4BK-01A-11R-A26U-07,TCGA-H8-A6C1-01A-11R-A32O-07,TCGA-XN-A8T3-01A-11R-A36G-07,TCGA-3A-A9IO-01A-11R-A38C-07,TCGA-FB-AAQ3-01A-11R-A41B-07,TCGA-HV-A5A5-01A-11R-A26U-07,TCGA-HV-A5A4-01A-11R-A26U-07,TCGA-IB-AAUN-01A-12R-A38C-07,TCGA-IB-7890-01A-12R-2204-07,TCGA-HZ-8003-01A-21R-2204-07,TCGA-IB-7888-01A-11R-2156-07,TCGA-XD-AAUG-01A-61R-A41B-07,TCGA-3A-A9IV-01A-11R-A41B-07,TCGA-IB-AAUT-01A-11R-A37L-07,TCGA-IB-8126-01A-11R-2404-07,TCGA-FB-AAPY-01A-11R-A41B-07,TCGA-IB-AAUQ-01A-22R-A41I-07,TCGA-HZ-A49G-01A-11R-A26U-07,TCGA-3A-A9IL-01A-11R-A38C-07,TCGA-FB-AAQ0-01A-31R-A41B-07,TCGA-HZ-A77Q-01A-11R-A36G-07,TCGA-HZ-A8P1-01A-11R-A37L-07,TCGA-2J-AAB6-01A-11R-A41B-07,TCGA-IB-AAUM-01A-11R-A37L-07,TCGA-2J-AABR-01A-11R-A41B-07,TCGA-HZ-A49I-01A-12R-A26U-07,TCGA-2J-AABA-01A-21R-A41B-07,TCGA-HZ-A8P0-01A-11R-A36G-07,TCGA-FB-AAPZ-01A-11R-A41B-07,TCGA-FB-AAPQ-01A-11R-A41B-07,TCGA-3A-A9IS-01A-21R-A39D-07,TCGA-M8-A5N4-01A-11R-A26U-07,TCGA-2L-AAQM-01A-11R-A39D-07,TCGA-IB-7649-01A-11R-2156-07,TCGA-FB-A4P5-01A-11R-A26U-07,TCGA-Q3-AA2A-01A-11R-A37L-07,TCGA-FB-AAPS-01A-12R-A39D-07,TCGA-2J-AABO-01A-21R-A41B-07,TCGA-2J-AABE-01A-12R-A41B-07,TCGA-2J-AAB8-01A-12R-A41B-07,TCGA-FB-A4P6-01A-12R-A26U-07,TCGA-HV-A5A3-01A-11R-A26U-07,TCGA-LB-A9Q5-01A-11R-A39D-07,TCGA-FB-AAQ6-01A-11R-A41B-07,TCGA-H6-A45N-01A-11R-A26U-07,TCGA-FB-AAPP-01A-12R-A41B-07,TCGA-FB-A545-01A-11R-A26U-07,TCGA-HV-A7OP-01A-11R-A33R-07,TCGA-2J-AABU-01A-11R-A41B-07,TCGA-F2-A44H-01A-11R-A26U-07,TCGA-2J-AAB9-01A-11R-A41B-07,TCGA-F2-6880-01A-11R-2156-07,TCGA-2J-AABV-01A-12R-A41B-07
HSPD1,ENSG00000144381.18,14.617467465294196,14.891309054409657,15.296091697024686,14.605016447911364,14.109177703355275,14.813380386924727,13.684200712989995,14.383434301822776,14.196525287288997,14.063732120196919,13.789227956858,13.977011540085341,13.785043714779723,14.09819661452721,14.479780264029099,13.505935576704188,14.136109979077643,14.026264066069682,13.504694868818218,14.320448009955344,14.65032253323982,14.101893622719853,13.401146182153498,13.538431462950005,14.733545003757078,14.016111838220512,14.380122809233894,14.826002209407939,14.07556271374075,14.005361387722765,14.026436988884331,13.927037168720295,13.410716333604269,14.291314616229645,14.705632387361415,13.814582465906277,13.830416171792939,13.813681000582537,14.62924276654675,14.644870228269204,14.265981240623258,13.605826723159224,14.60490065714595,13.672646326124626,13.505687520472337,14.225282763665403,13.478769619475763,15.437622047084373,13.135067945777816,14.962127833188656,13.566767596032916,13.670545608753272,14.297417851833117,13.283233078413188,13.83880998570856,13.566410861217774,13.419433550705378,14.046527211152096,13.376803698114138,13.52564314914525,14.144339591247839,13.930182916865272,13.916439322580777,13.319107575824983,13.814382188951573,13.323617763291578,13.747143998186747,13.453141999973635,14.4697689885597,13.181462881270015,12.846273911349906,13.594557879863732,13.336367081389795,13.933690654952233,13.802112418586066,13.342352510087794,12.536490073199161,13.567005370247033,13.496229639354993,13.8971836909609,15.372354967457666,13.393658591454773,13.114555731198413,12.865539970785697,13.022194401760634,13.166163082646113,13.82744195061677,12.936085781679678,14.10705356960822,13.491477345568105,12.945809584900822,13.587308728333545,13.679809946332526,13.719816603018126,12.895764600016399,13.188125180255538,12.919980595048962,13.558301121521517,13.049508251055096,12.845490050944376,15.136190104319445,12.99116750614001,12.61447980424533,13.42678889459556,12.904634621668151,12.7714894695006,13.522336320913306,13.39780830865287,14.563851677082729,13.369461030783617,13.494730605495072,12.687813062564931,13.199672344836364,12.954559846999834,13.165692152320114,13.266493756312183,13.305491792110685,12.76632184795396,13.1357092861044,13.731000754366592,13.326008077730995,12.928888439397635,13.107217075591382,12.656201380194553,13.83219776578554,13.275978964975623,13.4526273491019,12.667111542075027,13.454684851960145,12.6640027628865,12.671762186344608,12.794821973331223,13.326008077730995,12.97960382407446,13.267518241801467,13.224906090719767,12.79197682089869,12.94891470931216,12.56961830344664,12.884933647949762,12.855257827193196,12.905010862390295,12.733439082899434,12.26502894245816,13.76487159073609,12.608485856495319,13.463396650280446,12.786678033890652,12.999471572532684,12.596888567027964,12.677279191312175,13.014369242235137,12.746514321138463,13.56724310527944,14.259596162488423,13.507051302247916,12.665335917185176,12.137631598235428,12.694357887221452,12.226111098132389,12.875173386927388,11.971543553950772,12.897845456005511,12.828136484194108,13.068778277985412,12.16427843830117,12.948549747245734,12.485577770903188,13.149111990706889,12.146250445885986,13.056299014550337,12.26473580113014,12.929258408636972,12.081483438093674,12.263562639820615,12.106890045092218,12.13859179463752,12.007728114632254
HSPE1,ENSG00000115541.11,10.863411958941638,10.834471049984222,11.163020639580793,10.051208940914766,9.954196310386875,10.59898297103609,9.932214751968385,10.075479149488016,9.539158811108031,9.981567281903015,9.894817763307943,9.493855449240822,10.474719946526482,9.840777923595054,10.17617314910749,10.595257481449035,10.285402218862249,10.262094845370179,9.712527000439824,10.103287808412022,10.597121428789569,9.975847968006784,9.187352073200497,9.60733031374961,10.836839359748716,10.732167425663386,10.55170826162069,10.4231159101471,10.01262453886506,10.171176797651771,10.111135670234708,10.566054038171092,9.353146825498083,9.733015321685963,10.92035285541508,10.332036548361652,10.020979938904212,10.388017285345136,10.536247215688128,10.398743691938193,11.274378153246364,9.507794640198696,10.661778097771988,9.45532722030456,9.605479518061669,9.873444112515376,9.521600439723727,10.754052367528924,9.308339030139408,11.331476821859619,9.30149619498255,9.807354922057604,9.92184093707449,9.394462694610317,9.703903573444663,9.442943495848729,9.310612781659529,9.843921051289035,9.333155350310616,9.674192268145683,10.286557761607957,9.974414589805527,10.750706986224948,9.052568050804153,9.826548487290914,10.245552706255681,9.726218159332198,9.461479447286155,10.11504365016171,11.055282435501189,8.50382573799575,10.079484783826816,9.63662462054365,10.985841937003341,9.579315937580015,9.499845887083206,8.409390936137703,10.005624549193879,9.794415866350105,9.965784284662087,11.58777751632821,9.594324603924848,9.368506461507693,9.64745842645492,8.96289600533726,9.162391328756906,10.099347810403193,8.861086905995395,10.122827994807666,9.667111542075027,9.515699838284043,9.92035285541508,9.7431513941125,9.266786540694902,8.92184093707449,10.81698362325538,9.049848549450562,10.111135670234708,9.29920801838728,8.451211111832329,11.082814337672273,8.550746785383243,9.052568050804153,9.67065624911844,9.89026427702111,9.149747119504681,9.640244936222345,9.857980995127573,10.030667136246942,9.59245703726808,9.442943495848729,9.965784284662087,9.957102041562287,8.86418614465428,9.269126679149418,10.052568050804153,10.101975670949232,9.169925001442312,9.493855449240822,9.419960177847889,8.957102041562287,9.321928094887362,9.167418145831737,9.62935662007961,9.665335917185176,9.068778277985412,10.066089190457772,8.851749041416058,9.802516365121223,10.708221730038353,8.409390936137703,8.266786540694902,9.219168520462162,9.041659151637214,8.927777962082342,9.266786540694902,8.569855608330949,8.271463027904375,8.721099188707186,8.59245703726808,9.18239435340453,9.271463027904375,8.266786540694902,8.467605550082997,9.659995892429977,8.686500527183219,9.839203788096944,9.00842862207058,8.731319031025064,8.661778097771988,8.62935662007961,8.774787059601174,9.663558104217273,9.273795599214264,10.46454575033394,9.159871336778389,8.20945336562895,8.243173983472952,8.804131021183318,7.679480099505446,9.649256177517314,8.50382573799575,9.294620748891626,8.731319031025064,9.77313920671969,7.442943495848728,8.761551232444479,8.238404739325079,9.20945336562895,7.330916878114617,9.566054038171092,7.912889336229962,10.900112062977456,8.370687406807217,7.383704292474052,8.118941072723507,7.531381460516312,8.696967526234287
CCT6A,ENSG00000146731.11,13.74965996169181,13.972172081440796,14.141308885751961,13.76766721124012,13.41706134676029,14.043454558894839,13.070624122430266,13.334412966291072,13.60917873814198,13.574238722636666,13.261213451366048,13.381137338968552,13.335948565202298,13.284824100224624,13.798674298826828,13.18874336774904,13.573883830656468,13.412966718580915,12.738514532429267,13.302781701267097,13.648582283363735,13.773654362961869,12.92016673723887,13.058837332677816,13.32333628928017,13.220680621052203,12.845490050944376,13.459047326948218,13.224152449663665,13.279900715802762,13.163020639580793,13.014543596581943,12.868243817704636,13.551828401108695,13.665224868034455,13.381137338968552,13.746934136372298,13.284390359165819,13.754678763822529,13.581082863754203,13.222493052246467,13.080651001949818,13.108687796154612,13.065079488999862,12.961268803539594,13.307627747257134,12.922026839405897,12.37910756556115,12.820378436323683,13.541701645780236,13.076314574284591,13.08214904135387,13.541217641736147,12.662890859139061,13.08115052127187,12.61171646094388,12.975310618056731,13.329656209519616,13.207624468226758,12.731743290707842,13.138271800172221,13.04336911395769,12.991876099003415,12.703038388986418,13.623767203560284,13.237658118679688,13.068778277985412,12.89121410590583,13.202276903043389,12.488844346457336,12.393926675640417,13.140670030415102,12.855452509744048,12.989217079314361,12.821574700936907,12.697619199078714,12.277578002415737,13.121695390556571,13.051038962117408,13.184410482249875,13.178509245652183,12.997003015272806,13.209910227945816,13.071629952153245,12.82137539237254,12.879966079664356,13.879487526224837,12.61677855400014,13.154659910133047,12.88340698638837,12.429145170478744,13.07363951028323,13.486457961394274,12.868629668212657,12.562003863651553,12.233619676759702,12.479780264029099,12.844705764411938,12.726005231128596,12.60478485708642,13.391914828931892,12.534059656450363,12.271463027904375,12.61654884377899,12.26795708440284,12.59898297103609,12.650154213675094,13.185649777969497,13.081982669325678,13.89045429283184,12.960545013211663,12.760096169244092,12.943979914343739,12.617237864746105,12.604553229079038,12.545929769085467,12.786269627648466,12.520127550324851,13.509156432503849,12.61769702930787,13.064237530971361,12.542306422582591,12.672867276433793,11.96974625081451,12.957102041562287,12.50308035175293,13.041830239101499,12.555068391333338,13.427705681452814,12.453013354466314,12.393122273589531,12.396604781181859,12.700656452918167,12.52943055414615,12.526988205432007,12.531137741444715,12.127349541059118,12.78135971352466,12.096715154488535,12.031356596255709,12.600145216358667,12.496354488564615,12.119589620741122,12.44940661498558,12.744623639343585,12.209148710355747,13.056468374771333,13.012100716151568,12.099676554859643,12.451468712947358,12.21856323619027,12.496354488564615,12.564149489985732,12.680359523513713,11.889503963411476,13.000176099486442,12.349004718027743,11.89178370321831,12.425478187645329,11.981923987317339,12.34318571544788,11.849405100947758,12.314583244274194,12.044052531801302,12.20304205556246,11.893301530860564,11.725792271494157,11.766528908598865,12.24852060493843,11.843528534611089,13.080484457067568,12.075813377461454,11.998942951443086,11.7710767402628,11.469133019829592,11.672867276433793,11.217351905270334,11.21856323619027
HSPA9,ENSG00000113013.16,14.443655857907856,14.536125771600268,14.43567026093655,14.48198858382487,14.055112935995515,14.666168513465266,13.483815777264256,13.880922710586542,14.121290673455453,14.178664851006472,14.63367640989232,13.850772862313322,13.9049168114081,13.89548061424581,14.224303209373389,13.528942415064895,14.027819625746924,13.737036036540228,13.465821455643775,14.004220466318195,14.200438879597975,13.980675132322368,13.404875455015208,13.521477756357788,14.283088353024002,13.311748315004959,13.263709337165892,13.957102041562287,13.555907202377876,14.107462299826238,13.930090492697849,12.657988276277939,13.44190670454224,13.376803698114138,13.865153292938063,13.535882852751254,13.393792639774581,13.457252611009247,13.81498293642679,14.088125692188207,13.594091290260412,13.67991987851842,13.77828250999565,13.339571678384699,13.203195037381263,13.672646326124626,13.640244936222345,12.891593862433657,13.094737505048093,14.180919244664318,13.40261240350664,13.295481973695367,14.014543596581943,13.35273314949786,13.996650019175894,13.38653614792914,13.290882822429577,13.63185912728278,13.689888804528932,13.216745858195306,13.856036399819155,12.972441366563535,13.1901333218648,12.97100459807343,12.828334860961816,13.136190104319445,13.536975665610642,13.29117069932186,13.405806268936269,12.76424960536716,12.800293258223418,13.236163717219272,13.150857922538849,12.90613899619538,13.411246151840444,13.360572781480695,13.398075622909868,13.046271406599123,13.399144384911438,13.590236157285094,13.600145216358667,13.486709345789558,13.559496593118666,13.066930068864098,12.92740761294903,13.132339064219257,13.503949931603273,13.048486873992337,13.403944040153599,13.3445733225962,12.80473605161403,13.196755792715027,13.389631339260522,13.410716333604269,13.053756222562145,12.601538675939848,12.8193807908646,13.061708704660623,12.94708897502536,12.84136778188234,13.089615994228105,13.045589039297345,12.586839787961827,12.828334860961816,12.411775775576528,12.834075953434885,13.039090401998603,13.320659543648578,12.875941288497554,13.508785162064513,13.232570825356989,12.58261245126702,13.228067091082742,12.891024190149498,13.007377733321269,12.840187824040482,12.370959793297386,12.767356854125685,12.288577736992703,13.479906544832794,12.674633661767267,13.103615656394545,13.04678297035635,12.592924155627637,13.441647390253612,12.847840355630714,13.261066499999393,12.653964643249013,14.078317622216062,12.556506054671928,12.910642730469625,12.87209768680786,13.017330404240013,13.12088584278779,13.017678376996377,13.140510272368221,12.644306961545581,14.250594507192316,12.508537595347322,12.834075953434885,12.79766152585376,12.663558104217273,12.782588759494963,13.467478187907599,13.084974434307496,12.874597192401634,13.184720405997767,12.757181632816716,12.51865315567339,12.680359523513713,12.658211482751796,12.978531719709377,12.943979914343739,12.701306461958625,12.980853606379736,14.635548088111689,12.630722162103838,13.704227883896943,12.703687325967547,12.244066464194818,12.187352073200497,12.311464515448444,12.112439506781552,12.614939847310735,12.39473062943157,12.180530807344482,12.117643101389092,12.44759985827995,12.929258408636972,12.112765281885316,13.33343491528405,11.889123656294238,11.627077840517394,12.022367813028454,12.088125692188207,11.793603309279407,12.135067945777816,11.466076461396252
DNLZ,ENSG00000213221.5,5,4.321928094887363,2.807354922057604,3,4.247927513443585,3.321928094887362,3.700439718141092,2.807354922057604,3.169925001442312,3.584962500721156,3.584962500721156,3.321928094887362,3.584962500721156,2,2.584962500721156,3,3.169925001442312,2.807354922057604,5.392317422778761,1.584962500721156,2.321928094887362,3.807354922057604,3.807354922057604,3.584962500721156,3,4.392317422778761,2.807354922057604,2,1.584962500721156,2.584962500721156,3.169925001442312,4.087462841250339,4.392317422778761,2.321928094887362,4.169925001442312,3.4594316186372973,1.584962500721156,3.169925001442312,2,4.392317422778761,4.087462841250339,2.584962500721156,3.169925001442312,2.807354922057604,3.584962500721156,2.321928094887362,4.857980995127572,2.321928094887362,4.321928094887363,1.584962500721156,3.807354922057604,2,2.584962500721156,3.807354922057604,3,2.321928094887362,3.4594316186372973,3.807354922057604,2,3.321928094887362,2.807354922057604,2.584962500721156,4.321928094887363,3.4594316186372973,4.321928094887363,3.584962500721156,3.169925001442312,3,3,3.700439718141092,2.584962500721156,3.584962500721156,3.584962500721156,3.9068905956085187,3.321928094887362,3.321928094887362,5.087462841250339,3.584962500721156,3.169925001442312,1,2.807354922057604,3.807354922057604,4.321928094887363,3,2.321928094887362,3.807354922057604,4.459431618637297,5.247927513443585,0,4.584962500721156,3.321928094887362,2.807354922057604,3.169925001442312,3.807354922057604,4.247927513443585,3.321928094887362,3.321928094887362,4.169925001442312,2.584962500721156,4.169925001442312,1,3.321928094887362,3.807354922057604,2.584962500721156,3.9068905956085187,4.169925001442312,1.584962500721156,2.321928094887362,2.807354922057604,2.807354922057604,2,3.807354922057604,3.169925001442312,2.807354922057604,2.807354922057604,4.459431618637297,2.584962500721156,3.807354922057604,2.584962500721156,2.807354922057604,2.584962500721156,2.807354922057604,3.169925001442312,3.4594316186372973,2.321928094887362,3,2,3.4594316186372973,2.584962500721156,2.807354922057604,4.247927513443585,3.4594316186372973,2.807354922057604,2,2.321928094887362,2.321928094887362,3.9068905956085187,3.321928094887362,2.807354922057604,2,2,2.584962500721156,3.4594316186372973,3.700439718141092,3,2.584962500721156,3.169925001442312,3.169925001442312,3.169925001442312,2.584962500721156,3.700439718141092,2.584962500721156,3.584962500721156,2.321928094887362,2,3.321928094887362,3.321928094887362,2.807354922057604,2.584962500721156,3.169925001442312,3.584962500721156,2.807354922057604,2.321928094887362,2.807354922057604,3.169925001442312,2,2.584962500721156,2.321928094887362,0,3.700439718141092,1.584962500721156,3,3.169925001442312,2,2,1.584962500721156,2.321928094887362,2.807354922057604
GRPEL1,ENSG00000109519.13,11.855647166027266,11.43306376512207,11.774375272802063,11.527965641133955,11.17617314910749,11.790348496751914,10.787902559391432,10.698704666770345,11.239598529249124,11.508289986140348,11.448632567730552,11.092757140919852,10.478769619475763,10.978710459106358,11.727069558023706,11.12605911607068,10.491853096329674,11.363039630256514,10.456354415108288,11.476239906323851,11.632995197142957,11.714245517666123,10.823367240046235,10.26795708440284,11.457380879072534,11.018895621121649,10.192292814470767,10.773963368433558,10.847057346091336,10.768184324776927,11.558898981146703,11.767356854125685,10.802516365121223,11.24198314969433,11.677719641641009,10.72451385311995,10.912140856295721,11.348174867535556,11.053925881531105,11.855647166027266,11.070791809423062,10.762382038710392,11.44086916761087,10.333155350310616,10.61194694181998,11.827342704234116,10.913637428049103,10.608254821977908,10.585901449690772,11.162391328756906,10.787902559391432,10.89178370321831,10.987974524296153,10.700439718141093,11.189206834597025,10.610102062999664,10.579315937580015,10.957827560833744,11.046441948007311,10.874981347653774,11.546894459887637,10.95637615724967,10.8193807908646,10.50084187955693,10.566054038171092,10.740624044489413,10.832890014164741,10.776433032444734,10.911391987843459,11.002815015607053,9.955649907528374,10.995767150877802,10.834471049984222,10.00982861736811,10.665335917185176,10.987264012072538,10.697836357962377,11.113090983442381,10.97656412341533,11.31741261376487,11.410981267043796,10.7632123668144,10.76487159073609,10.278449458220482,10.480790201095816,10.583082767502933,11.048486873992337,10.512740462803498,10.651051691178928,10.517669388133811,10.358651200892886,10.279610581052484,10.893301530860564,10.978710459106358,10.65284497300198,12.03376711484639,10.246740598493144,10.332036548361652,10.10459875356437,10.632086412835182,10.993646060016596,10.39231742277876,10.273795599214264,10.459431618637296,10.345405246717796,10.27262978497637,10.857203471508166,10.198445041452363,10.470658874060552,11.208843990734614,10.53430288245463,10.134426320220927,10.737247343027738,10.537218400538595,10.496853777388042,10.257387842692651,10.81698362325538,10.27262978497637,10.50084187955693,11.171176797651771,10.156083076288681,10.490850876740298,10.73047013718422,10.409390936137703,10.462502272597265,10.087462841250339,9.746514321138463,10.25502856981873,9.884170519108435,10.183635381473218,10.277287400130357,10.219168520462162,10.696098170955864,10.117643101389092,10.377210530388552,10.675074920385445,10.144658242831882,10.759888183221834,9.754887502163468,10.194756854422248,10.59618975614441,9.583082767502933,10.06339508128851,10.590587049915035,10.302638923787553,10.262094845370179,10.655530723155643,10.903128676812319,9.912889336229961,10.005624549193879,9.640244936222345,10.469641817239516,10.350939181546432,9.98299357469431,10.191059214531656,10.98655314975666,9.90839262077375,11.04916787237217,10.131856960608793,9.92184093707449,10.147204924942228,9.717676423066395,9.791162888555018,9.79766152585376,9.428360172704291,9.567956075415466,9.571752643503546,9.792790294301064,10.06204613772049,9.31741261376487,10.116343961237469,9.923327485419192,9.535275376620802,9.63117705570398,9.236014191900084,9.269126679149418,9.29232163280204,9.684748620421626
GRPEL2,ENSG00000164284.15,10.559377090526683,10.873444112515376,11.058668250340572,10.812979471251483,10.395534135462302,10.924070185585345,9.820178962415188,9.759888183221834,10.38586240064146,10.376125389276174,10.360847084179664,10.083479327331842,10.20945336562895,10.319672120946995,10.61378946447258,10.049848549450562,10.401946123976536,9.927777962082342,9.485829308701904,10.294620748891626,10.468624042918018,10.39231742277876,10.219168520462162,9.546894459887637,10.293471648838134,9.579315937580015,9.483815777264256,9.876516946565,10.159871336778389,10.38586240064146,9.850186837645774,10.749031382040204,9.531381460516313,9.544964432789238,9.586839787961827,9.820178962415188,9.7714894695006,9.44086916761087,10.116343961237469,9.957102041562287,9.105908508571158,10.045759661382682,10.204571144249204,9.7714894695006,9.473705749619416,9.603626344986193,10.12023787734196,9.199672344836364,9.705632387361415,9.46352437327118,9.57742882803575,9.67595703294175,9.83605035505807,9.390168956200183,10.13699111208023,9.917372079476841,9.7714894695006,9.703903573444663,9.734709620225837,9.60917873814198,9.756556322524087,9.759888183221834,9.221587121264806,9.344295907915816,9.271463027904375,9.157346935362844,9.682994583681683,9.428360172704291,9.972979786066292,8.845490050944376,8.800899899920305,9.567956075415466,9.726218159332198,10.203348002979762,9.39231742277876,9.479780264029099,9.612868497291041,9.335390354693924,9.622051819456376,10.002815015607053,9.810571634741146,9.590587049915035,9.702172685365548,9.430452551665532,9.65284497300198,9.717676423066395,9.46352437327118,9.169925001442312,9.900866807980748,9.766528908598865,9.211888294546004,9.308339030139408,9.398743691938193,8.897845456005511,9.60917873814198,8.977279923499916,9.353146825498083,9.556506054671928,9.505811553919594,9.449148645375436,10.517669388133811,9.79766152585376,8.854868383260236,8.888743248898258,8.851749041416058,9.219168520462162,9.467605550082997,9.642051692927977,9.144658242831882,8.980139577639157,9.51175265376738,9.169925001442312,10.76983784362944,9.03342300153745,9.12670447284319,9.025139562278508,8.98299357469431,9.25502856981873,9.321928094887362,10.027905996569885,8.873444112515376,9.594324603924848,9.710806433699352,9.14210705730255,9.364134655008051,9.403012023574997,9.29232163280204,9.280770770130603,9.62935662007961,9.432541900388259,9.214319120800766,9.095397022792557,9.344295907915816,9.350939181546432,9.57553924683453,9.381542951184585,8.682994583681683,8.800899899920305,9.531381460516313,9.194756854422248,9.052568050804153,9.144658242831882,9.211888294546004,9.612868497291041,9.3151495622563,9.087462841250339,8.820178962415188,10.166163082646113,8.848622940429339,8.876516946565,9.005624549193879,9.590587049915035,9.005624549193879,8.76487159073609,8.854868383260236,9.753216749178955,9.103287808412022,9.29920801838728,9.118941072723507,8.689997971419446,8.997179480937621,9.20212382383046,8.546894459887637,8.761551232444479,8.622051819456376,8.83605035505807,8.971543553950772,8.092757140919852,9.131856960608793,8.539158811108031,9.451211111832329,9.121533517340032,7.7481928495894605,8.447083226209653,8.29920801838728,8.139551352398794,8.326429487122303,7.768184324776926
DNAJA3,ENSG00000103423.14,12.602002863537445,12.208843990734614,12.267371931265274,12.438531977761583,11.938844457466171,12.131213905086272,11.524051918717824,11.502334580197997,11.756139298372927,11.88340698638837,12.059682447247638,11.437231901039478,12.212800334429431,12.51224664282918,11.877284133523196,11.388017285345136,11.818582177480858,11.727920454563199,11.222191138456333,11.618844301766652,12.094407633081207,12.051888655905378,11.404077136241234,11.152284842306582,11.749031382040204,11.7300455028792,11.428883552010191,11.849405100947758,11.389093521904474,12.303209948944776,11.62296694479051,10.790348496751914,11.37232095486726,11.613329054371054,11.857203471508166,11.787902559391432,11.4578938373147,11.445014845868423,11.368506461507693,11.975847968006784,11.614249727689401,11.374496145691516,11.495355392235982,11.362491806046062,11.38586240064146,11.885696373339394,11.369597346278677,10.298062567719017,11.043710863347156,11.285402218862249,11.437231901039478,11.531381460516313,11.7710767402628,11.207014320177532,11.460967762570421,11.047805554007589,11.225207436943501,11.822570830950168,11.323054760341646,11.047123912114026,11.597587039586216,10.902375114486025,12.006326078524934,10.787086324551616,12.027560482248777,11.018895621121649,11.191676146352428,11.396604781181859,11.842743180731658,11.171802288682983,10.961449694398196,11.283088353024002,11.388017285345136,10.318542809702723,11.2246046815385,11.500343969270403,10.71681946132995,11.107217075591382,11.456354415108288,11.584492796975875,10.861862340059151,11.679480099505446,11.731319031025064,11.159240650411673,11.246146774635864,11.047805554007589,11.697836357962377,11.000704269011246,11.525031345124,11.28886607416582,10.82097669262124,11.497851836951117,11.416269744523207,11.308907804063939,11.207624468226758,10.843921051289035,10.916625922211235,11.556506054671928,11.354800344350597,10.758223214726724,11.719388820942083,11.046441948007311,10.606405212697785,11.050528905530555,10.642051692927977,10.926295994781112,11.072132604167233,11.401946123976536,10.992230264965889,11.190442018782825,10.737247343027738,10.623881490013458,11.231821178657404,11.056637715113201,11.105908508571158,10.531381460516313,11.3009244909763,10.81698362325538,10.183635381473218,11.040289721025717,11.389093521904474,10.888743248898258,11.415213598765286,11.36468185586456,11.655530723155643,11.03823313473178,11.158609688214478,10.778077129535358,11.25679838607939,10.484822894262146,10.926295994781112,10.749031382040204,10.925554439873554,11.068778277985412,11.101975670949232,10.886458695703706,10.345405246717796,10.705632387361415,10.59618975614441,10.62662165235837,10.911391987843459,10.910642730469625,10.894059846274022,11.018200178813226,11.240195053979924,10.450180247164754,11.23421867823847,10.807354922057604,10.897845456005511,10.618385502258606,10.971543553950772,10.710806433699352,10.912140856295721,10.10459875356437,9.984418458801137,11.448116305409464,10.715104009236168,10.987974524296153,10.372865060112588,10.484822894262146,10.45532722030456,10.076815597050832,10.064742764750257,10.73047013718422,10.372865060112588,10.733862719678543,10.639340708652231,10.585901449690772,10.787086324551616,10.152284842306582,11.286557761607957,10.264442600226602,9.709083812550343,10.027905996569885,10.014020470314934,9.719388820942083,10.18239435340453,9.350939181546432
HSP90AA1,ENSG00000080824.19,16.41603877869609,17.002573315819717,16.67219050921426,16.428540105757612,16.463380684111524,16.804067982585703,15.592719809955232,16.004044859837435,16.391310727433407,15.930390849595783,17.276151673698003,16.319936675445177,16.21983025948905,16.53729424682887,16.756947173217107,15.859850195852593,17.133794441236713,16.588538972082944,15.88624433324955,16.037010648059148,16.596932231471328,15.801733615961497,15.828905042270893,14.94987229570124,16.20861540877408,16.09376829142795,15.920911065923454,16.55735898992126,16.432525589073176,15.958167522435074,15.636511339161556,14.8362476466879,15.761940732453384,15.669853914165968,16.162430668726664,15.95576340814923,16.16368898168791,15.945398111292226,16.586018775355935,15.43479109496069,16.51116582198106,15.953719029521451,16.228330195419613,15.871351803313496,15.202850805473906,16.244233742882567,15.978285916875096,17.56829758211392,15.013584386812267,16.837159769688302,16.13034934762138,15.207662593913284,15.990702302861399,15.795963536711662,16.78808104922077,15.454684851960145,15.854235312566662,15.982347460478321,15.253958252774389,15.8952675882269,15.799079209029006,15.698406244560122,15.207662593913284,15.010571812660224,16.568787428826923,15.02622083212728,15.855671496216079,15.549694436533766,15.882905698344299,15.181462881270015,14.613616827902595,15.655586623151422,15.247334178028728,15.467732901015761,16.014325650355847,16.002089794732658,15.084351661354724,15.63254087654689,15.129162250586855,15.736137638529728,16.046740346970843,15.596102380979142,15.998568394278891,14.837825009196694,15.188820622563961,15.394831092162079,15.53393802806932,14.872674880270605,15.60516117330055,15.548340287676147,14.511876166891113,16.453833273107527,15.547707916302125,15.115124953948307,14.797813487131315,15.164042684555913,14.822371659963327,15.437947088212455,15.06305796362349,14.90190393807474,17.002408497290663,15.685077265027829,14.71462117058867,15.499970423752185,14.755252721603288,15.203348002979762,16.04537573331028,15.11150249337931,16.040653602834087,15.48463411336978,15.828186080943373,15.35404271678444,16.01467434851541,15.308161242292325,14.660887270302567,14.540733475260962,15.425412621029055,14.404077136241234,15.120764371432484,14.318472198389742,14.925368991574452,14.697782071305829,15.311925661382014,14.624167166543746,15.348105691776588,15.53688462948246,15.089988329318507,14.789380809010591,16.539476910653732,14.792891946232823,14.998237821888047,14.839302221900475,14.506493547333518,15.909283708875707,15.3011031728161,14.71499672572313,14.738039466827844,14.934520187341676,15.03870469476539,14.802667815917362,14.73798667210327,14.741045577009837,14.9264813239664,14.746094383705463,14.693160223256985,14.57896229251368,15.121573987346933,15.472056157502356,14.708545071351026,14.941414470942911,15.252221912938362,14.419104311095357,14.73714169365265,15.039261794341055,16.079380611350516,16.81913127166771,15.101688481729434,14.452048147337994,15.412834440119273,14.131374695840508,14.224303209373389,13.862249900851513,15.270258820568854,14.58084739859277,14.697456308462154,14.70552439716406,14.699301326068248,14.528026708883159,14.621021609124346,14.359337773523219,15.213901613912919,14.690925556621693,13.917185576336397,14.323406662931603,14.065836831335082,14.027733249752831,13.252665432450248,13.24272753598652
HSP90AB1,ENSG00000096384.20,16.840777923595056,16.70352511908561,17.631908849057147,16.316458321776572,15.83444635961959,16.350697515410776,15.437329447442398,15.7238742188639,16.45452421517374,16.35197443528585,16.47030934164433,16.25714840498943,16.35808453239765,16.649943786599653,16.444998674967167,15.71083333334119,16.621350784064546,16.45722054221145,16.64991572733715,16.550325937953083,16.92404698199163,15.90063099257937,15.908134571463734,15.764379207767679,16.352767627028744,15.805214854154288,15.744282002008202,16.23674298149889,16.044522193843946,16.31071927588648,15.839179178596643,15.986286486059608,15.662251126228256,16.969217867270093,16.3127234504058,15.958688641349259,15.836296965380013,15.442295588602517,15.95687524194526,16.24705596802956,15.74730137451629,16.122160674908894,15.974549029525527,16.04769906868902,15.260809299084752,15.707547869459766,15.484791432495488,16.39732367528213,15.359200485133632,16.191830338095308,15.768468658235697,15.67140284972935,15.907219297264577,15.694983543366119,15.679177673650832,15.298205798797902,15.90958842849684,16.19829155509221,15.787213891690328,15.732803394393494,15.753007768945245,15.57462309045768,15.16831954857327,15.47826403158172,16.484539713659338,15.756921119798276,15.66874651257189,15.545024785235057,16.298205798797902,15.484885815737215,14.848769627830887,15.64495469931334,15.10058021604853,15.653880698116321,15.577812346989626,15.847008393881879,15.165770651383761,15.45114670436604,16.2175223101496,15.54644234139083,15.818357487792012,15.427803874070914,16.231764939448958,15.170942168582181,15.523806958187327,15.521017600796867,15.771953648800983,15.44759985827995,16.310541781140756,15.709783875479351,15.147562691848188,15.443623485443933,15.767718930935438,16.073409390355973,15.363005397337062,14.723660944409984,14.909189936042337,15.250816534284999,15.573588020637002,15.017634884991464,16.12688592743341,15.57089335849502,15.130731425273218,15.401446212318017,15.426854398695138,15.095149738968345,15.611197744306526,15.654831790394732,15.918211045375715,15.429145170478744,15.89692362876265,15.035615318961998,16.089884912543134,15.430191170191696,15.22143607744528,15.225508720236002,14.969296574957335,15.20277429833909,15.140590153603029,15.43449792053815,15.793958859311527,15.113457309824126,15.35545433903599,14.970285676897028,15.044308730051164,15.616118038508016,15.361155612388803,15.339293300180094,17.093252486861505,14.317483276955974,15.028726261596153,15.141787841671004,15.772933092705355,15.369120185685311,15.218071255661874,15.259559384844144,15.041274130644581,15.190866369222405,15.13526839525793,14.94708897502536,14.874501137603444,15.178937119998457,14.949598764440694,15.091807252216233,15.2235869603999,14.694194627942023,15.183867955434478,15.25904439935748,15.013366295620353,14.994839557322626,15.357861238227708,14.814432260796815,14.732644428491632,15.280662042030299,15.480032814583948,16.153888441885897,15.197370293859827,15.066173300356697,15.056383697146018,14.23825544610397,14.557643189649259,14.388151858829762,14.707251271063233,14.849062957897818,14.637417341257986,14.536975665610642,15.073513994873228,14.641995266017208,14.896852694571772,14.436516359150934,14.72648427540122,14.600145216358667,14.464673371638892,13.887696611065065,14.589768167648069,14.32206897619609,13.90190393807474,14.036431213668514
TRAP1,ENSG00000126602.11,12.230921088137896,11.737247343027738,11.950920352030098,12.115368837820224,11.437752072323603,11.774787059601174,10.943979914343739,11.91513244895065,11.309476353841106,11.21856323619027,11.346513733165635,11.082814337672273,11.502831804066744,12.132178380915544,11.383704292474052,11.25915476886684,11.097373768990222,11.057314877782703,11.295194955880655,11.52061868055628,11.53430288245463,11.456354415108288,11.184255495405349,10.947636937951827,12.042685372219351,11.535761377986656,10.73640193131829,11.899356922923111,11.147204924942228,11.85447883417163,11.331476821859619,10.19598729802851,11.055282435501189,11.85836959985474,11.506803437795647,11.260919533662905,11.154818109052105,11.12023787734196,11.09077405464075,11.970105890612182,11.14210705730255,10.874981347653774,11.675516044082778,11.27029532647204,10.694357887221452,10.443979542601253,10.655530723155643,10.08214904135387,10.457380879072534,10.702172685365548,10.960001932068081,10.970105890612182,11.859146495425959,11.296916206879288,10.7431513941125,10.661778097771988,10.950555897047511,11.763627351727628,10.838416075797337,10.779719355143405,11.1767964781476,10.599912842187127,11.483815777264256,10.55170826162069,12.160501747555687,11.320800548881637,10.939579214314692,11.205793249397157,11.94982671075911,10.430452551665532,10.426264754702098,11.934796592178403,11.169298695792845,10.346513733165635,11.18239435340453,10.99929538702341,10.410451351503994,11.230020435705635,11.17367713630342,11.1357092861044,10.835260918627489,10.978710459106358,12.450695771572915,10.591522346570734,10.704768239362599,10.667111542075027,11.731319031025064,10.485829308701904,11.287712379549449,10.963618617443972,10.166163082646113,11.161131882984307,11.064742764750257,11.298062567719017,10.638435913990472,10.486835021563051,10.553629293916364,10.417852514885897,10.533329732305834,10.604553229079038,11.272046524389937,10.414685235807214,10.41679752760606,10.677719641641009,10.278449458220482,11.531868775177553,10.767356854125685,11.269711121142782,11.376668061857668,10.523561956057012,10.828929827651486,10.60733031374961,11.37232095486726,10.778077129535358,10.390168956200183,10.672425341971495,10.980853606379736,10.087462841250339,10.930737337562887,10.881878707600446,10.929998062609027,10.365228849251544,11.272046524389937,10.643856189774725,11.448116305409464,10.391243589427443,10.791162888555018,10.222794902868111,10.611024797307353,9.523561956057012,10.759888183221834,10.989394499844732,10.458406613236532,10.558420713268664,10.655530723155643,10.5980525001616,10.211888294546004,10.854868383260236,10.4241662888181,10.181152256865566,10.46454575033394,10.480790201095816,10.566054038171092,10.844705764411938,11.513727595952437,9.918863237274595,11.303209948944776,10.138271800172221,10.767356854125685,10.554588851677638,10.665335917185176,10.414685235807214,10.71338651493703,10.001408194392809,10.54882190845875,11.312315746690107,11.005624549193879,10.117643101389092,10.17367713630342,10.002815015607053,10.1357092861044,9.52943055414615,9.224001674198105,10.513727595952437,10.28424574982967,10.498849206531725,10.002815015607053,10.382624026574916,10.911391987843459,9.688250309133178,10.489847960439297,9.552669097514272,8.573647187493322,9.471675214392045,10.117643101389092,9.590587049915035,9.94982671075911,9.422064766172813
DNAJC19,ENSG00000205981.8,11.20945336562895,10.657318449581288,10.34318571544788,10.545929769085467,10.638435913990472,10.41574176829009,10.164906926675688,10.153552031708111,10.125413470483315,10.442943495848729,10.634811050171718,10.060695931687555,11.16427843830117,10.232420927176076,10.3409627642517,10.068778277985412,10.527477006060396,10.225207436943501,10.648357582009666,10.375039431346925,10.542064542283443,10.51175265376738,10.222794902868111,9.971543553950772,9.893301530860564,10.253847484987404,9.912889336229961,9.96289600533726,10.027905996569885,10.068778277985412,10.129283016944967,10.309476353841106,10.183635381473218,10.100662339005199,10.760719947465624,9.94982671075911,10.274960472140602,9.987264012072538,9.862637357558794,10.156083076288681,10.116343961237469,10.084808387804362,10.266786540694902,10.333155350310616,9.939579214314692,9.80896417491926,10.26795708440284,9.759888183221834,9.939579214314692,9.874981347653774,10.133142212400601,9.759888183221834,9.65284497300198,10.041659151637214,9.847057346091336,9.7714894695006,9.854868383260236,10.166163082646113,9.39231742277876,9.539158811108031,10.279610581052484,9.744833837499545,10.364134655008051,10.052568050804153,9.649256177517314,9.659995892429977,9.821773981970567,10.025139562278508,9.935165049603695,10.107217075591382,9.303780748177102,10.074141462752506,9.590587049915035,9.761551232444479,9.665335917185176,10.211888294546004,10.129283016944967,9.686500527183219,9.791162888555018,9.85642552862553,10.072802534544207,10.038918989292302,10.722807531169547,9.988684686772165,9.73809225962049,9.57553924683453,9.894817763307943,9.64565843240871,9.800899899920305,9.59245703726808,9.912889336229961,9.543031820255237,10.264442600226602,9.702172685365548,9.709083812550343,9.927777962082342,9.618385502258606,10.947636937951827,10.036173612553485,9.845490050944376,9.73809225962049,9.638435913990472,9.493855449240822,9.523561956057012,9.932214751968385,9.649256177517314,9.682994583681683,10.17617314910749,9.44086916761087,8.939579214314692,9.731319031025064,10.342074667999139,10.070120944476823,9.821773981970567,9.682994583681683,9.419960177847889,9.845490050944376,9.457380879072534,9.784634845557521,9.599912842187127,9.862637357558794,9.442943495848729,10.015415052386688,10.025139562278508,9.744833837499545,9.810571634741146,9.868822554774999,9.394462694610317,9.379378367071261,10.588714635582264,9.403012023574997,9.558420713268664,9.79766152585376,9.663558104217273,9.64565843240871,9.550746785383243,9.090112419664289,9.92035285541508,9.375039431346925,9.79766152585376,9.394462694610317,9.618385502258606,9.469641817239516,10.558420713268664,9.583082767502933,9.025139562278508,9.124121311829187,9.335390354693924,9.76983784362944,9.118941072723507,9.571752643503546,9.390168956200183,9.556506054671928,9.011227255423254,8.829722735086058,10.138271800172221,9.581200581924957,9.85642552862553,9.381542951184585,9.011227255423254,9.558420713268664,9.337621901992508,8.918863237274595,9.477758266443889,9.14210705730255,9.335390354693924,9.398743691938193,9.154818109052105,9.154818109052105,8.968666793195208,9.479780264029099,8.614709844115207,9.681238411777805,8.569855608330949,8.507794640198696,8.57742882803575,8.885696373339394,8.727920454563199
HSCB,ENSG00000100209.11,9.398743691938193,8.829722735086058,9.537218400538595,9.517669388133811,9.51175265376738,9.417852514885897,9.030667136246942,8.751544059089099,9.027905996569885,9.375039431346925,8.826548487290914,8.839203788096944,9.45532722030456,8.804131021183318,9.030667136246942,9.61654884377899,8.603626344986193,9.049848549450562,8.81698362325538,9.375039431346925,8.703903573444663,9.459431618637296,9.047123912114026,8.174925682500678,8.717676423066395,9.245552706255681,8.43879185257826,8.682994583681683,8.980139577639157,8.851749041416058,8.754887502163468,9.011227255423254,8.751544059089099,8.139551352398794,8.820178962415188,8.531381460516313,9.398743691938193,8.330916878114618,8.930737337562887,8.829722735086058,8.049848549450562,8.784634845557521,8.294620748891626,8.936637939002571,8.442943495848729,8.546894459887637,8.960001932068081,7.857980995127572,8.751544059089099,8.139551352398794,8.204571144249204,8.88264304936184,8.39231742277876,8.721099188707186,9.00842862207058,8.491853096329674,8.96289600533726,8.588714635582264,8.294620748891626,8.383704292474052,8.535275376620802,8.214319120800766,8.49585502688717,9.057991722759176,8.134426320220927,8.915879378835774,8.731319031025064,8.693486957499326,8.022367813028454,8.879583249612784,7.499845887083206,8.353146825498083,8.791162888555018,9.118941072723507,8.344295907915816,7.924812503605781,8.276124405274238,7.948367231584678,8.413627929024173,8.658211482751796,7.774787059601174,7.693486957499325,8.968666793195208,8.194756854422248,7.94251450533924,8.214319120800766,8.276124405274238,8.543031820255237,8.693486957499326,8.308339030139408,8.714245517666123,8.199672344836364,8.366322214245816,7.7615512324444795,8.451211111832329,8.271463027904375,8.558420713268664,8.266786540694902,8.243173983472952,8.543031820255237,8.451211111832329,7.800899899920305,8.348728154231077,7.679480099505446,8.45532722030456,7.936637939002571,8.703903573444663,8.714245517666123,8.005624549193879,9.38586240064146,8.219168520462162,8.413627929024173,8.851749041416058,8.710806433699352,8.63662462054365,8.149747119504681,8.933690654952233,8.252665432450248,8.658211482751796,8.308339030139408,8.405141463136344,8.413627929024173,8.29920801838728,8.016808287686555,7.491853096329675,8.405141463136344,8.78135971352466,8.294620748891626,8.361943773735241,8.845490050944376,7.882643049361842,7.98299357469431,8.20945336562895,8.214319120800766,8.344295907915816,8.285402218862249,8.092757140919852,7.076815597050831,8.194756854422248,8.134426320220927,8.927777962082342,8.581200581924957,8.214319120800766,8.330916878114618,8.076815597050832,7.832890014164741,7.6865005271832185,7.794415866350106,8.03342300153745,8.066089190457772,8.228818690495881,8.194756854422248,8.266786540694902,7.569855608330948,7.400879436282184,8.049848549450562,7.672425341971495,8.027905996569885,8.103287808412022,8.055282435501189,8.204571144249204,8,8.092757140919852,8.071462362556623,7.475733430966398,7.651051691178929,7.6220518194563764,7.409390936137702,7.876516946564999,7.636624620543649,7.7481928495894605,7.965784284662087,9.567956075415466,7.554588851677638,7.383704292474052,7.584962500721156,7.20945336562895,8.20945336562895
SDHAF1,ENSG00000205138.4,10.049848549450562,9.955649907528374,9.489847960439297,9.85642552862553,9.80896417491926,9.60177078840771,9.612868497291041,9.945443836377912,9.485829308701904,9.236014191900084,9.214319120800766,9.002815015607053,9.667111542075027,9.54882190845875,9.344295907915816,9.721099188707186,9.199672344836364,9.134426320220927,10.24436383512051,9.776433032444734,9.44086916761087,9.481799431665753,9.233619676759702,8.927777962082342,10.034798962577268,9.62935662007961,9.843921051289035,8.991521846075695,8.49585502688717,9.199672344836364,9.442943495848729,10.020979938904212,8.980139577639157,8.632995197142957,8.73809225962049,9.831307243802051,9.207014320177532,10.314016703901357,9.071462362556623,9.46352437327118,8.897845456005511,8.388017285345136,9.219168520462162,9.262094845370179,9.4241662888181,9.328674927327947,9.231221180711186,8.45532722030456,9.296916206879288,7.491853096329675,9.019590728357882,9.893301530860564,9.030667136246942,9.353146825498083,9.20945336562895,8.804131021183318,8.854868383260236,9.564149489985732,8.599912842187127,9.544964432789238,9.326429487122303,9.543031820255237,9.590587049915035,9.388017285345136,8.791162888555018,9.531381460516313,8.823367240046235,9.370687406807217,9.451211111832329,10.258566033889933,8.426264754702098,9.379378367071261,9.285402218862249,9.236014191900084,9.312882955284355,9.372865060112588,10.016808287686555,9.7431513941125,9.319672120946995,8.682994583681683,8.888743248898258,9.377210530388552,10.73047013718422,9.686500527183219,9.339850002884624,9.016808287686555,9.584962500721156,8.731319031025064,8.707359132080883,8.758223214726724,9.204571144249204,8.88264304936184,9.310612781659529,9.73640193131829,9.224001674198105,10.329796338220701,9.167418145831737,9.12670447284319,9.614709844115207,9.177419537989236,8.96289600533726,8.29920801838728,9.002815015607053,9.025139562278508,9.403012023574997,8.930737337562887,8.546894459887637,9.014020470314934,9.129283016944967,8.668884984266247,9.103287808412022,8.224001674198105,10.309476353841106,9.67065624911844,8.751544059089099,8.654636028527968,9.625708843064466,8.842350343413807,9.381542951184585,8.330916878114618,9.64565843240871,9.154818109052105,9.407267764244732,8.974414589805527,9.614709844115207,9.285402218862249,8.873444112515376,9.002815015607053,9.375039431346925,9.622051819456376,9.162391328756906,8.83605035505807,8.804131021183318,8.20945336562895,8.396604781181859,8.276124405274238,8.558420713268664,10.216745858195306,8.991521846075695,8.654636028527968,9.933690654952233,8.60733031374961,8.7414669864011465,10.34318571544788,8.768184324776927,8.689997971419446,8.842350343413807,9.192292814470767,8.879583249612784,8.252665432450248,9.238404739325079,8.945443836377912,8.700439718141093,8.149747119504681,7.392317422778761,9.78953364497036,8.330916878114618,10.504818987632841,8.011227255423254,8.854868383260236,8.491853096329674,8.832890014164741,9.055282435501189,8.562242424221072,8.174925682500678,8.483815777264256,8.59245703726808,8.280770770130603,8.499845887083206,8.076815597050832,8.845490050944376,8.20945336562895,10.95492329203032,7.98299357469431,7.693486957499325,7.857980995127572,8.219168520462162,8.784634845557521
CLPX,ENSG00000166855.9,12.094737505048093,12.122827994807666,12.100333819126542,12.446307931050345,12.112113658097865,12.199672344836364,11.310612781659529,11.191676146352428,12.057314877782703,11.709945380232497,12.052568050804153,11.479780264029099,11.44449728710381,12.065079488999862,11.744413410557655,10.965062756744627,11.499845887083206,11.371232128369622,9.799281621521923,11.45994384837493,11.253847484987404,11.800090987624994,11.779308973959898,10.754887502163468,12.037546953962178,11.009128789539256,10.60917873814198,11.456867738380343,11.580258567499788,11.55170826162069,11.278449458220482,10.642954223480332,11.60177078840771,11.57553924683453,10.576484346796851,11.266786540694902,11.371232128369622,10.93737382019215,11.039604517953759,11.173052457774116,10.389093521904474,11.596655667674662,11.2940463132715,10.902375114486025,11.075479149488016,11.215532999745657,11.625252221746873,10.47269083924278,11.509280168087859,10.867278739709661,11.285402218862249,11.002111776479852,11.76983784362944,11.2940463132715,11.169298695792845,11.243173983472952,11.401412878714178,10.641148597411233,11.378836713210614,10.99081307915361,11.316847183602473,10.726218159332198,10.934428040626804,10.922584402713664,10.944712061043486,10.62844554013718,11.282509306240836,11.303780748177102,10.512740462803498,10.405141463136344,10.414685235807214,11.225809940623543,10.919608238603253,10.461479447286155,11.094077685671905,11.206403913973848,9.7431513941125,11.345405246717796,10.786269627648466,11.554109152574004,10.85642552862553,10.957102041562287,10.852529509404196,11.124767535822473,11.131213905086272,10.868050853745158,10.938109326219239,10.617467465294196,11.505811553919594,10.646558710154547,10.64745842645492,11.249706056969705,11.050528905530555,10.432541900388259,11.103287808412022,10.130570562805426,10.81698362325538,10.73809225962049,11.290594888082572,10.878050912728536,10.86418614465428,11.014717929860009,10.461479447286155,10.51865315567339,10.31628153174622,11.076815597050832,11.605016447911364,10.586839787961827,9.837627933171404,11.161761743304675,10.977279923499916,10.41679752760606,11.014717929860009,10.733015321685963,10.857980995127573,10.269126679149418,10.593391122791736,10.658211482751796,10.642954223480332,11.192909219112012,10.799281621521923,10.911391987843459,11.004220466318195,10.458406613236532,10.480790201095816,10.839991070539886,10.725366257895642,10.863411958941638,10.306061689428342,10.447083226209653,10.960725994839057,11.016111838220512,10.838416075797337,10.614709844115207,11.13699111208023,10.877284133523196,10.293471648838134,10.224001674198105,10.711666973564347,10.961449694398196,10.623881490013458,10.279610581052484,10.745674324002135,10.733015321685963,10.632995197142957,10.740624044489413,10.945443836377912,10.079484783826816,10.591522346570734,10.703038388986418,10.624795455860237,10.624795455860237,10.30149619498255,10.161131882984307,9.884170519108435,10.237209960755022,10.122827994807666,9.923327485419192,10.624795455860237,10.365228849251544,10.159871336778389,10.348728154231077,10.381542951184585,10.43149760425805,10.198445041452363,10.62935662007961,9.632995197142957,9.958552715431011,10.238404739325079,10.147204924942228,10.162391328756906,9.661778097771988,8.50382573799575,9.618385502258606,9.837627933171404,9.954196310386875,9.829722735086058,9.087462841250339
HSPB1,ENSG00000106211.10,14.895575282380685,15.327657895230264,14.652116721077782,14.034627039197348,14.261654215677503,13.924626959905327,15.57742882803575,14.863557150411683,15.248483543862301,13.573765513926924,14.828979397135278,14.763990365632964,15.290882822429577,15.468051229174176,14.7171408816367,15.185533639208813,14.901762555138811,15.416896465442509,13.52930853485899,14.630551540018502,15.272265274744033,13.76632184795396,14.3515604229315,14.85725207901279,16.746671766167545,15.663029893981447,16.162745349872147,14.072048840992426,14.058583701740266,14.299494239009364,15.569529304050706,15.814031637366591,14.622166241873131,14.938109326219239,15.715345367975086,15.08949186117416,15.48337494240537,15.886673026311605,13.99045856507371,15.52460292788525,15.962602340751587,13.247630876238699,15.777871719833168,15.280915728185574,15.002463438892535,15.438304548890475,14.284607245995558,16.19882868592767,15.24874295140429,14.381407759783006,14.707305202580068,14.365092120346462,14.432346152434603,14.912608701758487,14.839400648988413,14.000792278469312,14.16388549398691,14.831505185085327,14.566767596032916,15.211279947482009,14.486897855344592,14.911204709977175,14.8107724413447,15.13831180336209,15.12698672567843,15.342144133537872,13.815583433851023,14.145932145820515,16.283088353024002,16.21774948535039,14.988595935577719,15.289190384618099,14.750131216767882,15.610303961565277,14.98326084768255,14.777409441044416,14.267518241801467,15.29390266862152,15.596335369661384,13.88902856384844,14.37931067145898,14.796394559019994,14.643179767925549,15.52591837633267,14.83600102793469,14.800090987624994,15.065079488999862,13.65441226814894,14.17819798458498,15.091435386323607,14.8218237979282,14.406005650953063,15.29408222219938,15.551918499159678,13.884361339165705,16.08590808996197,15.252000102041183,15.658350969263509,14.423706842246295,13.921562038654143,16.584551518307705,14.490349505739287,14.92504439967959,15.782614353488789,16.027474090737574,14.63038089775195,13.189206834597025,15.753504047581348,14.654188473059545,13.249557928724707,15.144937005244902,15.945238062078749,11.665780028329483,16.187680694321337,13.340406490853294,15.206060446955467,15.927546505015396,13.74072943916681,13.370414968879698,13.378023850925485,13.74850735637577,14.35926913096149,15.11703427510276,15.08994696349794,15.382995459221402,15.355282263912532,14.820079215117406,14.554229092303954,13.129444023031947,14.814682593958569,14.137711639015548,14.998766701361516,14.383366796264385,14.824212943271952,13.126543160712325,13.627077840517394,14.430779211927515,12.406470768529283,14.877715496971136,12.933321820732946,14.794365094938692,14.788973167276973,13.611831705984551,13.765804066287817,13.870268382563511,13.996473488733228,14.40786522222488,14.207166881383289,13.439311461818846,14.4658852113077,14.673529924401144,14.25517613745972,13.85067520806474,13.391243589427443,15.280154535854594,12.640244936222345,14.897230969960754,14.035400533116809,13.453527867681785,14.111706243720842,14.50760884161411,14.229720093237413,14.102221787643847,13.632200042185131,13.189361290465797,13.89178370321831,14.563136675189325,13.38316426063511,13.527477006060396,13.692397555468485,12.53430288245463,13.74588436914204,14.106153955313614,13.334971555027462,13.827938080144989,13.945901007545311,12.208234358339789,13.222342103249112
HSPB8,ENSG00000152137.8,11.025139562278508,10.222794902868111,10.624795455860237,10.970824901362617,11.662668375517542,10.157346935362844,13.014194866814499,11.95673914505908,11.693922488081014,11.023754353299417,10.498849206531725,12.197216693110052,9.832890014164741,10.036173612553485,10.365228849251544,11.040974598817305,10.20212382383046,10.452241240430817,11.98370619265935,9.330916878114618,8.262094845370179,10.043027283594547,11.318542809702723,12.45198377723019,8.179909090014934,9.850186837645774,11.018200178813226,9.76983784362944,11.046441948007311,10.026523442519766,9.74819284958946,9.622051819456376,11.166163082646113,9.567956075415466,9.46352437327118,10.582141981658777,10.256208688527387,9.693486957499326,9.824958740528523,8.67595703294175,10.456354415108288,10.98370619265935,8.366322214245816,10.958552715431011,10.662668375517542,9.717676423066395,9.899356922923111,9.930737337562887,11.360847084179664,9.948367231584678,10.411510988012072,10.246740598493144,9.364134655008051,10.134426320220927,8.57742882803575,11.405673332281866,11.314016703901357,8.303780748177102,10.63662462054365,10.924070185585345,9.57742882803575,10.688250309133178,8.016808287686555,10.848622940429339,9.055282435501189,9.984418458801137,10.474719946526482,10.425215903299383,8.539158811108031,9.273795599214264,13.144180239058922,9.118941072723507,9.867278739709661,9.485829308701904,9.820178962415188,9.014020470314934,10.29232163280204,8.89178370321831,9.390168956200183,9.333155350310616,8.144658242831882,8.939579214314692,6.832890014164741,9.461479447286155,10.236014191900084,9.915879378835774,7.636624620543649,10.7714894695006,10.514714054138487,9.812177305514448,11.015415052386688,9.189824558880018,8.321928094887362,9.599912842187127,11.279610581052484,8.588714635582264,10.52845411076479,8.800899899920305,10.564149489985732,10.86418614465428,7.807354922057604,10.100662339005199,11.147840893672337,9.689997971419446,9.283088353024002,9.627533884472792,9.442943495848729,9.434628227636725,9.076815597050832,9.521600439723727,9.177419537989236,8.810571634741146,7.199672344836364,8.611024797307353,9.840777923595054,9.39231742277876,8.049848549450562,11.013322673425447,9.76983784362944,9.199672344836364,9.554588851677638,10.312882955284355,8.451211111832329,9.894817763307943,8.271463027904375,9.240791332161956,9.038918989292302,10.768184324776927,7.876516946564999,9.199672344836364,10.045759661382682,8.997179480937621,9.060695931687555,9.214319120800766,9.92184093707449,9.874981347653774,10.60917873814198,12.03823313473178,10.258566033889933,10.74819284958946,9.025139562278508,9.926295994781112,9.943979914343739,8.228818690495881,7.727920454563199,10.676838606474153,7.672425341971495,8.285402218862249,9.319672120946995,10.3151495622563,8.643856189774725,8.573647187493322,8.965784284662087,9.259743263690781,8.957102041562287,6.066089190457772,8.366322214245816,7.257387842692652,9.491853096329674,9.60917873814198,8.658211482751796,9.634811050171718,8.88264304936184,8.679480099505446,8.247927513443585,9.398743691938193,9.89026427702111,9.485829308701904,6.845490050944375,9.537218400538595,5.285402218862249,7.826548487290915,5.754887502163468,8.353146825498083,8.945443836377912,9.370687406807217,9.45532722030456,8.96289600533726
HSPB7,ENSG00000173641.18,10.508785162064513,8.581200581924957,7.7481928495894605,10.642954223480332,11.436190995481416,9.707359132080883,12.973876705610808,12.45917543555203,9.131856960608793,9.96289600533726,8.066089190457772,9.328674927327947,8.974414589805527,8.566054038171092,7.888743248898259,9.681238411777805,8.90388184573618,9.074141462752506,7.787902559391432,10.41574176829009,8.129283016944967,8.39231742277876,10.080817527608327,12.498101243994853,6.672425341971495,6.930737337562887,10.373952655370193,9.954196310386875,10.547858506058416,7.672425341971495,8.603626344986193,8.515699838284043,9.614709844115207,10.109830654278793,6.266786540694901,7.7073591320808825,8.228818690495881,8.710806433699352,8.51175265376738,6,7.491853096329675,10.355351096424812,6.977279923499917,8.968666793195208,11.130570562805426,8.668884984266247,8.405141463136344,8.184875342908283,9.361943773735241,7.721099188707185,8.39231742277876,8.854868383260236,7.066089190457772,8.768184324776927,8.73809225962049,11.057314877782703,8.228818690495881,7.832890014164741,10.002815015607053,8.344295907915816,7.434628227636725,8.643856189774725,8.909893083770042,9.4655664048094,7.475733430966398,7.845490050944375,8.353146825498083,8.744833837499545,6.169925001442312,8.087462841250339,13.462757865660363,6.894817763307944,8.820178962415188,6.832890014164741,7.948367231584678,8.413627929024173,9.923327485419192,7.977279923499917,7.149747119504682,8.361943773735241,6.768184324776926,8.491853096329674,6.20945336562895,9.403012023574997,10.049848549450562,8.791162888555018,6.507794640198696,9.712527000439824,7.076815597050831,7.189824558880018,9.544964432789238,7.826548487290915,7.499845887083206,7.285402218862249,8.426264754702098,8.29920801838728,9.560332834212442,6.539158811108031,8.335390354693924,8.774787059601174,2.584962500721156,9.118941072723507,9.902375114486025,8.974414589805527,8.784634845557521,8.909893083770042,9.08214904135387,6.539158811108031,7.6865005271832185,8.149747119504681,7.7073591320808825,8.78135971352466,6.965784284662087,7.918863237274595,8.658211482751796,8.03342300153745,7.6865005271832185,8.599912842187127,8.194756854422248,8.233619676759702,8.060695931687555,7.499845887083206,6.768184324776926,7.894817763307944,6.584962500721156,6.894817763307944,7.499845887083206,7.912889336229962,6.599912842187128,7.870364719583405,7.7615512324444795,9.092757140919852,7.442943495848728,8.266786540694902,8.087462841250339,7.754887502163468,9.477758266443889,6.794415866350106,7.820178962415188,8.927777962082342,7.098032082960526,7.954196310386875,8.784634845557521,6.727920454563199,7.139551352398794,8.857980995127573,6.658211482751795,6.554588851677638,8.361943773735241,7.672425341971495,6.857980995127572,7.794415866350106,6.807354922057604,8.761551232444479,5.20945336562895,3.9068905956085187,7.6865005271832185,6.807354922057604,7.546894459887636,10.43149760425805,7.2384047393250786,9.493855449240822,8.290018846932618,7.400879436282184,7.9886846867721655,8.43879185257826,6.845490050944375,7.05528243550119,6.087462841250339,7.1799090900149345,4.643856189774724,6.807354922057604,5.044394119358453,9.20945336562895,8.271463027904375,7.426264754702098,7.357552004618084,6.22881869049588
CRYAB,ENSG00000109846.9,11.507299124122765,10.65284497300198,10.5980525001616,10.314016703901357,10.879583249612784,10.205793249397157,12.62548055047108,11.818981539432443,11.04916787237217,11.382083590141967,10.4231159101471,11.82137539237254,9.705632387361415,10.59245703726808,9.893301530860564,11.820577882655774,10.41256984680521,10.816183681432342,14.067686440615207,10.328674927327947,10.221587121264806,9.970105890612182,11.78053976747196,11.945809584900822,8.897845456005511,11.373408960228696,11.63026712502677,10.347621368568134,11.541580659991169,10.955649907528374,10.27029532647204,11.426264754702098,11.276124405274238,10.181152256865566,8.531381460516313,10.304921669581672,10.919608238603253,10.214319120800766,10.71681946132995,8.442943495848729,9.688250309133178,11.567480801143045,9.766528908598865,10.62662165235837,11.027214885159834,10.207014320177532,10.427312844134963,13.081816278109198,11.332036548361652,11.181773438808808,10.701306461958625,11.612868497291041,9.980139577639157,10.539158811108031,9.167418145831737,11.020285500844647,10.53818893205242,8.707359132080883,11.140190703191836,10.199672344836364,8.661778097771988,11.00842862207058,9.266786540694902,11.393390457443987,8.761551232444479,10.807354922057604,10.46352437327118,10.037546953962178,8.625708843064466,10.016808287686555,12.38720958071964,9.29920801838728,10.043027283594547,10.843921051289035,9.691743519171276,9.590587049915035,11.402479172214964,9.285402218862249,9.273795599214264,9.867278739709661,8.679480099505446,9.219168520462162,7.339850002884624,10.179909090014934,10.512740462803498,10.35974956032233,7.6653359171851765,10.667111542075027,9.991521846075695,9.276124405274238,11.206403913973848,10.239598529249124,8.569855608330949,9.337621901992508,10.111135670234708,9.60917873814198,10.355351096424812,8.842350343413807,9.828136484194108,10.671541066711884,8.59245703726808,11.059344460824425,11.21006248324023,10.458406613236532,10.672425341971495,10.004220466318195,9.927777962082342,8.651051691178928,8.945443836377912,8.754887502163468,9.285402218862249,10.001408194392809,8.357552004618084,9.20945336562895,11.272046524389937,10.306061689428342,8.326429487122303,10.923327485419192,10.388017285345136,9.224001674198105,9.487840033823051,10.280770770130603,8.164906926675688,10.12023787734196,8.823367240046235,9.262094845370179,8.957102041562287,10.044394119358454,8.134426320220927,9.965784284662087,9.823367240046235,9.562242424221072,9.3151495622563,9.567956075415466,9.588714635582264,10.225207436943501,10.615629636968098,8.562242424221072,10.467605550082997,10.949097155729207,9.477758266443889,9.622051819456376,9.826548487290914,8.339850002884624,8.326429487122303,10.741466986401146,8.113742166049189,9.324180546618742,9.74819284958946,10.14338321398982,8.960001932068081,9.442943495848729,9,10.727920454563199,10.625708843064466,5.247927513443585,9.296916206879288,9.665335917185176,9.550746785383243,10.158609688214478,9.002815015607053,10.69522829149575,10.091435386323607,9.355351096424812,9.831307243802051,10.27029532647204,7.523561956057013,9.124121311829187,8.417852514885897,9.129283016944967,6.426264754702098,8.778077129535358,8.243173983472952,9.157346935362844,9.247927513443585,10,9.016808287686555,9.219168520462162
