Gene_Name,ENSEMBL_ID,TCGA-F5-6863-01A-11R-1928-07,TCGA-DC-6681-01A-11R-A32Z-07,TCGA-F5-6810-01A-11R-1830-07,TCGA-AH-6549-01A-11R-1830-07,TCGA-AH-6903-01A-11R-1928-07,TCGA-EI-6885-01A-11R-1928-07,TCGA-F5-6814-01A-31R-1928-07,TCGA-CL-4957-01A-01R-1736-07,TCGA-AF-2687-01A-02R-1736-07,TCGA-AF-3911-01A-01R-1736-07,TCGA-AG-4021-01A-01R-1736-07,TCGA-CI-6622-01A-11R-1830-07,TCGA-F5-6861-01A-11R-1928-07,TCGA-DY-A1DD-01A-21R-A155-07,TCGA-EI-6917-01A-11R-1928-07,TCGA-F5-6864-01A-11R-1928-07,TCGA-AG-3592-01A-02R-1736-07,TCGA-DT-5265-01A-21R-1830-07,TCGA-AF-A56L-01A-31R-A39D-07,TCGA-F5-6465-01A-11R-1736-07,TCGA-AG-3902-01A-01R-A32Z-07,TCGA-EI-7002-01A-11R-1928-07,TCGA-EI-6514-01A-11R-1736-07,TCGA-F5-6812-01A-11R-1830-07,TCGA-DY-A1DE-01A-11R-A155-07,TCGA-CI-6620-01A-11R-1830-07,TCGA-DC-4745-01A-01R-A32Z-07,TCGA-AG-3731-01A-11R-1736-07,TCGA-AH-6644-01A-21R-1830-07,TCGA-F5-6702-01A-11R-1830-07,TCGA-F5-6813-01A-11R-1830-07,TCGA-CI-6619-01B-11R-1830-07,TCGA-DC-5869-01A-01R-1660-07,TCGA-EI-6508-01A-11R-1736-07,TCGA-EI-6513-01A-21R-1736-07,TCGA-CI-6621-01A-11R-1830-07,TCGA-AF-2690-01A-02R-1736-07,TCGA-EF-5830-01A-01R-1660-07,TCGA-DY-A1DF-01A-11R-A155-07,TCGA-DY-A1DC-01A-31R-A155-07,TCGA-AF-2693-01A-02R-1736-07,TCGA-EI-6509-01A-11R-1736-07,TCGA-EI-6881-01A-11R-A32Z-07,TCGA-DC-4749-01A-01R-1736-07,TCGA-AH-6643-01A-11R-1830-07,TCGA-EI-7004-01A-11R-1928-07,TCGA-AG-3742-01A-11R-1660-07,TCGA-AF-4110-01A-02R-1736-07,TCGA-EI-6883-01A-31R-1928-07,TCGA-AF-A56N-01A-12R-A39D-07,TCGA-CI-6623-01B-11R-1830-07,TCGA-AG-4022-01A-01R-1736-07,TCGA-F5-6571-01A-12R-1830-07,TCGA-AH-6544-01A-11R-1830-07,TCGA-F5-6464-01A-11R-1736-07,TCGA-DC-6154-01A-31R-1928-07,TCGA-BM-6198-01A-11R-1736-07,TCGA-CL-5917-01A-11R-1660-07,TCGA-G5-6572-01A-11R-1830-07,TCGA-EI-6511-01A-11R-1736-07,TCGA-DC-6683-01A-11R-1830-07,TCGA-F5-6811-01A-11R-1830-07,TCGA-EI-6506-01A-11R-1736-07,TCGA-DC-6158-01A-11R-1660-07,TCGA-AF-A56K-01A-32R-A39D-07,TCGA-EI-6507-01A-11R-1736-07,TCGA-G5-6233-01A-11R-1736-07,TCGA-AF-6655-01A-11R-1830-07,TCGA-DC-6157-01A-11R-1660-07,TCGA-AG-3725-01A-11R-1736-07,TCGA-AF-5654-01A-01R-1660-07,TCGA-EF-5831-01A-01R-1660-07,TCGA-DC-6682-01A-11R-1830-07,TCGA-DY-A0XA-01A-11R-A155-07,TCGA-AG-3591-01A-01R-1736-07,TCGA-G5-6641-01A-11R-A32Z-07,TCGA-EI-6884-01A-11R-1928-07,TCGA-DC-5337-01A-01R-1660-07,TCGA-CI-6624-01C-11R-1830-07,TCGA-EI-6512-01A-11R-1736-07,TCGA-CL-5918-01A-11R-1660-07,TCGA-DC-6156-01A-11R-1660-07,TCGA-DC-6160-01A-11R-1660-07,TCGA-DY-A1DG-01A-11R-A32Y-07,TCGA-G5-6235-01A-11R-1736-07,TCGA-AG-A026-01A-01R-A00A-07,TCGA-AG-3732-01A-11R-1660-07,TCGA-AH-6547-01A-11R-1830-07,TCGA-EI-6510-01A-11R-1736-07,TCGA-AH-6897-01A-11R-1928-07,TCGA-AG-3574-01A-01R-0821-07,TCGA-AF-6672-01A-11R-1830-07,TCGA-DY-A1H8-01A-21R-A155-07,TCGA-AF-3913-01A-02R-1119-07,TCGA-AG-3601-01A-01R-0826-07,TCGA-AG-3584-01A-01R-0821-07,TCGA-AG-A01W-01A-21R-A083-07,TCGA-AF-6136-01A-11R-1830-07,TCGA-AG-A01N-01A-01R-A00A-07,TCGA-AG-3600-01A-01R-0826-07,TCGA-AG-3999-01A-01R-1119-07,TCGA-AG-A01Y-01A-41R-A083-07,TCGA-AG-3609-01A-02R-0826-07,TCGA-EI-6882-01A-11R-1928-07,TCGA-AG-A036-01A-12R-A083-07,TCGA-AG-4001-01A-02R-1119-07,TCGA-AG-3901-01A-01R-1119-07,TCGA-AG-3898-01A-01R-1119-07,TCGA-AF-2691-01A-01R-0821-07,TCGA-AG-3583-01A-01R-0821-07,TCGA-AG-3605-01A-01R-0826-07,TCGA-AG-3612-01A-01R-0826-07,TCGA-AG-A00H-01A-01R-A00A-07,TCGA-AG-3599-01A-02R-0826-07,TCGA-AG-A020-01A-21R-A083-07,TCGA-DC-6155-01A-11R-1660-07,TCGA-AG-3608-01A-01R-0826-07,TCGA-AF-3400-01A-01R-0821-07,TCGA-AG-3581-01A-01R-0821-07,TCGA-AG-3598-01A-01R-0826-07,TCGA-AG-3896-01A-01R-1119-07,TCGA-AF-2692-01A-01R-0821-07,TCGA-AG-3894-01A-01R-1119-07,TCGA-AG-4005-01A-01R-1119-07,TCGA-AG-3575-01A-01R-0821-07,TCGA-AG-3887-01A-01R-1119-07,TCGA-AG-A025-01A-01R-A00A-07,TCGA-AG-A023-01A-01R-A00A-07,TCGA-AG-3602-01A-02R-0826-07,TCGA-AG-3580-01A-01R-0821-07,TCGA-AG-4008-01A-01R-1119-07,TCGA-AG-3578-01A-01R-0821-07,TCGA-AG-A032-01A-01R-A00A-07,TCGA-AG-3892-01A-01R-1119-07,TCGA-AG-4007-01A-01R-1119-07,TCGA-AG-4015-01A-01R-1119-07,TCGA-AG-3586-01A-02R-0821-07,TCGA-AG-3893-01A-01R-1119-07,TCGA-AG-3587-01A-01R-0821-07,TCGA-AG-A01L-01A-01R-A002-07,TCGA-AG-3593-01A-01R-0821-07,TCGA-AG-3582-01A-01R-0821-07,TCGA-AG-A008-01A-01R-A002-07,TCGA-AG-A011-01A-01R-A002-07,TCGA-AG-3909-01A-01R-1119-07,TCGA-AG-A016-01A-01R-A002-07,TCGA-AG-3594-01A-02R-0821-07,TCGA-AG-A002-01A-01R-A002-07,TCGA-AG-3881-01A-01R-0905-07,TCGA-AG-A014-01A-02R-A002-07,TCGA-AG-3878-01A-02R-0905-07,TCGA-AG-A00C-01A-01R-A002-07,TCGA-AG-3728-01A-01R-0905-07,TCGA-AG-3890-01A-01R-1119-07,TCGA-AG-3611-01A-01R-0826-07,TCGA-AG-A01J-01A-01R-A00A-07,TCGA-AG-A00Y-01A-02R-A002-07,TCGA-AG-A02N-01A-11R-A083-07,TCGA-AG-3883-01A-02R-0905-07,TCGA-AG-A02G-01A-01R-A00A-07,TCGA-AG-A015-01A-01R-A002-07,TCGA-AG-3726-01A-02R-0905-07,TCGA-AG-3885-01A-01R-0905-07,TCGA-AG-A02X-01A-01R-A00A-07,TCGA-AG-3882-01A-01R-0905-07,TCGA-AG-3727-01A-01R-0905-07
HSPD1,ENSG00000144381.18,15.748140425125316,15.446501793903549,15.396404095621863,16.435312146876115,16.3999287530955,16.364203066466484,16.186752630148955,16.294189943620655,15.447761267868385,15.291854176807233,15.121452573920317,16.282292103765197,15.700737720065964,14.868629668212657,16.34777706161737,15.297632789142513,15.647121098592219,14.560213400871515,15.68636373605026,15.585167948032307,15.671955638226214,15.490161446683961,15.241163880915709,14.489973363111451,14.97271060143245,15.972239407433802,15.272812005562026,15.59636449060122,15.479685546171934,14.817083584803378,14.754261196514001,15.687074908350857,16.026155978784306,15.39214968899558,15.529155996236016,15.732140920881394,14.539764654580962,15.24272753598652,13.623309967191387,15.465725816864774,15.200783687411496,15.202085551489175,15.609698181084322,15.302031961811265,15.34231778275281,14.235191525516123,15.74420315113283,14.3009244909763,15.330111578042974,15.509805925957169,16.017765357073024,14.890216769157735,14.736507634878501,15.608659108106627,14.179364867483423,15.491070171775327,15.207433824679617,15.74388770452812,15.783612165256038,15.690680077396468,15.570715511472988,14.902893230864692,14.271973600233888,15.441323181833882,15.116140864870427,14.272775563286087,15.28464339063074,14.967721604777646,15.373103041644775,14.9623086163775,16.43089352554755,15.438596950854475,15.751360990896696,15.14660844953749,14.671043423590685,14.533451411978735,14.853748146005374,15.102754896489513,14.660497360248796,15.262535340526282,15.824163209744158,14.48947168700768,15.52943055414615,14.775816012673026,15.372559026162515,13.696206869018894,13.981834819231716,13.926666629347283,14.685953284813918,15.51797688755755,14.572877829028506,14.061371192659811,14.91904952367693,14.016111838220512,13.643292526926809,13.611831705984551,15.27394125977685,14.588187580904567,14.553689284977807,14.297632789142513,13.93875258654304,14.3888245380236,13.903693590364231,14.568015473692062,14.21295228503686,12.950191349972702,13.030149824925715,14.279465491793964,13.266932910607357,13.654524152676576,13.866506212226202,13.867471806961992,13.228968963402728,13.635037871183252,14.61269575047399,14.073388468542353,13.866795958511538,12.99929538702341,13.143861481867859,13.658323073040043,13.989660589736523,13.974593839981678,13.268249571994492,13.669770888525518,12.752798758435516,13.370959793297386,13.567480801143045,13.700006150882865,12.654859754207394,13.59175607602299,13.364271474681054,13.719281855600725,13.336646024747372,13.199365616857982,13.195679785495981,13.580376352946306,13.663891611066969,12.7714894695006,13.360847084179664,13.440609666748422,13.748402528398184,13.697402007502708,13.880348808156027,13.597470650974085,13.051888655905378,13.628331614678846,13.108851117040153,12.938109326219239,11.178042328864821,13.219622317071163,11.594791118089265,13.613904544043566,11.584492796975875,12.582847628550267,11.85369942030022,13.365092120346462,13.419960177847889,13.62924276654675,12.100990784092762,13.400345796534694,12.919608238603253,11.944712061043486,11.393926675640417,12.959277505720502,11.566054038171092,11.428883552010191
HSPE1,ENSG00000115541.11,11.1705510353167,10.970105890612182,11.747353829478062,11.80896417491926,11.497851836951117,11.038918989292302,11.214319120800766,12.044735626056909,11.199672344836364,11.378294855911891,10.904634621668151,11.57790083688697,10.410451351503994,11.26502894245816,11.014717929860009,10.822570830950168,11.73893668167614,11.35149140932002,11.29748950116098,11.216745858195306,11.205182326228643,10.382624026574916,11.096056239180946,10.727920454563199,11.687375683437468,11.429929741353273,11.543515216152167,11.102631888854969,11.042343379793692,10.91513244895065,11.070791809423062,11.475733430966399,11.88340698638837,11.278449458220482,11.232420927176076,11.240195053979924,10.693486957499326,11.046441948007311,11.14274527675153,11.86457308177364,11.11829223302699,11.014717929860009,11.448116305409464,12.076481601207021,11.24436383512051,9.057991722759176,11.211888294546004,10.674192268145683,10.296916206879288,11.489847960439297,11.41574176829009,10.850968150982439,9.98299357469431,11.627533884472792,9.94982671075911,10.839203788096944,11.592924155627637,11.199672344836364,11.236014191900084,11.31797782240712,11.474212937193943,10.75905593916017,10.641148597411233,10.754052367528924,10.584022940257542,10.122827994807666,11.480285320936371,10.558420713268664,11.2940463132715,11.191676146352428,11.706927639617403,11.494855584491198,11.217351905270334,11.247927513443585,11.513234113806053,10.978710459106358,9.714245517666123,12.030322282644034,10.584962500721156,10.965784284662087,12.492604304386683,10.214319120800766,11.072802534544207,11.51175265376738,11.186114239541643,10.200898605038445,10.086136225027309,9.759888183221834,10.606405212697785,10.497851836951117,10.855647166027266,10.118941072723507,12.368506461507693,10.584022940257542,10.897845456005511,10.11504365016171,12.022367813028454,10.707359132080883,11.030667136246942,10.784634845557521,10.13699111208023,10.533329732305834,10.345405246717796,9.52552080909507,11.342630298678408,9.554588851677638,9.72451385311995,10.977279923499916,9.409390936137703,10.349834091457247,10.45532722030456,10.079484783826816,9.831307243802051,10.188588845707349,11.363039630256514,12.41758884038258,10.542064542283443,9.899356922923111,9.537218400538595,10.78135971352466,10.30035256032822,10.580258567499788,9.564149489985732,9.539158811108031,10.411510988012072,9.76487159073609,9.550746785383243,9.4241662888181,11.080151309614088,10.016808287686555,9.588714635582264,10.29232163280204,10.181152256865566,10.459431618637296,9.632995197142957,9.884170519108435,9.782998208920414,9.13699111208023,9.45532722030456,9.751544059089099,10.256208688527387,9.682994583681683,10.30035256032822,9.800899899920305,9.005624549193879,9.383704292474052,9.422064766172813,9.485829308701904,8.73809225962049,9.62935662007961,8.870364719583405,10.257387842692651,8.566054038171092,9.264442600226602,9.643856189774725,9.65284497300198,9.35974956032233,10.258566033889933,10.293471648838134,9.746514321138463,9.038918989292302,8.717676423066395,8.45532722030456,9.164906926675688,8.83605035505807,8.515699838284043
CCT6A,ENSG00000146731.11,14.225433405311243,13.556026992724677,14.404808945320575,14.248594724234646,14.785503554188926,14.925647155084594,14.500966330282983,14.152918576136623,14.062889375245748,14.857495091973577,13.812077003429318,13.877284133523196,14.123313124568744,14.277287400130357,14.209605669143569,14.061371192659811,15.216177457751593,13.590820930930525,14.418116141207488,13.584257887744567,14.080151309614088,14.076314574284591,14.18371291029291,14.036431213668514,13.806448927863366,14.133463346523438,14.862492073487484,13.92471973473838,14.520864182988744,13.874020767658976,13.955286645524469,14.514960563330183,14.279973240374394,14.509156432503849,15.157504839926114,14.062636455734644,13.525765478821915,14.283522485644026,13.161604304002845,13.869401059778095,13.73375682214549,13.754887502163468,14.306773744642879,14.173208652765974,14.39687231851056,13.759576147957098,14.044137936273186,13.799888688663591,14.386401423640777,13.761551232444479,14.837184413659518,13.880635787908501,13.782486378978945,13.92063198766726,13.650266428900203,13.994265033718973,13.798775537031908,13.94452905919877,13.777255315191923,14.19506456372082,13.897372797664657,13.92081804583632,13.56843119316746,14.108279413033905,13.907454038318624,13.306488964728633,13.753947941699854,13.734074491428045,14.222191138456333,14.143702076857931,14.072467608241858,14.449471100181295,14.180064544466989,14.169925001442312,13.162076570374312,13.459687756239548,13.789737401067145,13.74588436914204,13.775404519503981,14.020806360724265,14.085887348621604,13.515946179109518,13.882738563615304,13.442425193331607,13.802213415823735,12.959277505720502,13.1767964781476,12.875557388803728,13.657430108963014,13.573765513926924,12.684529482418487,13.043710863347156,13.143702076857931,13.110157018954066,13.36796070964157,12.515946179109518,13.110646427577821,13.414156679274141,13.312032058744862,12.902940323128275,12.721099188707186,13.059344460824425,13.216745858195306,13.119589620741122,13.56724310527944,13.616663703461459,12.004922678569045,12.967946705812707,12.093417564387961,12.527477006060396,12.786473845221302,13.09077405464075,12.49360530705712,12.834075953434885,13.105581181277437,11.383704292474052,12.734709620225837,12.405673332281866,12.601074338941668,12.393658591454773,12.335390354693924,12.292033985499543,12.319107575824983,12.308907804063939,12.46326891598129,11.925925264972856,12.244661144764198,11.980139577639157,11.731743290707842,12.466586337719244,12.245849771023723,12.489597122389307,11.973697366305352,12.128316602903544,12.774375272802063,13.036001852919865,12.392585756275468,12.036517070486518,12.525276097867126,12.244066464194818,12.52552080909507,12.638662165859655,12.151967870968189,11.64880694972577,12.332596057789214,12.526499239136566,12.087131301540529,12.069785394983302,11.200285605224298,12.583787954502338,11.674633661767267,12.043710863347156,11.466586337719244,11.487337615207181,11.821773981970567,12.131535468676345,12.257387842692651,12.335948565202298,11.163649676015824,12.60130652612184,12.54978466794786,11.353146825498083,11.462502272597265,11.929258408636972,10.809768128710413,10.891024190149498
HSPA9,ENSG00000113013.16,14.562302058200244,14.585314678201458,14.277142077033695,15.45917543555203,15.276960402575144,14.959458646412672,15.083437774456916,15.054265139625764,13.726218159332198,13.903128676812319,13.55542794150115,14.470658874060552,15.01284274220817,13.131053096409643,15.204494728293207,14.359406412819133,14.702551494620945,13.508289986140348,14.50624558702854,14.020025000370097,14.525337279565608,15.044607570518187,14.346929196103249,13.737669863177453,14.239673108330578,14.649929757036618,13.991521846075695,14.319531005375806,14.395601074102421,13.350110443347928,14.108769458908483,14.537279077889808,14.12710767427699,13.679040186393062,14.929397122645145,14.649031581106666,13.333574677458138,14.528942415064895,13.17258377130915,14.16671230714146,14.188047888190432,14.235565522936465,12.992407315348498,14.307343135884958,14.371640534611808,13.491477345568105,14.59274900396628,13.482177711187445,14.72988623278676,14.485074563698612,14.878194638470355,13.778385189262687,14.118373353949213,14.830713256951874,13.319107575824983,14.023754353299417,13.21416731409353,14.108279413033905,14.491414710925472,14.63679452594054,14.386334056778404,14.201894174551718,14.222643985451697,13.761031735466885,13.19537220740274,14.069449767427784,13.877380003213956,14.266127692256811,13.724940118462358,14.202429966015352,14.496604154575603,14.299565785293238,14.141229044304149,13.691307330191115,13.47231006370521,14.244958393151133,14.055875526996033,14.04840172658824,13.835260918627489,14.11162474703725,14.264002687114218,13.094242668809015,14.407533331671324,13.472183116189541,14.288073008232963,12.473705749619416,13.132339064219257,13.674633661767267,14.218033404055767,14.290954797038133,13.16945529769703,13.01105249980062,13.582847628550267,12.948184692830605,12.944346034137833,12.761966695382092,13.283811834830894,13.354249381945241,13.400879436282183,13.844803823548144,12.089119397915168,12.50084187955693,12.884170519108435,13.687375683437468,13.273067075722095,12.56057167123656,12.86978660094578,12.762382038710392,12.65150022065274,13.018721791970178,12.108851117040153,12.980318117957545,13.142904787508604,13.035314609824393,13.507670777134367,12.27699673929712,12.998942951443086,12.796242448203165,12.713601313573754,13.051718757178115,12.568906154502084,13.011227255423254,12.592223421359403,13.075813377461454,11.794821973331223,12.786882193664699,12.868243817704636,12.664447284547972,12.159871336778389,13.135228307589896,12.410716333604269,12.078484417411449,13.042172353174928,12.45198377723019,12.417852514885897,12.173364830849037,12.963257356633047,12.240791332161956,12.709945380232497,12.948184692830605,13.192755142640367,12.848427334023928,13.395668009636843,13.32671035834696,12.437231901039478,12.824759898954106,12.227916724201489,13.9901039638575,11.323054760341646,12.65217275350971,11.516192477879367,12.946358033887046,11.074810461160453,12.260331518557601,11.428360172704291,12.270587340447511,12.568668693380506,12.713601313573754,10.676838606474153,11.861086905995395,12.579080183834757,11.96902670215077,12.333155350310616,11.827739648806956,10.634811050171718,11.568906154502084
DNLZ,ENSG00000213221.5,2.807354922057604,3,2.807354922057604,4.392317422778761,0,3,1.584962500721156,3.584962500721156,3.584962500721156,2,4.523561956057013,1,3.169925001442312,2.584962500721156,3.4594316186372973,1.584962500721156,2.584962500721156,3.584962500721156,3.4594316186372973,2.807354922057604,2.584962500721156,2.807354922057604,1,2.807354922057604,2,2.807354922057604,2,2.321928094887362,2.321928094887362,1.584962500721156,2.584962500721156,3.169925001442312,1,2.321928094887362,1,2,2,2,4.584962500721156,2.807354922057604,2,2,3.9068905956085187,3.321928094887362,2.584962500721156,4.321928094887363,1.584962500721156,2.321928094887362,2,2.321928094887362,0,2.584962500721156,2.807354922057604,1,1.584962500721156,0,3.9068905956085187,1.584962500721156,1,1,0,1.584962500721156,4.247927513443585,1.584962500721156,3.807354922057604,4.700439718141092,2,2.321928094887362,2.321928094887362,2.584962500721156,1,1.584962500721156,1,3.807354922057604,1.584962500721156,3.4594316186372973,2.584962500721156,1,1,1.584962500721156,1,2,3.169925001442312,3.321928094887362,1.584962500721156,3.584962500721156,1.584962500721156,2,1,1,2.321928094887362,2.321928094887362,3.584962500721156,1,0,3.321928094887362,3.584962500721156,0,2.321928094887362,2,3,2,3,1,2.321928094887362,1.584962500721156,0,2,1,2,2.321928094887362,0,2.321928094887362,1,2.584962500721156,4,1.584962500721156,0,3.321928094887362,1.584962500721156,2.807354922057604,2,2,1,0,2.584962500721156,1.584962500721156,1,0,3.321928094887362,1,2.584962500721156,2.584962500721156,0,2.807354922057604,2,0,1,1,2.321928094887362,1,2,1,0,1,1,2.807354922057604,1,2.584962500721156,1.584962500721156,2.584962500721156,0,3.321928094887362,2,3.700439718141092,1.584962500721156,2.807354922057604,1,2.584962500721156,1.584962500721156,0,3.169925001442312,3.4594316186372973,2.321928094887362,2,2.584962500721156
GRPEL1,ENSG00000109519.13,11.59245703726808,11.927037168720295,11.312315746690107,12.274086905634414,12.585901449690772,11.867664848380745,12.884552133987235,12.13410540040181,11.060020354507852,11.458919206967591,11.75905593916017,11.808562029957525,11.991521846075695,11.349834091457247,12.348174867535556,11.251482410620213,11.88378880325996,11.243173983472952,11.500343969270403,11.663558104217273,11.341518823245243,10.16867211813223,10.90388184573618,11.369597346278677,10.809768128710413,11.40886043602476,11.662223305317841,11.502334580197997,11.050528905530555,10.658211482751796,10.740624044489413,11.147840893672337,11.809768128710413,12.411510988012072,10.988684686772165,12.068442416025826,10.60917873814198,11.564149489985732,10.672425341971495,11.70606426733497,11.753634618853386,11.257977058563979,11.775610280759539,12.230020435705635,10.734709620225837,10.264442600226602,11.657318449581288,10.689997971419446,11.759472121202833,11.661778097771988,12.154818109052105,11.255618749839597,10.62935662007961,11.992230264965889,10.58777751632821,11.460455896309636,10.847057346091336,11.51422090935813,11.178042328864821,11.449664538476192,11.237807473723135,11.129283016944967,11.593857938858223,10.8193807908646,11.311748315004959,11.057314877782703,11.604553229079038,10.97513145692134,11.109830654278793,10.857980995127573,11.946175240723559,10.918117851031772,11.808159772868375,11.022367813028454,10.210671343785622,11.744413410557655,11.216745858195306,11.49735289347705,11.027905996569885,11.401946123976536,11.478769619475763,10.188588845707349,10.569855608330949,11.661778097771988,11.315715658022201,10.25502856981873,10.290018846932618,10.727069558023706,11.610563503925041,11.584022940257542,10.372865060112588,10.27262978497637,10.723660944409984,10.510764167917891,10.960725994839057,10.151016538892248,10.816183681432342,10.045759661382682,10.138271800172221,9.961449694398196,9.874981347653774,10.78135971352466,9.847057346091336,10.873444112515376,10.225207436943501,9.802516365121223,9.900866807980748,10.015415052386688,9.894817763307943,10.698704666770345,10.640244936222345,10.367414751246828,9.611024797307353,10.519636252843213,10.961449694398196,10.995767150877802,10.44086916761087,10.047123912114026,10.049848549450562,10.59898297103609,9.799281621521923,10.118941072723507,10.07815080773465,9.782998208920414,10.03342300153745,10.371776644337924,10.605479518061669,10.228818690495881,10.187352073200497,10.391243589427443,10.159871336778389,10.260919533662905,9.689997971419446,10.434628227636725,10.045759661382682,9.72451385311995,10.79197682089869,9.187352073200497,9.541096615349524,9.799281621521923,9.984418458801137,9.417852514885897,10.29117069932186,10.510764167917891,9.346513733165635,9.881113960675096,9.981567281903015,10.247927513443585,8.447083226209653,9.918863237274595,9.164906926675688,10.399811959325685,8.909893083770042,9.214319120800766,9.030667136246942,9.696967526234287,9.372865060112588,10.121533517340032,8.467605550082997,9.546894459887637,9.4655664048094,9.372865060112588,8.787902559391432,9.39231742277876,8.588714635582264,8.876516946565
GRPEL2,ENSG00000164284.15,10.263269200372662,10.302638923787553,10.536247215688128,11.60917873814198,11.81698362325538,10.62296694479051,10.44190670454224,11.141468555393084,10.58777751632821,10.565102078360313,10.072802534544207,10.531381460516313,11.004220466318195,9.379378367071261,10.749869427396844,10.204571144249204,10.854089179870574,9.90388184573618,10.649256177517314,10.497851836951117,10.5980525001616,10.654636028527968,10.166163082646113,9.94982671075911,10.051208940914766,10.67595703294175,10.643856189774725,10.656424863277781,10.55170826162069,9.951284714966972,10.158609688214478,10.329796338220701,10.714245517666123,10.149747119504681,10.857980995127573,10.901621158346112,9.86573327085176,10.721953612801386,9.187352073200497,10.088788238716907,10.367414751246828,10.169925001442312,10.526499239136566,10.368506461507693,10.599912842187127,9.902375114486025,10.501837184902296,10.007027266893969,10.295768934420508,10.818582177480858,10.445014845868423,10.443979542601253,10.363039630256514,10.662668375517542,9.579315937580015,9.897845456005511,9.677719641641009,10.381542951184585,9.829722735086058,10.280770770130603,10.91513244895065,10.459431618637296,10.256208688527387,9.832890014164741,10.10459875356437,10.987264012072538,10.048486873992337,10.002815015607053,10.121533517340032,9.519636252843213,10.498849206531725,10.78953364497036,10.896332403909941,9.897845456005511,10.531381460516313,10.044394119358454,9.449148645375436,10.93147623388679,9.612868497291041,10.17367713630342,10.226412192788786,9.35974956032233,10.262094845370179,9.620219825507487,10.151016538892248,8.60733031374961,9.366322214245816,9.449148645375436,9.964340867792417,10.27262978497637,9.4655664048094,10.45532722030456,10.197216693110052,8.83605035505807,9.177419537989236,8.625708843064466,9.287712379549449,9.447083226209653,9.280770770130603,9.73640193131829,8.098032082960527,8.991521846075695,9.060695931687555,10.184875342908283,8.939579214314692,8.774787059601174,8.696967526234287,9.055282435501189,9.022367813028454,9.643856189774725,9.08214904135387,9.105908508571158,8.800899899920305,9.159871336778389,9.398743691938193,8.370687406807217,9.092757140919852,8.915879378835774,8.467605550082997,9.047123912114026,8.459431618637296,8.820178962415188,8.778077129535358,9.231221180711186,9.197216693110052,8.813781191217037,9.149747119504681,8.60733031374961,9.457380879072534,9.86418614465428,8.727920454563199,8.672425341971495,9.00842862207058,9.515699838284043,8.569855608330949,8.46352437327118,8.90388184573618,8.43879185257826,8.848622940429339,8.625708843064466,9.076815597050832,8.700439718141093,9.149747119504681,8.383704292474052,8.31741261376487,8.83605035505807,9.169925001442312,9.573647187493322,6.727920454563199,8.247927513443585,7.149747119504682,8.491853096329674,6.409390936137702,8.535275376620802,8.113742166049189,7.721099188707185,8.204571144249204,8.936637939002571,7.321928094887363,8.778077129535358,8.471675214392045,6.906890595608519,7.754887502163468,8.174925682500678,6.409390936137702,6.794415866350106
DNAJA3,ENSG00000103423.14,13.072132604167233,12.672425341971495,12.776227388507262,12.655530723155643,13.053247125912426,12.594557879863732,12.567718457850754,13.326991174900817,12.010528105886484,12.89178370321831,12.61194694181998,12.985486199104635,12.876516946565,12.4983506079296,12.422327623974558,12.414156679274141,13.126543160712325,11.360298426618046,12.698487638557692,12.511505595792482,12.84136778188234,12.462757865660363,12.113416611485945,11.876516946565,12.378294855911891,12.64543327516426,12.677279191312175,12.182083929510725,12.086467993464069,12.221889161471266,11.901998185668496,12.357826882210777,12.469387440964345,12.877092375027413,12.72643105611424,12.352871054677996,11.644757592516257,12.610332801911134,11.470658874060552,12.209148710355747,12.497103357016877,12.140829770773001,12.818981539432443,13.555907202377876,11.739358707433395,11.276706019892432,12.313166475977198,12.282219695672588,13.10345174171609,12.516192477879367,12.790755750118313,12.231521210875703,12.357552004618084,12.262094845370179,11.348174867535556,12.61447980424533,12.004922678569045,12.409390936137703,12.148794321424335,12.436711542137214,12.607099094093552,11.32755264408124,12.386401423640777,11.921097088106793,12.229720093237413,11.892163309861965,11.770250927394864,12.394998514501673,12.138911718142744,12.773345291291271,12.23661220021575,11.563672959827514,11.437752072323603,12.448116305409464,12.089781488353998,12.2600374211066,12.067434360756522,12.342630298678408,12.077483356859508,12.458406613236532,11.920725019751181,11.447083226209653,12.316847183602473,12.178042328864821,11.962173031109709,11.470150435274359,11.744833837499545,11.405673332281866,12.102959885910124,11.669328004395904,11.760304125286382,11.373408960228696,11.208234358339789,11.662223305317841,11.995060467032719,11.73047013718422,11.669328004395904,12.04336911395769,11.950191349972702,11.634811050171718,11.637077657143664,11.449664538476192,11.009128789539256,11.276124405274238,11.82137539237254,11.419433550705378,10.779719355143405,11.397674632948268,11.29978040285854,11.99081307915361,11.536247215688128,11.617467465294196,11.285402218862249,11.158609688214478,11.762382038710392,9.54882190845875,11.473198383677527,10.825753832883112,11.664891669286089,11.790348496751914,11.476746203939467,10.94178124227853,11.285980105928212,10.99081307915361,10.754052367528924,11.426264754702098,11.449664538476192,11.105253779700883,11.67815995754276,11.375039431346925,10.791162888555018,10.69261550169458,11.09077405464075,10.987974524296153,11.116343961237469,11.632086412835182,11.660441650209172,10.825753832883112,11.24436383512051,11.43879185257826,11.105253779700883,11.095397022792557,11.254438148267257,10.897089128312755,11.69479315499995,11.967226258835993,10.935165049603695,11.179909090014934,10.372865060112588,11.778898476008376,11.089450481115907,11.225809940623543,10.972979786066292,11.077483356859508,11.25502856981873,10.558420713268664,11.154185209265297,10.099347810403193,10.583082767502933,10.022367813028454,11.109830654278793,11.696098170955864,11.4241662888181,11.567005370247033,10.863411958941638,11.314583244274194
HSP90AA1,ENSG00000080824.19,16.110850298847982,16.21076645503864,16.17488668178319,16.622538052065636,17.08408170956472,17.19536259453062,16.895788262974172,16.167496551040358,16.489534406061743,16.07028868996168,16.729089618472162,17.70851139334531,16.331564293441495,15.260000654709451,17.386721373285525,16.353560382915532,15.258161139183942,15.633648032448779,16.006610977403,16.570804437724497,16.254530417563892,16.294566905267416,15.944849297194922,14.951922128761304,15.499441068648848,16.143343351175595,14.81408172137975,15.780872926761322,17.115236739173998,16.46128758678439,15.691798033522238,16.100231141321057,16.449664538476192,16.498101243994853,15.565578136784328,16.343758265124368,15.209034448040056,16.034111146096592,15.820228833478016,16.17420399850441,16.185940083974533,16.572448585454932,15.832618099056637,15.54831018103812,16.789610056879006,16.10330830109376,15.479685546171934,15.776150264472875,15.092963555731544,15.127147988223339,16.01602475839306,15.590177666881855,15.108973595572174,16.155747177530117,15.373476933327764,15.915459278359846,15.17617314910749,16.610707673951932,16.627704863797174,15.517669388133811,16.090009011784023,15.706711844980715,15.241499092559758,16.34775976321939,15.477821496783385,16.670421128199372,15.671706909613597,15.862395209311211,15.739147709986453,16.18404236130409,15.766166532965467,15.997333870690124,15.84546554844281,15.844754794813168,16.1244646543667,15.180996919579721,15.61623293249266,15.690025261851416,15.37425839386853,16.665391438555265,15.210861560021758,15.904422943134884,16.877559741714876,15.022627890854034,14.840728757849964,13.980675132322368,15.770379991819217,15.28341396473574,16.015654610477217,16.22501910293009,14.176095214037872,16.492619950395902,15.768856295392666,14.953696297922246,13.746199379523775,14.741361645592741,14.913263430628762,15.763757010036938,14.598866694990017,14.702767912403594,14.971408833855966,15.52594895389042,14.204341884237456,16.144678156219197,14.921097088106793,13.836444911341369,14.786167508020684,14.59735425297161,14.472056157502356,14.791417291744041,13.817483361748337,14.47395936569476,14.028165078018167,14.931153013309459,15.850455461834265,16.191521938128147,14.573765513926924,14.548520914311723,14.495605231190781,13.704011685029329,14.108034327661551,15.17831471535499,14.38754617927017,13.966685687403618,14.462374459083037,14.410583848637843,14.19383333254655,13.937649678896113,13.580376352946306,14.592048184598951,14.089119397915168,15.489189417517588,13.587074277201008,14.884218226488969,13.54617100226735,13.836149004245492,14.419301863877585,13.331476821859619,13.173052457774116,14.574475268799008,14.073974164666751,13.943064208162003,15.208958268135039,14.580788526297118,14.212876311733654,14.132660377147287,14.723447638422918,14.333155350310616,12.93939556018156,14.392786973650566,12.92035285541508,13.341101799094083,13.50556347636058,13.108034327661551,13.801405239881648,13.871616515792864,13.894628321374654,14.723234300893377,12.454813348512525,13.711021616791836,14.035658272294071,12.985308297255852,12.734497941692572,14.255544990538938,12.14561377551339,11.693051295397
HSP90AB1,ENSG00000096384.20,16.543862556936105,16.50227241516337,16.893254122910214,17.430027782719307,17.159447624768635,17.141927507200776,17.12007584049775,16.673460912770434,16.742756787466895,16.90918993604234,17.92059128424401,16.880193336951514,16.54988993079883,15.72648427540122,17.521362731226436,16.738488143999447,16.97387670561081,14.980585887013447,16.848390654870187,16.85761658310544,16.80139260853966,16.86855732910261,16.5728186306107,15.92585574252671,16.37303505092697,16.768016283207412,17.754770090562925,16.65302697855827,17.047539325972817,16.49330820687152,16.04524773457825,17.02894204332241,16.798509771590172,16.702362102426267,16.573573228543772,16.954003144295303,15.633733163104928,16.31861341755987,15.534181274578225,16.414536598853854,17.385474853428587,16.861135382836878,16.68151295459408,16.09087740770163,16.651009634390526,16.17796449470652,16.339119286521097,16.549423708426133,16.82270774505524,16.179306545748315,17.1390516623707,16.054646709646295,16.323846420496256,16.584213838005134,15.49188440447609,16.568653850762583,16.201568775484443,16.31071927588648,16.441777053224165,17.79560848044695,16.210842539526688,16.156438648576106,16.558061908282554,16.708410354610876,15.953673565964868,16.36005832330711,16.30251398190081,16.05881619846933,16.210975677726395,16.709191536652757,16.155628606352508,15.973473160818882,16.9049168114081,16.116283035329356,16.104353042069118,16.138151783946913,16.142146954290727,15.517607880383343,15.506090590193349,16.514544554632813,16.23752742033181,15.82870674389546,16.495964298905424,16.109198112545467,15.952058680799476,14.901526886118099,15.838539184198448,15.258970814993448,16.272520441576514,16.089181481803127,14.814532399274047,15.895030855752724,15.20281255241365,15.25665098428709,15.537127379726531,15.749607590513262,15.63327907487963,15.970150839283875,15.782230395898216,15.548972381986522,15.194718386144862,15.530528263576292,14.442230781871563,15.773937620505322,15.717328343751186,15.132057856692123,14.445144206553637,15.004132665749694,14.765596901577398,14.808511753954631,14.7402023887679,15.224114757274512,15.078943004791588,15.280915728185574,15.64543327516426,14.37218489648635,14.915926049116113,14.121371625958963,14.92253794733407,14.916346013714147,14.971453741952057,14.738461755086945,14.731319031025064,15.552308859040332,14.624281421318566,14.709245395687757,14.88101833879994,15.010571812660224,14.55680538762752,14.962444188904113,14.696478578351842,15.258418812598832,14.62759087983244,14.531746961943142,14.70336289396418,15.567985774859455,14.764767945128023,14.35397382181817,14.83777574271417,15.052907628313287,14.687867725633646,15.633818288737977,14.874549165801957,14.102139753410698,14.86321834758244,15.598256091950546,14.695935108504049,14.819181178959626,13.981567281903015,14.822919314027354,13.794618934130142,14.785145913982182,14.516069333750497,14.24889116334616,13.66277962161706,14.737405802585357,14.86210457775485,14.765130672184375,13.51175265376738,14.730151673173312,14.897750936724783,13.908580264012734,13.713493918252984,14.54617100226735,13.301067438218517,13.561049226699671
TRAP1,ENSG00000126602.11,12.175549550636191,12.589182967039351,12.12088584278779,13.073974164666751,13.07363951028323,12.971902746045467,13.162706018482417,13.11162474703725,12.323054760341646,12.653292945382814,11.569380959522295,12.622051819456376,13.002639237959455,12.189824558880018,12.823964258486738,12.070791809423062,12.671983272091865,10.814582465906277,12.68057929578025,12.116668855967113,13.265761535294137,12.368506461507693,11.746094383705463,11.324743110494417,11.521600439723727,12.847448903982432,12.30035256032822,12.532112370794998,12.175237650291036,11.342074667999139,11.667555107041132,12.757598355823912,12.537461094633018,12.555547771647065,12.49160260669611,12.712527000439824,11.52552080909507,12.122504484313904,10.036173612553485,12.03514274788591,12.149747119504681,12.088788238716907,12.535518397768667,12.875173386927388,12.192909219112012,10.997885127829111,12.106235761615748,11.757390009366638,12.359475048849541,12.244958393151133,13.435019078329743,11.572226512793694,12.13859179463752,12.516192477879367,10.965062756744627,12.372593033140745,11.711236767793784,12.269418929741096,11.721953612801386,11.86379910372885,11.891403996665023,11.1767964781476,12.422853195944265,11.873828574886977,11.098032082960527,11.99541385222515,11.920725019751181,12.097044499322951,11.765286098723683,12.05697633617822,12.362765744153958,11.17617314910749,11.505315356136236,11.791569912126878,11.671983272091865,11.950191349972702,11.917372079476841,12.215532999745657,11.736824699098866,11.931106833029341,11.763627351727628,10.79197682089869,12.332596057789214,11.762797262498232,11.878050912728536,11.314583244274194,11.752380646552893,10.938844457466171,11.924441392339197,12.083146870816742,11.938844457466171,11.635718120331047,10.861086905995395,11.474212937193943,12.009478745888066,11.507299124122765,12.06305796362349,11.777666280880755,12.143702076857931,12.002463438892535,12.155134454857755,11.787494499696761,11.202736043250168,11.342630298678408,11.428883552010191,11.52845411076479,10.992938336165814,11.760304125286382,11.10000522442272,12.276415241892678,11.637077657143664,10.952741247186488,11.413627929024173,11.740624044489413,11.945443836377912,6.794415866350106,11.674633661767267,11.019590728357882,11.389631339260522,11.7553048882624,11.493855449240822,11.64880694972577,11.768184324776927,11.57601187420678,9.961449694398196,11.800899899920305,11.983349927676457,11.469133019829592,11.519636252843213,11.930367747438952,11.112439506781552,10.94251450533924,11.215532999745657,11.387478865842379,11.287712379549449,11.789941128390916,12.018895621121649,10.861086905995395,11.842743180731658,11.567480801143045,11.279030136449649,11.451726268074506,11.79766152585376,11.377210530388552,11.769011321097015,12.329516067206534,11.035486451292154,11.25679838607939,11.14274527675153,12.557942286787448,11.734286232096347,11.194756854422248,11.055282435501189,11.200285605224298,11.085472459181283,10.715104009236168,11.658657792126085,10.89178370321831,10.877284133523196,10.198445041452363,11.4893462407191,12.523806958187327,11.806952328210736,11.82456102997028,11.090112419664289,12.093087390444218
DNAJC19,ENSG00000205981.8,11.040974598817305,10.911391987843459,10.769011321097015,10.066089190457772,11.129926933510394,9.779719355143405,10.62844554013718,11.235415935602527,10.243173983472952,11.149111990706889,10.219168520462162,10.266786540694902,10.410451351503994,10.686500527183219,10.519636252843213,10.491853096329674,11.163020639580793,10.072802534544207,10.642051692927977,10.103287808412022,10.73640193131829,10.251482410620213,10.7632123668144,10.269126679149418,10.954196310386875,10.60177078840771,11.32023644524165,10.08214904135387,9.899356922923111,10.057991722759176,10.338736382573916,10.066089190457772,11.092757140919852,10.635718120331047,10.963618617443972,10.278449458220482,10.098032082960527,10.400879436282183,9.905387005018131,11.200898605038445,10.324180546618742,10.249113452713729,10.60917873814198,10.656424863277781,10.422064766172813,9.656424863277781,10.824163209744158,10.109830654278793,10.542064542283443,10.81698362325538,10.814582465906277,10.067434360756522,10.337621901992508,10.679480099505446,9.445014845868423,10.39231742277876,10.118941072723507,10.830515206976838,10.583082767502933,10.253847484987404,10.295768934420508,10.662668375517542,10.375039431346925,10.06204613772049,10.250298417906333,9.997179480937621,9.623881490013458,10.172427508645482,10.3409627642517,10.86573327085176,9.933690654952233,10.357552004618084,10.588714635582264,10.422064766172813,10.73640193131829,10.78135971352466,10.409390936137703,10.892542816648552,10.273795599214264,9.786269627648466,10.589651146514786,10.237209960755022,10.383704292474052,10.847057346091336,10.512740462803498,8.76487159073609,10.075479149488016,9.715961990255144,10.834471049984222,9.481799431665753,9.14210705730255,10.533329732305834,10.698704666770345,9.681238411777805,9.432541900388259,8.761551232444479,9.59618975614441,10.022367813028454,8.807354922057604,9.388017285345136,9.319672120946995,9.179909090014934,8.79766152585376,9.3151495622563,9.409390936137703,8.92184093707449,8.7414669864011465,9.08214904135387,9.197216693110052,8.912889336229961,9.18239435340453,9.335390354693924,8.149747119504681,8.90388184573618,9.337621901992508,8.98299357469431,9.236014191900084,8.599912842187127,8.717676423066395,9.707359132080883,8.968666793195208,8.550746785383243,8.467605550082997,8.686500527183219,9.702172685365548,8.74819284958946,8.67595703294175,8.754887502163468,10.023754353299417,8.845490050944376,8.842350343413807,8.7714894695006,9.118941072723507,9.20212382383046,8.31741261376487,8.64745842645492,8.59245703726808,9.068778277985412,8.233619676759702,8.703903573444663,9.475733430966399,8.654636028527968,8.857980995127573,8.7714894695006,8.247927513443585,8.20945336562895,8.459431618637296,8.134426320220927,8.060695931687555,8.271463027904375,7.924812503605781,8.968666793195208,8.087462841250339,8.169925001442312,9.567956075415466,8.348728154231077,8.654636028527968,8.761551232444479,8.174925682500678,8.94251450533924,8.294620748891626,7.7073591320808825,8.049848549450562,8.451211111832329,7.7481928495894605,7.044394119358453
HSCB,ENSG00000100209.11,8.108524456778168,8.754887502163468,7.894817763307944,8.668884984266247,9.45532722030456,9.092757140919852,8.823367240046235,8.897845456005511,8.761551232444479,8.791162888555018,8.113742166049189,8.447083226209653,9.172427508645482,8.832890014164741,8.50382573799575,8.566054038171092,7.930737337562887,8.370687406807217,8.262094845370179,8.787902559391432,9.016808287686555,8.700439718141093,8.409390936137703,7.971543553950772,8.873444112515376,8.366322214245816,8.233619676759702,8.459431618637296,7.426264754702098,8.011227255423254,8.038918989292302,8.396604781181859,8.894817763307943,9,8.539158811108031,8.832890014164741,8.651051691178928,8.543031820255237,9.164906926675688,7.6653359171851765,9.252665432450248,8.848622940429339,7.98299357469431,8.375039431346925,8.527477006060396,8.294620748891626,8.149747119504681,8.535275376620802,8.569855608330949,8.573647187493322,9.019590728357882,8.45532722030456,8.693486957499326,8.071462362556623,7.787902559391432,8.625708843064466,8.134426320220927,7.754887502163468,8.857980995127573,8.228818690495881,7.864186144654281,8.693486957499326,7.864186144654281,7.787902559391432,8.060695931687555,7.918863237274595,8.383704292474052,7.577428828035749,8.238404739325079,7.820178962415188,8.778077129535358,7.285402218862249,8.344295907915816,8.60733031374961,9.154818109052105,8.022367813028454,8.076815597050832,8.519636252843213,8.066089190457772,7.330916878114617,8.339850002884624,7.948367231584678,7.108524456778169,8.703903573444663,8.63662462054365,6.321928094887363,8.515699838284043,7.965784284662087,8.988684686772165,8.784634845557521,7.977279923499917,7.888743248898259,8.257387842692651,7,8.400879436282183,6.807354922057604,7.400879436282184,7,6.6293566200796095,7.475733430966398,6.614709844115208,7.169925001442312,7.98299357469431,7.820178962415188,6.321928094887363,6.459431618637297,7.554588851677638,6.6865005271832185,7.832890014164741,7.577428828035749,8.344295907915816,7.475733430966398,6.9886846867721655,8,6.475733430966398,9.337621901992508,7.727920454563199,7.651051691178929,6.845490050944375,7.912889336229962,6.832890014164741,6.392317422778761,7.7481928495894605,6.491853096329675,8.129283016944967,7.076815597050831,7.442943495848728,6.954196310386875,7.546894459887636,7.348728154231077,6.6865005271832185,7.768184324776926,6.599912842187128,7.948367231584678,7.159871336778389,6.491853096329675,7.2761244052742375,6.78135971352466,7,6.22881869049588,6.409390936137702,7.159871336778389,7.2384047393250786,7.076815597050831,6.392317422778761,6.321928094887363,7.303780748177103,7.7481928495894605,6.459431618637297,6.022367813028454,6.459431618637297,7.339850002884624,6.044394119358453,6.189824558880018,7.714245517666122,6.22881869049588,7.066089190457772,6.977279923499917,6.087462841250339,7.066089190457772,6.714245517666122,5.20945336562895,5.20945336562895,6.807354922057604,5.554588851677638,4.807354922057604
SDHAF1,ENSG00000205138.4,9.59245703726808,9.62935662007961,9.51175265376738,9.86418614465428,9.981567281903015,9.751544059089099,9.710806433699352,10.238404739325079,9.071462362556623,9.972979786066292,9.79766152585376,9.060695931687555,9.930737337562887,9.531381460516313,9.930737337562887,9.483815777264256,10.045759661382682,9.121533517340032,10.038918989292302,8.933690654952233,10.118941072723507,9.935165049603695,8.794415866350105,9.066089190457772,10.806549621985962,9.348728154231077,10.203348002979762,9.271463027904375,8.308339030139408,8.820178962415188,9.14210705730255,9.640244936222345,9.100662339005199,9.047123912114026,9.60917873814198,9.30149619498255,9.044394119358454,9.60177078840771,9.194756854422248,9.411510988012072,9.30149619498255,8.7414669864011465,9.77313920671969,10.144658242831882,8.252665432450248,9.090112419664289,9.049848549450562,9.569855608330949,8.873444112515376,9.264442600226602,8.939579214314692,8.83605035505807,9.044394119358454,9.61654884377899,8.290018846932618,9.792790294301064,9.7431513941125,8.139551352398794,8.682994583681683,8.81698362325538,8.721099188707186,8.857980995127573,9.751544059089099,8.761551232444479,9.204571144249204,9.247927513443585,9.084808387804362,8.413627929024173,8.960001932068081,8.909893083770042,8.845490050944376,8.714245517666123,9.162391328756906,9.310612781659529,10.092757140919852,9.905387005018131,9.30149619498255,9.857980995127573,8.933690654952233,9.250298417906333,9.144658242831882,8.479780264029099,8.632995197142957,9.776433032444734,8.894817763307943,9.098032082960527,9.03342300153745,9.030667136246942,9.197216693110052,8.83605035505807,8.611024797307353,8.807354922057604,9.207014320177532,8.751544059089099,9.59618975614441,9.245552706255681,9.108524456778168,8.588714635582264,9.074141462752506,9.264442600226602,9.071462362556623,9.192292814470767,9.121533517340032,8.434628227636725,7.813781191217037,8.885696373339394,8.370687406807217,8.588714635582264,8.800899899920305,9.754887502163468,9.366322214245816,9.167418145831737,8.912889336229961,9.326429487122303,8.693486957499326,10.354249381945241,9.411510988012072,8.820178962415188,8.787902559391432,9.259743263690781,8.842350343413807,8.066089190457772,9.005624549193879,8.810571634741146,8.703903573444663,9.03342300153745,9.019590728357882,8.618385502258606,9.823367240046235,8.459431618637296,8.661778097771988,8.027905996569885,8.851749041416058,9.014020470314934,9.278449458220482,9.605479518061669,8.535275376620802,8.7714894695006,9.546894459887637,8.813781191217037,8.45532722030456,8.459431618637296,8.909893083770042,7.7481928495894605,8.848622940429339,9.269126679149418,8.357552004618084,7.679480099505446,8.933690654952233,8.845490050944376,9.324180546618742,8.951284714966972,9.071462362556623,8.83605035505807,9.116343961237469,8.519636252843213,8.357552004618084,7.900866807980749,9.011227255423254,8.515699838284043,8.20945336562895,8.751544059089099,9.348728154231077,8.679480099505446,9.084808387804362,8.894817763307943
CLPX,ENSG00000166855.9,11.3292357417338,11.685186796595348,11.497851836951117,11.756556322524087,12.842153884634872,10.857980995127573,11.794415866350105,12.049508251055096,11.549303368513575,11.204571144249204,11.557942286787448,11.24852060493843,12.022367813028454,10.273795599214264,11.841564347730575,11.569855608330949,11.712527000439824,11.064742764750257,11.510269670898177,11.564149489985732,12.044052531801302,11.341518823245243,10.663558104217273,11.029977346589579,10.950555897047511,11.659995892429977,11.328113894833656,11.86611979330307,11.389631339260522,11.217957697864113,10.512740462803498,11.25502856981873,11.404609397837712,11.77313920671969,12.050188767596435,11.220378327695228,11.001408194392809,10.46352437327118,9.961449694398196,10.590587049915035,11.471167133724391,11.62890115202819,11.447083226209653,11.350939181546432,11.211279947482009,11.151650829973422,10.807354922057604,11.066761932386909,10.554588851677638,11.535275376620802,11.378836713210614,11.391243589427443,11.159240650411673,10.711666973564347,11.396604781181859,11.179287104646004,10.688250309133178,11.480790201095816,11.62935662007961,10.563196272216738,10.788718332690458,11.040974598817305,11.882260929099804,11.510269670898177,11.394998514501673,11.632995197142957,11.10000522442272,10.782179193831208,10.991521846075695,10.929258408636972,11.523561956057012,10.80332391904149,11.320800548881637,11.27262978497637,10.539158811108031,11.641600215834357,10.709083812550343,11.429929741353273,11.06406908038551,11.692179576312538,10.624795455860237,11.283088353024002,11.510764167917891,10.667111542075027,11.426264754702098,10.20945336562895,10.57459352733761,10.92184093707449,11.537703747907644,10.7714894695006,10.4241662888181,10.720244258287567,10.648357582009666,10.131856960608793,10.203348002979762,8.851749041416058,10.69522829149575,10.95637615724967,9.862637357558794,9.483815777264256,9.45532722030456,10.759888183221834,10.3409627642517,11.342630298678408,10.040289721025717,9.99859042974533,9.036173612553485,9.881113960675096,10.066089190457772,9.782998208920414,9.702172685365548,8.994353436858859,9.383704292474052,10.39231742277876,10.451211111832329,8.507794640198696,9.756556322524087,10.086136225027309,10.03342300153745,9.749869427396844,9.527477006060396,9.64745842645492,9.927777962082342,9.727920454563199,9.612868497291041,9.812177305514448,10.398743691938193,9.83605035505807,9.39231742277876,10.314016703901357,9.618385502258606,9.76487159073609,9.342074667999139,9.753216749178955,9.3151495622563,9.668884984266247,10.226412192788786,9.20212382383046,9.881113960675096,10.027905996569885,9.688250309133178,9.44086916761087,9.915879378835774,9.052568050804153,9.187352073200497,9.948367231584678,9.620219825507487,10.967946705812707,7.882643049361842,9.862637357558794,8.791162888555018,10.052568050804153,8.294620748891626,9.276124405274238,9.449148645375436,8.499845887083206,9.197216693110052,10.271463027904375,8.164906926675688,10.14210705730255,9.971543553950772,7.948367231584678,8.353146825498083,9.057991722759176,7.7073591320808825,7.794415866350106
HSPB1,ENSG00000106211.10,14.813931464123884,14.488593333835409,14.54647248703239,12.76445696361989,14.003605750097055,13.515699838284043,14.594032955948256,13.369733648894952,13.454299293619899,14.151333719291655,14.592515435334873,15.958190183693738,12.694357887221452,14.716283601634716,12.036517070486518,13.597703418809518,13.613444170672004,14.992628597776173,13.772211461671965,13.472183116189541,14.034541069823852,13.298492218302693,14.816033642948415,13.408462432884376,13.582141981658777,12.159871336778389,13.5401280385821,12.999823879015725,14.247037418788581,14.90317576139126,13.809165205371881,13.406603631727876,12.440609666748422,12.76445696361989,12.971543553950772,12.759888183221834,13.798977992132,14.497727117258721,16.196467655177525,14.822620619400844,13.387478865842379,14.028769420523412,14.393658591454773,12.33343491528405,13.153076966106688,13.545447181678094,14.3063465536885,13.961449694398196,14.49579258201773,13.677609541664545,12.671541066711884,13.701523066574435,13.219017223200119,14.154185209265297,14.58096513597733,12.713171684314805,13.780847301854955,13.931937851988478,14.443461612227393,14.82992089387229,13.437231901039478,12.806146803320525,12.480537783101841,14.087379963465402,12.649929757036618,12.845882034384061,14.038918989292302,13.335111168424861,13.007377733321269,13.596306248133725,12.480285320936371,13.929443357684196,11.966865900387539,13.069449767427784,13.27772328161035,12.98299357469431,13.14274527675153,11.875749351420055,12.8668925276766,13.056299014550337,14.064153308136994,13.361258440464605,12.599912842187127,12.664891669286089,12.460711852141213,13.093087390444218,12.506059588827949,12.689561254285525,12.48758884638603,10.913637428049103,13.540854532113636,12.358925869154714,14.106399360305144,13.903317005908715,12.940313597145968,14.498724573034961,12.394462694610317,11.840777923595054,12.88760142450871,13.061877431055866,13.923698883295073,11.192292814470767,13.10705356960822,11.645208082774683,12.504818987632841,12.554109152574004,13.75258971764099,11.399811959325685,12.261507309202056,12.279320387942608,13.660107344787473,13.089119397915168,14.036688768795663,12.508289986140348,12.834668557690861,16.096550453872922,11.764042217306587,12.544481522310791,13.1705510353167,12.319107575824983,12.52820989662271,13.065584428061502,12.711451886714766,12.922212717785449,13.218411875434649,12.44190670454224,12.190442018782825,12.191676146352428,12.609409624761803,11.42783660345852,12.24347153839633,13.151650829973422,13.33427328530719,12.491853096329674,11.947636937951827,11.791569912126878,11.977279923499916,13.57021149248542,11.88149638481011,13.102795896703823,11.724087461793989,11.29920801838728,12.335390354693924,14.865829911173387,13.244661144764198,12.774375272802063,12.357552004618084,12.354800344350597,13.960635506863309,13.462630074789038,14.92016673723887,12.483815777264256,13.214622686302336,12.428621886091111,12.38316426063511,14.054519530852371,12.051888655905378,10.685624839726355,12.854089179870574,11.59944798152872,11.51865315567339,14.108851117040153,13.407931591174444,12.069449767427784,12.663558104217273,11.86573327085176
HSPB8,ENSG00000152137.8,11.94251450533924,11.074141462752506,11.597587039586216,8.321928094887362,8.294620748891626,9.77313920671969,9.019590728357882,7.491853096329675,10.959277505720502,9.867278739709661,9.174925682500678,8.308339030139408,9.4241662888181,11.33371442609397,7.643856189774724,10.77066389291676,8.312882955284355,11.358101707440847,8.247927513443585,9.124121311829187,7.714245517666122,9.379378367071261,10.342074667999139,11.490850876740298,10.001408194392809,8.134426320220927,8.326429487122303,9.207014320177532,9.366322214245816,10.27262978497637,10.219168520462162,8.475733430966399,7.820178962415188,7.459431618637297,9.194756854422248,8.873444112515376,11.286557761607957,6.954196310386875,10.5980525001616,7.774787059601174,7.832890014164741,6.857980995127572,7.507794640198696,6.6865005271832185,8.038918989292302,10.228818690495881,7.348728154231077,9.144658242831882,8.584962500721156,7.523561956057013,7.303780748177103,9.3151495622563,9.44086916761087,6.539158811108031,11.960364008877834,8.451211111832329,8.098032082960527,8.098032082960527,7.139551352398794,7.417852514885898,8.08214904135387,8.326429487122303,7.118941072723508,8.62935662007961,8.603626344986193,7.741466986401147,7.531381460516312,7.936637939002571,7.417852514885898,6.614709844115208,6.459431618637297,7.531381460516312,6.714245517666122,6.022367813028454,7.129283016944966,5.882643049361842,7.475733430966398,6.129283016944966,8.228818690495881,6.392317422778761,6.066089190457772,8.823367240046235,6.066089190457772,6.066089190457772,6.20945336562895,10.286557761607957,8.761551232444479,8.693486957499326,5.459431618637297,5.78135971352466,7.426264754702098,6.857980995127572,4.754887502163468,6.918863237274595,7.169925001442312,7.577428828035749,6.285402218862249,6.475733430966398,6.409390936137702,6.022367813028454,7.312882955284356,7.357552004618084,7.199672344836364,5.906890595608519,6.285402218862249,7.832890014164741,9.095397022792557,7.383704292474052,8.67595703294175,5.321928094887363,5.614709844115208,7.20945336562895,7.118941072723508,5.857980995127572,4.754887502163468,4.643856189774724,6.3750394313469245,8.714245517666123,6.599912842187128,6.247927513443585,6.554588851677638,6.6865005271832185,6.459431618637297,7.108524456778169,7.22881869049588,6.392317422778761,5.832890014164741,7.219168520462161,6.392317422778761,6.066089190457772,7.741466986401147,6.066089190457772,5.672425341971495,6.930737337562887,5.857980995127572,5.700439718141092,6.266786540694901,7.787902559391432,7.087462841250339,4.906890595608519,6.108524456778169,6.108524456778169,5.754887502163468,5.643856189774724,6.321928094887363,4.643856189774724,6,5.20945336562895,8.845490050944376,5.459431618637297,6.554588851677638,4.169925001442312,7.169925001442312,6.321928094887363,4.954196310386875,4.700439718141092,4.954196310386875,5.20945336562895,7.442943495848728,5.087462841250339,4.754887502163468,6.066089190457772,5.20945336562895,3.169925001442312,5.977279923499917,5
HSPB7,ENSG00000173641.18,11.75905593916017,11.105253779700883,10.99929538702341,8.405141463136344,7.794415866350106,9.041659151637214,8.873444112515376,6.954196310386875,11.004220466318195,9.335390354693924,10.00982861736811,5.857980995127572,8.804131021183318,11.679480099505446,7.03342300153745,9.995767150877802,7,11.73259143596501,7.266786540694901,8.813781191217037,7.022367813028454,9.134426320220927,10.130570562805426,11.442425193331607,9.224001674198105,8.016808287686555,7.7073591320808825,8.044394119358454,7.584962500721156,9.843921051289035,10.3151495622563,6.658211482751795,6.965784284662087,7.851749041416057,5.954196310386875,6.392317422778761,10.600842114387302,7.303780748177103,10.213104219641906,6.087462841250339,6.870364719583405,9.049848549450562,5.614709844115208,5.930737337562887,8.174925682500678,10.475733430966399,6.741466986401147,9.324180546618742,7.1799090900149345,6.794415866350106,4.321928094887363,8.280770770130603,8.62935662007961,7.383704292474052,11.216139556425135,8.092757140919852,7.918863237274595,6.794415866350106,5.087462841250339,5.857980995127572,8.027905996569885,8.154818109052105,6.149747119504682,6.303780748177103,7,5.357552004618084,6.357552004618084,7.475733430966398,6.044394119358453,6.189824558880018,5.20945336562895,6.807354922057604,7,4.169925001442312,6.339850002884624,5.807354922057604,6.754887502163468,5.285402218862249,7.954196310386875,5.491853096329675,4.169925001442312,8.108524456778168,4.392317422778761,4.321928094887363,4.643856189774724,10.3409627642517,7.076815597050831,7.294620748891627,3.807354922057604,4.700439718141092,7.426264754702098,5.491853096329675,3.584962500721156,7.894817763307944,6.9886846867721655,7.392317422778761,3.321928094887362,5.977279923499917,6.129283016944966,5.523561956057013,7.199672344836364,5.20945336562895,5.807354922057604,4.584962500721156,5.459431618637297,8.50382573799575,8.820178962415188,6.3750394313469245,7.442943495848728,5.20945336562895,5.584962500721156,6.475733430966398,7.05528243550119,5.459431618637297,2.807354922057604,5.882643049361842,5.930737337562887,7.577428828035749,6.6293566200796095,4.807354922057604,6.321928094887363,5.977279923499917,6.149747119504682,5.954196310386875,6.3750394313469245,5.754887502163468,5,6.459431618637297,5.459431618637297,3.169925001442312,6.9886846867721655,4.247927513443585,5.857980995127572,4.169925001442312,6.108524456778169,5.20945336562895,4.247927513443585,7.3750394313469245,5.247927513443585,4.523561956057013,4.247927513443585,4.857980995127572,2.584962500721156,5.129283016944966,6.066089190457772,3.321928094887362,4.087462841250339,2.584962500721156,9.710806433699352,2.321928094887362,6.727920454563199,4.392317422778761,7.930737337562887,6.20945336562895,3.807354922057604,4,2,3.321928094887362,6.9886846867721655,3.4594316186372973,3.807354922057604,4.247927513443585,5.20945336562895,2.807354922057604,5.977279923499917,6.20945336562895
CRYAB,ENSG00000109846.9,11.191676146352428,10.80896417491926,10.93147623388679,9.659995892429977,8.447083226209653,9.691743519171276,8.848622940429339,9.501837184902296,11.096056239180946,9.871905237659186,9.897845456005511,12.981745645634575,8.885696373339394,11.728770849542663,8.954196310386875,10.250298417906333,8.491853096329674,11.547376563498101,8.543031820255237,9.677719641641009,7.882643049361842,9.041659151637214,10.124121311829187,11.212496385193948,9.346513733165635,8.550746785383243,8.087462841250339,9.599912842187127,9.766528908598865,10.870364719583405,10.449148645375436,7.977279923499917,9.12670447284319,7.882643049361842,8.409390936137703,8.011227255423254,11.605942439625368,9.729620743553038,9.964340867792417,9.240791332161956,8.51175265376738,8.778077129535358,7.6865005271832185,7.845490050944375,8.668884984266247,10.886458695703706,10.105908508571158,9.459431618637296,7.599912842187128,8.271463027904375,8.588714635582264,8.936637939002571,9.079484783826816,7.614709844115208,10.970824901362617,9.014020470314934,8.988684686772165,7.507794640198696,9.69522829149575,8.08214904135387,8.405141463136344,9.69522829149575,8.312882955284355,8.78135971352466,9.00842862207058,8.179909090014934,7.918863237274595,8.778077129535358,8.353146825498083,7.118941072723508,7.129283016944966,7.857980995127572,7.149747119504682,8.761551232444479,8.016808287686555,6.832890014164741,8.507794640198696,7.569855608330948,8.988684686772165,7.475733430966398,7.159871336778389,9.319672120946995,6.523561956057013,7.491853096329675,7.614709844115208,9.815383295813538,7.971543553950772,9.03342300153745,6.169925001442312,7.118941072723508,8.164906926675688,7.383704292474052,5.882643049361842,8.044394119358454,7.636624620543649,7.636624620543649,5.044394119358453,7.303780748177103,6.857980995127572,6.658211482751795,7.247927513443585,6.754887502163468,7.554588851677638,6.22881869049588,7.05528243550119,8.396604781181859,9.228818690495881,7.614709844115208,8.550746785383243,6.820178962415188,6.954196310386875,7.870364719583405,8.139551352398794,7.03342300153745,4.857980995127572,6.569855608330948,6.392317422778761,8.870364719583405,7.20945336562895,6.129283016944966,7.434628227636725,6.930737337562887,7.1799090900149345,7.882643049361842,8.383704292474052,6.169925001442312,6.6865005271832185,8.076815597050832,7.383704292474052,5.930737337562887,7.9886846867721655,6.129283016944966,6.857980995127572,6.247927513443585,7.459431618637297,6.507794640198696,6.554588851677638,7.924812503605781,6.614709844115208,5.754887502163468,6.6865005271832185,6.554588851677638,4.643856189774724,6.965784284662087,7.098032082960526,6.149747119504682,5.523561956057013,5.977279923499917,9.052568050804153,5.247927513443585,7.643856189774724,5.459431618637297,8.238404739325079,6.339850002884624,5.672425341971495,6.930737337562887,5.523561956057013,4.643856189774724,8.118941072723507,4.954196310386875,5.727920454563199,6.965784284662087,5.930737337562887,4.087462841250339,6.599912842187128,6.392317422778761
