Project,Gene,P_Value,N_Patients,Significant
TCGA-ACC,HSP90AA1,0.5310203347310782,79,FALSE
TCGA-ACC,HSP90AB1,0.2839423076364548,79,FALSE
TCGA-ACC,HSCB,0.05171768670317323,79,FALSE
TCGA-ACC,DNAJA3,0.3377336362849125,79,FALSE
TCGA-ACC,DNAJB6,0.08007891126502231,79,FALSE
TCGA-ACC,HSPB1,0.14564976946061048,79,FALSE
TCGA-ACC,GRPEL1,0.05639034327226922,79,FALSE
TCGA-ACC,CRYAB,0.5911140105740763,79,FALSE
TCGA-ACC,HSPA9,0.005600399908886722,79,TRUE
TCGA-ACC,HSPE1,0.002722498332037304,79,TRUE
TCGA-ACC,DNAJC15,0.041056665540334936,79,TRUE
TCGA-ACC,TRAP1,0.06509232651582231,79,FALSE
TCGA-ACC,DNAJB2,0.5293482870595847,79,FALSE
TCGA-ACC,HSPD1,0.018354636121802326,79,TRUE
TCGA-ACC,CCT6A,0.07713869909642102,79,FALSE
TCGA-ACC,HSPB8,0.0280876358095421,79,TRUE
TCGA-ACC,GRPEL2,0.6750657605141432,79,FALSE
TCGA-ACC,CLPX,0.08421849967609041,79,FALSE
TCGA-ACC,HSPB7,0.003600352443581145,79,TRUE
TCGA-ACC,SDHAF1,0.013980216024098935,79,TRUE
TCGA-ACC,DNAJC19,0.1905327452615928,79,FALSE
TCGA-ACC,DNLZ,0.0010062596037331284,79,TRUE
TCGA-BLCA,HSP90AA1,0.3431071082667949,401,FALSE
TCGA-BLCA,HSP90AB1,0.1593877752917059,401,FALSE
TCGA-BLCA,HSCB,0.0789413591817345,401,FALSE
TCGA-BLCA,DNAJA3,0.7968608413234808,401,FALSE
TCGA-BLCA,DNAJB6,0.1818755538395086,401,FALSE
TCGA-BLCA,HSPB1,0.8127892050132086,401,FALSE
TCGA-BLCA,GRPEL1,0.23530567802622981,401,FALSE
TCGA-BLCA,CRYAB,6.255693252930072e-4,401,TRUE
TCGA-BLCA,HSPA9,0.2658714134384601,401,FALSE
TCGA-BLCA,HSPE1,1.2985598075732074e-4,401,TRUE
TCGA-BLCA,DNAJC15,0.708866773763758,401,FALSE
TCGA-BLCA,TRAP1,0.41280547721761984,401,FALSE
TCGA-BLCA,DNAJB2,0.12226883107413034,401,FALSE
TCGA-BLCA,HSPD1,0.5385986100153003,401,FALSE
TCGA-BLCA,CCT6A,0.3227377092784315,401,FALSE
TCGA-BLCA,HSPB8,0.14160992951502693,401,FALSE
TCGA-BLCA,GRPEL2,0.6659696957268713,401,FALSE
TCGA-BLCA,CLPX,0.561099430363909,401,FALSE
TCGA-BLCA,HSPB7,0.005107776804737951,401,TRUE
TCGA-BLCA,SDHAF1,0.22994493041714392,401,FALSE
TCGA-BLCA,DNAJC19,0.3982898962620087,401,FALSE
TCGA-BLCA,DNLZ,0.5988233386483313,401,FALSE
TCGA-BRCA,HSP90AA1,0.018442753480295226,1072,TRUE
TCGA-BRCA,HSP90AB1,0.47372046400807144,1072,FALSE
TCGA-BRCA,HSCB,0.375374193075534,1072,FALSE
TCGA-BRCA,DNAJA3,0.07806930705143489,1072,FALSE
TCGA-BRCA,DNAJB6,0.6351366354500025,1072,FALSE
TCGA-BRCA,HSPB1,0.6009493202214777,1072,FALSE
TCGA-BRCA,GRPEL1,0.4935759968439576,1072,FALSE
TCGA-BRCA,CRYAB,0.667679328434581,1072,FALSE
TCGA-BRCA,HSPA9,0.6736232040766676,1072,FALSE
TCGA-BRCA,HSPE1,0.8595273763259049,1072,FALSE
TCGA-BRCA,DNAJC15,0.8211136468521865,1072,FALSE
TCGA-BRCA,TRAP1,0.28389417898665437,1072,FALSE
TCGA-BRCA,DNAJB2,0.20391516409457833,1072,FALSE
TCGA-BRCA,HSPD1,0.7755348806303208,1072,FALSE
TCGA-BRCA,CCT6A,0.3226292855335957,1072,FALSE
TCGA-BRCA,HSPB8,0.14212745943426508,1072,FALSE
TCGA-BRCA,GRPEL2,0.9344356798957449,1072,FALSE
TCGA-BRCA,CLPX,0.982754111535463,1072,FALSE
TCGA-BRCA,HSPB7,0.13278395869493376,1072,FALSE
TCGA-BRCA,SDHAF1,0.9239493457371997,1072,FALSE
TCGA-BRCA,DNAJC19,0.5468940172115005,1072,FALSE
TCGA-BRCA,DNLZ,0.36688892236197057,1072,FALSE
TCGA-CESC,HSP90AA1,0.9233190211910384,291,FALSE
TCGA-CESC,HSP90AB1,0.0022853848759205597,291,TRUE
TCGA-CESC,HSCB,0.14738902538513066,291,FALSE
TCGA-CESC,DNAJA3,0.9563408416439,291,FALSE
TCGA-CESC,DNAJB6,0.007025973380406447,291,TRUE
TCGA-CESC,HSPB1,0.6794154843841231,291,FALSE
TCGA-CESC,GRPEL1,0.5059428428964221,291,FALSE
TCGA-CESC,CRYAB,0.7842078596585402,291,FALSE
TCGA-CESC,HSPA9,0.34763576884333924,291,FALSE
TCGA-CESC,HSPE1,0.5215175811480526,291,FALSE
TCGA-CESC,DNAJC15,0.5899499565445989,291,FALSE
TCGA-CESC,TRAP1,0.9610194739381649,291,FALSE
TCGA-CESC,DNAJB2,0.19565938022929164,291,FALSE
TCGA-CESC,HSPD1,0.3241867467345788,291,FALSE
TCGA-CESC,CCT6A,0.07239717818262859,291,FALSE
TCGA-CESC,HSPB8,0.21003934549676928,291,FALSE
TCGA-CESC,GRPEL2,0.6633363102329883,291,FALSE
TCGA-CESC,CLPX,0.8999124738226035,291,FALSE
TCGA-CESC,HSPB7,0.22390827927925205,291,FALSE
TCGA-CESC,SDHAF1,0.6103012118040476,291,FALSE
TCGA-CESC,DNAJC19,0.025403253605650433,291,TRUE
TCGA-CESC,DNLZ,0.950996329771493,291,FALSE
TCGA-CHOL,HSP90AA1,0.4703255290784243,36,FALSE
TCGA-CHOL,HSP90AB1,0.16053516852357375,36,FALSE
TCGA-CHOL,HSCB,0.2590753544695976,36,FALSE
TCGA-CHOL,DNAJA3,0.6788234318176848,36,FALSE
TCGA-CHOL,DNAJB6,0.8259076199271466,36,FALSE
TCGA-CHOL,HSPB1,0.7779623731549579,36,FALSE
TCGA-CHOL,GRPEL1,0.7899442456791997,36,FALSE
TCGA-CHOL,CRYAB,0.2971202823074872,36,FALSE
TCGA-CHOL,HSPA9,0.1514180801735171,36,FALSE
TCGA-CHOL,HSPE1,0.32012372078558604,36,FALSE
TCGA-CHOL,DNAJC15,0.22575386788789442,36,FALSE
TCGA-CHOL,TRAP1,0.185650692211068,36,FALSE
TCGA-CHOL,DNAJB2,0.34945135125949367,36,FALSE
TCGA-CHOL,HSPD1,0.7900138440923634,36,FALSE
TCGA-CHOL,CCT6A,0.42827714590428645,36,FALSE
TCGA-CHOL,HSPB8,0.12426251396418153,36,FALSE
TCGA-CHOL,GRPEL2,0.4422128243165905,36,FALSE
TCGA-CHOL,CLPX,0.4250058380163835,36,FALSE
TCGA-CHOL,HSPB7,0.4764595817692753,36,FALSE
TCGA-CHOL,SDHAF1,0.5639089245710418,36,FALSE
TCGA-CHOL,DNAJC19,0.10251853416645917,36,FALSE
TCGA-CHOL,DNLZ,0.9189645864765569,36,FALSE
TCGA-COAD,HSP90AA1,0.8918195690434375,434,FALSE
TCGA-COAD,HSP90AB1,0.5173984085287264,434,FALSE
TCGA-COAD,HSCB,0.6342276672821818,434,FALSE
TCGA-COAD,DNAJA3,0.13664400492021744,434,FALSE
TCGA-COAD,DNAJB6,0.05222868158756255,434,FALSE
TCGA-COAD,HSPB1,0.13907314566530726,434,FALSE
TCGA-COAD,GRPEL1,0.33354122596682223,434,FALSE
TCGA-COAD,CRYAB,0.050705369611353635,434,FALSE
TCGA-COAD,HSPA9,0.29211372030768223,434,FALSE
TCGA-COAD,HSPE1,0.5352204645657149,434,FALSE
TCGA-COAD,DNAJC15,0.05274590317961292,434,FALSE
TCGA-COAD,TRAP1,0.011918856824255641,434,TRUE
TCGA-COAD,DNAJB2,0.017440177563229575,434,TRUE
TCGA-COAD,HSPD1,0.4932085648953163,434,FALSE
TCGA-COAD,CCT6A,0.5045746586233918,434,FALSE
TCGA-COAD,HSPB8,0.40473702643700027,434,FALSE
TCGA-COAD,GRPEL2,0.07773515122335084,434,FALSE
TCGA-COAD,CLPX,0.7898944552018277,434,FALSE
TCGA-COAD,HSPB7,0.03892513793935781,434,TRUE
TCGA-COAD,SDHAF1,0.790450005232502,434,FALSE
TCGA-COAD,DNAJC19,0.35824896260145955,434,FALSE
TCGA-COAD,DNLZ,0.1532862208755439,434,FALSE
TCGA-DLBC,HSP90AA1,0.8677463719137197,47,FALSE
TCGA-DLBC,HSP90AB1,0.09031677875014876,47,FALSE
TCGA-DLBC,HSCB,0.6454268299622601,47,FALSE
TCGA-DLBC,DNAJA3,0.7879869108679388,47,FALSE
TCGA-DLBC,DNAJB6,0.6949373174744911,47,FALSE
TCGA-DLBC,HSPB1,0.5215748967776075,47,FALSE
TCGA-DLBC,GRPEL1,0.3109512210029055,47,FALSE
TCGA-DLBC,CRYAB,0.46966011142597064,47,FALSE
TCGA-DLBC,HSPA9,0.398204600867737,47,FALSE
TCGA-DLBC,HSPE1,0.9926682329347465,47,FALSE
TCGA-DLBC,DNAJC15,0.42478934322686557,47,FALSE
TCGA-DLBC,TRAP1,0.25623709589013055,47,FALSE
TCGA-DLBC,DNAJB2,0.9306109928439015,47,FALSE
TCGA-DLBC,HSPD1,0.9123916778596796,47,FALSE
TCGA-DLBC,CCT6A,0.38534304815598486,47,FALSE
TCGA-DLBC,HSPB8,0.9090460915548344,47,FALSE
TCGA-DLBC,GRPEL2,0.5357375950338201,47,FALSE
TCGA-DLBC,CLPX,0.06848198861643684,47,FALSE
TCGA-DLBC,HSPB7,0.8919240281457124,47,FALSE
TCGA-DLBC,SDHAF1,0.6999677533473221,47,FALSE
TCGA-DLBC,DNAJC19,0.31279296877035234,47,FALSE
TCGA-DLBC,DNLZ,0.7416369466444421,47,FALSE
TCGA-ESCA,HSP90AA1,0.9811211466916422,183,FALSE
TCGA-ESCA,HSP90AB1,0.7299014161796071,183,FALSE
TCGA-ESCA,HSCB,0.9084313274640747,183,FALSE
TCGA-ESCA,DNAJA3,0.43927063356950513,183,FALSE
TCGA-ESCA,DNAJB6,0.1292645587170851,183,FALSE
TCGA-ESCA,HSPB1,0.6997356392636969,183,FALSE
TCGA-ESCA,GRPEL1,0.17205983841164352,183,FALSE
TCGA-ESCA,CRYAB,0.9370449595208344,183,FALSE
TCGA-ESCA,HSPA9,0.7225597735773786,183,FALSE
TCGA-ESCA,HSPE1,0.09218986835485343,183,FALSE
TCGA-ESCA,DNAJC15,0.6130085188953751,183,FALSE
TCGA-ESCA,TRAP1,9.796650600087942e-4,183,TRUE
TCGA-ESCA,DNAJB2,0.6572973391666028,183,FALSE
TCGA-ESCA,HSPD1,0.6540488549768582,183,FALSE
TCGA-ESCA,CCT6A,0.3155989481494521,183,FALSE
TCGA-ESCA,HSPB8,0.6114544909237403,183,FALSE
TCGA-ESCA,GRPEL2,0.0018940963438477398,183,TRUE
TCGA-ESCA,CLPX,0.2881340675057439,183,FALSE
TCGA-ESCA,HSPB7,0.7670970878330576,183,FALSE
TCGA-ESCA,SDHAF1,0.8771427449575331,183,FALSE
TCGA-ESCA,DNAJC19,0.5683461661278761,183,FALSE
TCGA-ESCA,DNLZ,0.2863707691329359,183,FALSE
TCGA-GBM,HSP90AA1,0.2103599592162928,252,FALSE
TCGA-GBM,HSP90AB1,0.7750167975853945,252,FALSE
TCGA-GBM,HSCB,0.32913146552604755,252,FALSE
TCGA-GBM,DNAJA3,0.6109062400256358,252,FALSE
TCGA-GBM,DNAJB6,0.17553612059712898,252,FALSE
TCGA-GBM,HSPB1,0.03395787266388339,252,TRUE
TCGA-GBM,GRPEL1,0.5628105859546542,252,FALSE
TCGA-GBM,CRYAB,0.8198861936804182,252,FALSE
TCGA-GBM,HSPA9,0.46915167850456685,252,FALSE
TCGA-GBM,HSPE1,0.2749769198953309,252,FALSE
TCGA-GBM,DNAJC15,0.006897030856015451,252,TRUE
TCGA-GBM,TRAP1,0.6034305749672058,252,FALSE
TCGA-GBM,DNAJB2,0.6433060324582965,252,FALSE
TCGA-GBM,HSPD1,0.037336852494091355,252,TRUE
TCGA-GBM,CCT6A,0.03147417514620743,252,TRUE
TCGA-GBM,HSPB8,0.9782395942762994,252,FALSE
TCGA-GBM,GRPEL2,0.7220910350857763,252,FALSE
TCGA-GBM,CLPX,0.002239690970175401,252,TRUE
TCGA-GBM,HSPB7,0.12268359764802261,252,FALSE
TCGA-GBM,SDHAF1,0.18164598443738023,252,FALSE
TCGA-GBM,DNAJC19,0.46715191750112073,252,FALSE
TCGA-GBM,DNLZ,0.11653349371643407,252,FALSE
TCGA-HNSC,HSP90AA1,0.28685105587127147,520,FALSE
TCGA-HNSC,HSP90AB1,0.48407952286466294,520,FALSE
TCGA-HNSC,HSCB,0.009486596220316668,520,TRUE
TCGA-HNSC,DNAJA3,0.7561302631879471,520,FALSE
TCGA-HNSC,DNAJB6,0.9467786687602725,520,FALSE
TCGA-HNSC,HSPB1,0.1061378278138666,520,FALSE
TCGA-HNSC,GRPEL1,0.42088921048080763,520,FALSE
TCGA-HNSC,CRYAB,0.14576796060137165,520,FALSE
TCGA-HNSC,HSPA9,0.8793884395741638,520,FALSE
TCGA-HNSC,HSPE1,0.3193154417659009,520,FALSE
TCGA-HNSC,DNAJC15,0.016442712399594606,520,TRUE
TCGA-HNSC,TRAP1,0.6751117599341663,520,FALSE
TCGA-HNSC,DNAJB2,0.41897322677560744,520,FALSE
TCGA-HNSC,HSPD1,0.6095096214392064,520,FALSE
TCGA-HNSC,CCT6A,0.7291273505334048,520,FALSE
TCGA-HNSC,HSPB8,0.5696850021743958,520,FALSE
TCGA-HNSC,GRPEL2,0.16457655809019034,520,FALSE
TCGA-HNSC,CLPX,0.6141018454906116,520,FALSE
TCGA-HNSC,HSPB7,0.012500537068501516,520,TRUE
TCGA-HNSC,SDHAF1,0.203515320706818,520,FALSE
TCGA-HNSC,DNAJC19,0.3910655799433025,520,FALSE
TCGA-HNSC,DNLZ,0.6629174338559478,520,FALSE
TCGA-KICH,HSP90AA1,0.3396203101616019,65,FALSE
TCGA-KICH,HSP90AB1,0.05833409055179328,65,FALSE
TCGA-KICH,HSCB,0.6724194593226476,65,FALSE
TCGA-KICH,DNAJA3,0.891398948950402,65,FALSE
TCGA-KICH,DNAJB6,0.20312461916686386,65,FALSE
TCGA-KICH,HSPB1,0.04120024148591184,65,TRUE
TCGA-KICH,GRPEL1,0.06604417575801946,65,FALSE
TCGA-KICH,CRYAB,0.08352556920152177,65,FALSE
TCGA-KICH,HSPA9,0.15879488058147972,65,FALSE
TCGA-KICH,HSPE1,0.17681416832705887,65,FALSE
TCGA-KICH,DNAJC15,0.9796149011615274,65,FALSE
TCGA-KICH,TRAP1,0.2054597508516618,65,FALSE
TCGA-KICH,DNAJB2,0.26034285360532006,65,FALSE
TCGA-KICH,HSPD1,0.10207773466932413,65,FALSE
TCGA-KICH,CCT6A,0.01402541251952183,65,TRUE
TCGA-KICH,HSPB8,0.6333710612554736,65,FALSE
TCGA-KICH,GRPEL2,0.4347935959827063,65,FALSE
TCGA-KICH,CLPX,0.5471528893102969,65,FALSE
TCGA-KICH,HSPB7,0.745476507851407,65,FALSE
TCGA-KICH,SDHAF1,0.6794651810343084,65,FALSE
TCGA-KICH,DNAJC19,0.6145905936970226,65,FALSE
TCGA-KICH,DNLZ,0.17169267302347224,65,FALSE
TCGA-KIRC,HSP90AA1,0.06164921480399066,529,FALSE
TCGA-KIRC,HSP90AB1,0.19108330671598706,529,FALSE
TCGA-KIRC,HSCB,0.02162613975997929,529,TRUE
TCGA-KIRC,DNAJA3,0.4085553439222681,529,FALSE
TCGA-KIRC,DNAJB6,0.0107445612889836,529,TRUE
TCGA-KIRC,HSPB1,0.011036465769925119,529,TRUE
TCGA-KIRC,GRPEL1,0.01462311496797919,529,TRUE
TCGA-KIRC,CRYAB,0.9248388005281217,529,FALSE
TCGA-KIRC,HSPA9,0.012355281125138284,529,TRUE
TCGA-KIRC,HSPE1,0.7079915666364505,529,FALSE
TCGA-KIRC,DNAJC15,0.5002065029011008,529,FALSE
TCGA-KIRC,TRAP1,0.19076992254713132,529,FALSE
TCGA-KIRC,DNAJB2,0.1077942901099207,529,FALSE
TCGA-KIRC,HSPD1,0.10789428016615987,529,FALSE
TCGA-KIRC,CCT6A,0.04166125975078605,529,TRUE
TCGA-KIRC,HSPB8,0.9580219696362811,529,FALSE
TCGA-KIRC,GRPEL2,0.9922036245467176,529,FALSE
TCGA-KIRC,CLPX,0.03913419222614922,529,TRUE
TCGA-KIRC,HSPB7,0.04246926291305031,529,TRUE
TCGA-KIRC,SDHAF1,0.03801286819787675,529,TRUE
TCGA-KIRC,DNAJC19,0.41298145884054305,529,FALSE
TCGA-KIRC,DNLZ,5.323180147023265e-4,529,TRUE
TCGA-KIRP,HSP90AA1,0.23449976385829718,287,FALSE
TCGA-KIRP,HSP90AB1,9.21154335697949e-6,287,TRUE
TCGA-KIRP,HSCB,0.3623103167132733,287,FALSE
TCGA-KIRP,DNAJA3,0.4887807392224006,287,FALSE
TCGA-KIRP,DNAJB6,0.3253168395607279,287,FALSE
TCGA-KIRP,HSPB1,0.33991242025242974,287,FALSE
TCGA-KIRP,GRPEL1,0.010444984148429981,287,TRUE
TCGA-KIRP,CRYAB,0.006669630531847992,287,TRUE
TCGA-KIRP,HSPA9,0.1875301341253146,287,FALSE
TCGA-KIRP,HSPE1,0.11103456182577554,287,FALSE
TCGA-KIRP,DNAJC15,0.19744968352387005,287,FALSE
TCGA-KIRP,TRAP1,0.5558196155249864,287,FALSE
TCGA-KIRP,DNAJB2,0.015787014506096986,287,TRUE
TCGA-KIRP,HSPD1,0.02660014864469673,287,TRUE
TCGA-KIRP,CCT6A,0.02100878114423843,287,TRUE
TCGA-KIRP,HSPB8,0.6995647820459058,287,FALSE
TCGA-KIRP,GRPEL2,0.22793073538191388,287,FALSE
TCGA-KIRP,CLPX,0.14059960089855772,287,FALSE
TCGA-KIRP,HSPB7,0.1712910586491565,287,FALSE
TCGA-KIRP,SDHAF1,0.008212775188615962,287,TRUE
TCGA-KIRP,DNAJC19,0.822533399978517,287,FALSE
TCGA-KIRP,DNLZ,0.6220824514038494,287,FALSE
TCGA-LGG,HSP90AA1,0.9260256631325688,512,FALSE
TCGA-LGG,HSP90AB1,0.0023618333240101874,512,TRUE
TCGA-LGG,HSCB,0.49542947994163156,512,FALSE
TCGA-LGG,DNAJA3,0.4466767838493342,512,FALSE
TCGA-LGG,DNAJB6,0.02991433109533881,512,TRUE
TCGA-LGG,HSPB1,5.457377549866749e-8,512,TRUE
TCGA-LGG,GRPEL1,0.21678052666890113,512,FALSE
TCGA-LGG,CRYAB,0.011705415106951333,512,TRUE
TCGA-LGG,HSPA9,0.7229084470523225,512,FALSE
TCGA-LGG,HSPE1,0.21981501780888213,512,FALSE
TCGA-LGG,DNAJC15,0.037590659877990484,512,TRUE
TCGA-LGG,TRAP1,8.772346258290042e-7,512,TRUE
TCGA-LGG,DNAJB2,0.05247289202602823,512,FALSE
TCGA-LGG,HSPD1,0.7149693903982126,512,FALSE
TCGA-LGG,CCT6A,0.017313857084769513,512,TRUE
TCGA-LGG,HSPB8,0.00682476320464398,512,TRUE
TCGA-LGG,GRPEL2,0.2528450754103193,512,FALSE
TCGA-LGG,CLPX,0.005295954736781905,512,TRUE
TCGA-LGG,HSPB7,3.0414365214859185e-4,512,TRUE
TCGA-LGG,SDHAF1,0.35340465211955996,512,FALSE
TCGA-LGG,DNAJC19,0.2568051643011393,512,FALSE
TCGA-LGG,DNLZ,0.2808713525827452,512,FALSE
TCGA-LIHC,HSP90AA1,0.6518910390772824,366,FALSE
TCGA-LIHC,HSP90AB1,0.42178799198650485,366,FALSE
TCGA-LIHC,HSCB,0.8936400543100196,366,FALSE
TCGA-LIHC,DNAJA3,0.6525966016487295,366,FALSE
TCGA-LIHC,DNAJB6,0.7828146888179811,366,FALSE
TCGA-LIHC,HSPB1,0.6859444442216958,366,FALSE
TCGA-LIHC,GRPEL1,0.004773920036890478,366,TRUE
TCGA-LIHC,CRYAB,0.09531681810656434,366,FALSE
TCGA-LIHC,HSPA9,0.9905872151555192,366,FALSE
TCGA-LIHC,HSPE1,0.08583429993640779,366,FALSE
TCGA-LIHC,DNAJC15,0.2524158247456386,366,FALSE
TCGA-LIHC,TRAP1,0.742944651582924,366,FALSE
TCGA-LIHC,DNAJB2,0.9077298676796565,366,FALSE
TCGA-LIHC,HSPD1,0.06471140648989848,366,FALSE
TCGA-LIHC,CCT6A,0.5970934098191105,366,FALSE
TCGA-LIHC,HSPB8,0.05506625066293813,366,FALSE
TCGA-LIHC,GRPEL2,0.02173026677812795,366,TRUE
TCGA-LIHC,CLPX,0.01586716671108912,366,TRUE
TCGA-LIHC,HSPB7,0.798020440224631,366,FALSE
TCGA-LIHC,SDHAF1,0.2634885080164021,366,FALSE
TCGA-LIHC,DNAJC19,0.1267138531332257,366,FALSE
TCGA-LIHC,DNLZ,0.5565008713533549,366,FALSE
TCGA-LUAD,HSP90AA1,0.006398192292241811,504,TRUE
TCGA-LUAD,HSP90AB1,0.9087951648022592,504,FALSE
TCGA-LUAD,HSCB,0.3220541545471095,504,FALSE
TCGA-LUAD,DNAJA3,0.14616035541149364,504,FALSE
TCGA-LUAD,DNAJB6,0.45997499775102124,504,FALSE
TCGA-LUAD,HSPB1,0.7988241316952527,504,FALSE
TCGA-LUAD,GRPEL1,0.04432215518836047,504,TRUE
TCGA-LUAD,CRYAB,0.15288616496662943,504,FALSE
TCGA-LUAD,HSPA9,0.4318985143948605,504,FALSE
TCGA-LUAD,HSPE1,0.5651693945985223,504,FALSE
TCGA-LUAD,DNAJC15,0.548472695140942,504,FALSE
TCGA-LUAD,TRAP1,0.1757697422745904,504,FALSE
TCGA-LUAD,DNAJB2,0.4362105889649953,504,FALSE
TCGA-LUAD,HSPD1,0.2688148790548269,504,FALSE
TCGA-LUAD,CCT6A,0.024656066303161084,504,TRUE
TCGA-LUAD,HSPB8,0.2206993223437309,504,FALSE
TCGA-LUAD,GRPEL2,0.4543285660385643,504,FALSE
TCGA-LUAD,CLPX,0.2528690490442491,504,FALSE
TCGA-LUAD,HSPB7,0.08505174129921711,504,FALSE
TCGA-LUAD,SDHAF1,0.1038297142764607,504,FALSE
TCGA-LUAD,DNAJC19,0.9903459489763613,504,FALSE
TCGA-LUAD,DNLZ,0.7322857293473551,504,FALSE
TCGA-LUSC,HSP90AA1,0.608564796846307,494,FALSE
TCGA-LUSC,HSP90AB1,0.8784299841477836,494,FALSE
TCGA-LUSC,HSCB,0.09343258692364487,494,FALSE
TCGA-LUSC,DNAJA3,0.09060841271628828,494,FALSE
TCGA-LUSC,DNAJB6,0.6659182014803677,494,FALSE
TCGA-LUSC,HSPB1,0.7917190354657113,494,FALSE
TCGA-LUSC,GRPEL1,0.03838670757597651,494,TRUE
TCGA-LUSC,CRYAB,0.6999203689056384,494,FALSE
TCGA-LUSC,HSPA9,0.8155151921391703,494,FALSE
TCGA-LUSC,HSPE1,0.4841473491285254,494,FALSE
TCGA-LUSC,DNAJC15,0.15836181770572566,494,FALSE
TCGA-LUSC,TRAP1,0.8444337489178668,494,FALSE
TCGA-LUSC,DNAJB2,0.12530211369971378,494,FALSE
TCGA-LUSC,HSPD1,0.34101387496984337,494,FALSE
TCGA-LUSC,CCT6A,0.02142222129611726,494,TRUE
TCGA-LUSC,HSPB8,0.02905699987311816,494,TRUE
TCGA-LUSC,GRPEL2,0.29148101502194323,494,FALSE
TCGA-LUSC,CLPX,0.9849803925287643,494,FALSE
TCGA-LUSC,HSPB7,0.0016502160877580607,494,TRUE
TCGA-LUSC,SDHAF1,0.5418665326269645,494,FALSE
TCGA-LUSC,DNAJC19,0.2230076401885892,494,FALSE
TCGA-LUSC,DNLZ,0.31369369223643717,494,FALSE
TCGA-MESO,HSP90AA1,0.37621092568412096,85,FALSE
TCGA-MESO,HSP90AB1,0.7871199436590824,85,FALSE
TCGA-MESO,HSCB,0.08878599785336305,85,FALSE
TCGA-MESO,DNAJA3,0.13660443993094118,85,FALSE
TCGA-MESO,DNAJB6,0.022545030215093353,85,TRUE
TCGA-MESO,HSPB1,0.3865179496554768,85,FALSE
TCGA-MESO,GRPEL1,0.7400275622578666,85,FALSE
TCGA-MESO,CRYAB,0.09492709937143662,85,FALSE
TCGA-MESO,HSPA9,0.6760335375474278,85,FALSE
TCGA-MESO,HSPE1,0.46714636067512216,85,FALSE
TCGA-MESO,DNAJC15,0.7929563563148997,85,FALSE
TCGA-MESO,TRAP1,0.9840446984709919,85,FALSE
TCGA-MESO,DNAJB2,0.7526687718625615,85,FALSE
TCGA-MESO,HSPD1,0.873229409585738,85,FALSE
TCGA-MESO,CCT6A,0.0036554497219276616,85,TRUE
TCGA-MESO,HSPB8,0.9389459441081964,85,FALSE
TCGA-MESO,GRPEL2,0.36794697816066313,85,FALSE
TCGA-MESO,CLPX,0.4914233196804676,85,FALSE
TCGA-MESO,HSPB7,0.05315334266079352,85,FALSE
TCGA-MESO,SDHAF1,0.07889178002861319,85,FALSE
TCGA-MESO,DNAJC19,0.010959376061458692,85,TRUE
TCGA-MESO,DNLZ,0.01157258812874351,85,TRUE
TCGA-OV,HSP90AA1,0.17946774132511034,405,FALSE
TCGA-OV,HSP90AB1,0.3024007709351596,405,FALSE
TCGA-OV,HSCB,0.07595391872641699,405,FALSE
TCGA-OV,DNAJA3,0.8029948316720305,405,FALSE
TCGA-OV,DNAJB6,0.32554799615442265,405,FALSE
TCGA-OV,HSPB1,0.7389332414823879,405,FALSE
TCGA-OV,GRPEL1,0.9827957888267812,405,FALSE
TCGA-OV,CRYAB,0.0027098375981055023,405,TRUE
TCGA-OV,HSPA9,0.46146155964482183,405,FALSE
TCGA-OV,HSPE1,0.001549740993813442,405,TRUE
TCGA-OV,DNAJC15,0.8580106859919295,405,FALSE
TCGA-OV,TRAP1,0.4622226037931204,405,FALSE
TCGA-OV,DNAJB2,0.11566824674381182,405,FALSE
TCGA-OV,HSPD1,0.0467060776040944,405,TRUE
TCGA-OV,CCT6A,0.8420871840322425,405,FALSE
TCGA-OV,HSPB8,0.5074016363600763,405,FALSE
TCGA-OV,GRPEL2,0.635246859423671,405,FALSE
TCGA-OV,CLPX,0.6924337599436758,405,FALSE
TCGA-OV,HSPB7,0.12152186275191368,405,FALSE
TCGA-OV,SDHAF1,0.47592968043204453,405,FALSE
TCGA-OV,DNAJC19,0.32142709182783813,405,FALSE
TCGA-OV,DNLZ,0.4255573545117032,405,FALSE
TCGA-PAAD,HSP90AA1,0.018373469189016056,177,TRUE
TCGA-PAAD,HSP90AB1,0.5285756173935294,177,FALSE
TCGA-PAAD,HSCB,0.3856788548559934,177,FALSE
TCGA-PAAD,DNAJA3,0.7877807557633407,177,FALSE
TCGA-PAAD,DNAJB6,0.7431751857037331,177,FALSE
TCGA-PAAD,HSPB1,0.816199243149422,177,FALSE
TCGA-PAAD,GRPEL1,0.8577304100845642,177,FALSE
TCGA-PAAD,CRYAB,0.17723106920729403,177,FALSE
TCGA-PAAD,HSPA9,0.9496266916784198,177,FALSE
TCGA-PAAD,HSPE1,0.9516425571227596,177,FALSE
TCGA-PAAD,DNAJC15,0.7389265306812637,177,FALSE
TCGA-PAAD,TRAP1,0.4339267266481187,177,FALSE
TCGA-PAAD,DNAJB2,0.29217972505856893,177,FALSE
TCGA-PAAD,HSPD1,0.13185260122988218,177,FALSE
TCGA-PAAD,CCT6A,0.6080355293057782,177,FALSE
TCGA-PAAD,HSPB8,0.07752770082495197,177,FALSE
TCGA-PAAD,GRPEL2,0.7800093891534234,177,FALSE
TCGA-PAAD,CLPX,0.7497411787701613,177,FALSE
TCGA-PAAD,HSPB7,0.8349312620667878,177,FALSE
TCGA-PAAD,SDHAF1,0.007546528668485486,177,TRUE
TCGA-PAAD,DNAJC19,0.36886241617184257,177,FALSE
TCGA-PAAD,DNLZ,0.06753998873160127,177,FALSE
TCGA-PCPG,HSP90AA1,0.08873534548665263,179,FALSE
TCGA-PCPG,HSP90AB1,0.5586715635712276,179,FALSE
TCGA-PCPG,HSCB,0.018905487501081453,179,TRUE
TCGA-PCPG,DNAJA3,0.7514659696098739,179,FALSE
TCGA-PCPG,DNAJB6,0.16630158627227631,179,FALSE
TCGA-PCPG,HSPB1,0.8532319318498405,179,FALSE
TCGA-PCPG,GRPEL1,0.9422025761934754,179,FALSE
TCGA-PCPG,CRYAB,0.8778642731022901,179,FALSE
TCGA-PCPG,HSPA9,0.13117882159372463,179,FALSE
TCGA-PCPG,HSPE1,0.3165598657682117,179,FALSE
TCGA-PCPG,DNAJC15,0.4386986457042198,179,FALSE
TCGA-PCPG,TRAP1,0.4441075794914372,179,FALSE
TCGA-PCPG,DNAJB2,0.29018486400810073,179,FALSE
TCGA-PCPG,HSPD1,0.45184929327715506,179,FALSE
TCGA-PCPG,CCT6A,0.14769995462755547,179,FALSE
TCGA-PCPG,HSPB8,0.3918138742895253,179,FALSE
TCGA-PCPG,GRPEL2,0.7128657742693578,179,FALSE
TCGA-PCPG,CLPX,0.1544992528252388,179,FALSE
TCGA-PCPG,HSPB7,0.3499409862287688,179,FALSE
TCGA-PCPG,SDHAF1,0.8963250077626401,179,FALSE
TCGA-PCPG,DNAJC19,0.1961531654843245,179,FALSE
TCGA-PCPG,DNLZ,0.4641401702311603,179,FALSE
TCGA-PRAD,HSP90AA1,0.4159662422779258,497,FALSE
TCGA-PRAD,HSP90AB1,0.8741219706052284,497,FALSE
TCGA-PRAD,HSCB,0.08059219791998118,497,FALSE
TCGA-PRAD,DNAJA3,0.8142116075089484,497,FALSE
TCGA-PRAD,DNAJB6,0.940661013616134,497,FALSE
TCGA-PRAD,HSPB1,0.3309615678654164,497,FALSE
TCGA-PRAD,GRPEL1,0.4312786192933862,497,FALSE
TCGA-PRAD,CRYAB,0.4198556775535087,497,FALSE
TCGA-PRAD,HSPA9,0.07251445156415226,497,FALSE
TCGA-PRAD,HSPE1,0.10096019627378072,497,FALSE
TCGA-PRAD,DNAJC15,0.860363612342613,497,FALSE
TCGA-PRAD,TRAP1,0.2706806572414798,497,FALSE
TCGA-PRAD,DNAJB2,0.8805918104766567,497,FALSE
TCGA-PRAD,HSPD1,0.16398864803273616,497,FALSE
TCGA-PRAD,CCT6A,0.7316927258646,497,FALSE
TCGA-PRAD,HSPB8,0.19179606411522354,497,FALSE
TCGA-PRAD,GRPEL2,0.49293157012062705,497,FALSE
TCGA-PRAD,CLPX,0.3128670832739474,497,FALSE
TCGA-PRAD,HSPB7,0.1501194896825846,497,FALSE
TCGA-PRAD,SDHAF1,0.5096082010915268,497,FALSE
TCGA-PRAD,DNAJC19,0.418458272360932,497,FALSE
TCGA-PRAD,DNLZ,0.4822427009995316,497,FALSE
TCGA-READ,HSP90AA1,0.5031415813320661,158,FALSE
TCGA-READ,HSP90AB1,0.2617446896547688,158,FALSE
TCGA-READ,HSCB,0.9842577108011208,158,FALSE
TCGA-READ,DNAJA3,0.7908602955216548,158,FALSE
TCGA-READ,DNAJB6,0.03893513761923528,158,TRUE
TCGA-READ,HSPB1,3.0576158209305593e-4,158,TRUE
TCGA-READ,GRPEL1,0.32086674785151514,158,FALSE
TCGA-READ,CRYAB,0.0344808824910936,158,TRUE
TCGA-READ,HSPA9,0.05728299080870136,158,FALSE
TCGA-READ,HSPE1,0.6851402841194287,158,FALSE
TCGA-READ,DNAJC15,0.5507238310749195,158,FALSE
TCGA-READ,TRAP1,0.09898825415803192,158,FALSE
TCGA-READ,DNAJB2,0.456686948134989,158,FALSE
TCGA-READ,HSPD1,0.12175206564612662,158,FALSE
TCGA-READ,CCT6A,0.1243480137634767,158,FALSE
TCGA-READ,HSPB8,0.5884797828254799,158,FALSE
TCGA-READ,GRPEL2,0.009305420047616475,158,TRUE
TCGA-READ,CLPX,0.6545140329116773,158,FALSE
TCGA-READ,HSPB7,0.16546265854419429,158,FALSE
TCGA-READ,SDHAF1,0.954197967915215,158,FALSE
TCGA-READ,DNAJC19,0.14035614453927625,158,FALSE
TCGA-READ,DNLZ,0.4257229521233371,158,FALSE
TCGA-SARC,HSP90AA1,0.9116342869454693,256,FALSE
TCGA-SARC,HSP90AB1,0.002137604059310072,256,TRUE
TCGA-SARC,HSCB,0.4173318988184298,256,FALSE
TCGA-SARC,DNAJA3,0.8733233491291461,256,FALSE
TCGA-SARC,DNAJB6,0.1810767357383729,256,FALSE
TCGA-SARC,HSPB1,0.16501336510540376,256,FALSE
TCGA-SARC,GRPEL1,0.0017813678521114706,256,TRUE
TCGA-SARC,CRYAB,0.07364477073530584,256,FALSE
TCGA-SARC,HSPA9,0.877492227290295,256,FALSE
TCGA-SARC,HSPE1,0.936803578053089,256,FALSE
TCGA-SARC,DNAJC15,0.42612447768071204,256,FALSE
TCGA-SARC,TRAP1,0.24768291626454297,256,FALSE
TCGA-SARC,DNAJB2,0.2840601391842478,256,FALSE
TCGA-SARC,HSPD1,0.0537015243908443,256,FALSE
TCGA-SARC,CCT6A,0.01657629121737103,256,TRUE
TCGA-SARC,HSPB8,0.006906489202498922,256,TRUE
TCGA-SARC,GRPEL2,0.09185844340988258,256,FALSE
TCGA-SARC,CLPX,0.06394470283269826,256,FALSE
TCGA-SARC,HSPB7,0.8615092428243148,256,FALSE
TCGA-SARC,SDHAF1,0.9555663861903735,256,FALSE
TCGA-SARC,DNAJC19,0.04249242700420175,256,TRUE
TCGA-SARC,DNLZ,0.11093303206873939,256,FALSE
TCGA-SKCM,HSP90AA1,0.5060799310990947,99,FALSE
TCGA-SKCM,HSP90AB1,0.4537089929031035,99,FALSE
TCGA-SKCM,HSCB,0.6285150607201974,99,FALSE
TCGA-SKCM,DNAJA3,0.21290382129797303,99,FALSE
TCGA-SKCM,DNAJB6,0.14726536622262587,99,FALSE
TCGA-SKCM,HSPB1,0.990760152622335,99,FALSE
TCGA-SKCM,GRPEL1,0.5878380954155662,99,FALSE
TCGA-SKCM,CRYAB,0.07438726104307747,99,FALSE
TCGA-SKCM,HSPA9,0.10354600210138276,99,FALSE
TCGA-SKCM,HSPE1,0.5107278055253587,99,FALSE
TCGA-SKCM,DNAJC15,0.8747871969224785,99,FALSE
TCGA-SKCM,TRAP1,0.11459636226081793,99,FALSE
TCGA-SKCM,DNAJB2,0.16994139164085198,99,FALSE
TCGA-SKCM,HSPD1,0.9681031997565536,99,FALSE
TCGA-SKCM,CCT6A,0.6092324890338263,99,FALSE
TCGA-SKCM,HSPB8,0.5243111272942087,99,FALSE
TCGA-SKCM,GRPEL2,0.8218466425480923,99,FALSE
TCGA-SKCM,CLPX,0.3615856708418266,99,FALSE
TCGA-SKCM,HSPB7,0.012857404590104315,99,TRUE
TCGA-SKCM,SDHAF1,0.2514754797171259,99,FALSE
TCGA-SKCM,DNAJC19,0.2940684458821169,99,FALSE
TCGA-SKCM,DNLZ,0.0318872160445014,99,TRUE
TCGA-STAD,HSP90AA1,0.6295021667861701,390,FALSE
TCGA-STAD,HSP90AB1,0.8081628136180187,390,FALSE
TCGA-STAD,HSCB,0.32792828391096207,390,FALSE
TCGA-STAD,DNAJA3,0.481863385859423,390,FALSE
TCGA-STAD,DNAJB6,0.8470386082054286,390,FALSE
TCGA-STAD,HSPB1,0.1332696015967385,390,FALSE
TCGA-STAD,GRPEL1,0.2833139248554586,390,FALSE
TCGA-STAD,CRYAB,0.01903277865745856,390,TRUE
TCGA-STAD,HSPA9,0.5675723067730951,390,FALSE
TCGA-STAD,HSPE1,0.21837727598086643,390,FALSE
TCGA-STAD,DNAJC15,0.3583235712107853,390,FALSE
TCGA-STAD,TRAP1,0.1386664583000582,390,FALSE
TCGA-STAD,DNAJB2,0.6285046447849518,390,FALSE
TCGA-STAD,HSPD1,0.36127107099579536,390,FALSE
TCGA-STAD,CCT6A,0.32694052903567783,390,FALSE
TCGA-STAD,HSPB8,0.011923573891328254,390,TRUE
TCGA-STAD,GRPEL2,0.5274062483638315,390,FALSE
TCGA-STAD,CLPX,0.20092682797779338,390,FALSE
TCGA-STAD,HSPB7,0.06712929593858852,390,FALSE
TCGA-STAD,SDHAF1,0.8008749252385807,390,FALSE
TCGA-STAD,DNAJC19,0.8827791132744045,390,FALSE
TCGA-STAD,DNLZ,0.8702401976965668,390,FALSE
TCGA-TGCT,HSP90AA1,0.3492712833575985,134,FALSE
TCGA-TGCT,HSP90AB1,0.3170081056170536,134,FALSE
TCGA-TGCT,HSCB,0.9786907997195725,134,FALSE
TCGA-TGCT,DNAJA3,0.21206574953608937,134,FALSE
TCGA-TGCT,DNAJB6,0.3077072103259355,134,FALSE
TCGA-TGCT,HSPB1,0.7650995250196997,134,FALSE
TCGA-TGCT,GRPEL1,0.49005441941697636,134,FALSE
TCGA-TGCT,CRYAB,0.7890690051560544,134,FALSE
TCGA-TGCT,HSPA9,0.3323683952751897,134,FALSE
TCGA-TGCT,HSPE1,0.4597321304480455,134,FALSE
TCGA-TGCT,DNAJC15,0.8110925072397495,134,FALSE
TCGA-TGCT,TRAP1,0.09468801144779393,134,FALSE
TCGA-TGCT,DNAJB2,0.05353417814268213,134,FALSE
TCGA-TGCT,HSPD1,0.7820410682110831,134,FALSE
TCGA-TGCT,CCT6A,0.3490019418139395,134,FALSE
TCGA-TGCT,HSPB8,0.30449018594932165,134,FALSE
TCGA-TGCT,GRPEL2,0.7603707619750166,134,FALSE
TCGA-TGCT,CLPX,0.7951451135491061,134,FALSE
TCGA-TGCT,HSPB7,0.046393836730799,134,TRUE
TCGA-TGCT,SDHAF1,0.32656018717185986,134,FALSE
TCGA-TGCT,DNAJC19,0.7590859661031831,134,FALSE
TCGA-TGCT,DNLZ,0.7935240449246939,134,FALSE
TCGA-THCA,HSP90AA1,0.4599213216007716,504,FALSE
TCGA-THCA,HSP90AB1,0.8233328691361489,504,FALSE
TCGA-THCA,HSCB,0.050954175397861845,504,FALSE
TCGA-THCA,DNAJA3,0.7481985347035165,504,FALSE
TCGA-THCA,DNAJB6,0.19402007930269738,504,FALSE
TCGA-THCA,HSPB1,0.6607836152251242,504,FALSE
TCGA-THCA,GRPEL1,0.8820641852382248,504,FALSE
TCGA-THCA,CRYAB,0.3873446484661388,504,FALSE
TCGA-THCA,HSPA9,0.17469891651697234,504,FALSE
TCGA-THCA,HSPE1,0.7988447502656831,504,FALSE
TCGA-THCA,DNAJC15,0.10552416593464409,504,FALSE
TCGA-THCA,TRAP1,0.4163302988142714,504,FALSE
TCGA-THCA,DNAJB2,0.18196932722455672,504,FALSE
TCGA-THCA,HSPD1,0.18500960585227377,504,FALSE
TCGA-THCA,CCT6A,0.6079976065463009,504,FALSE
TCGA-THCA,HSPB8,0.37860679040164213,504,FALSE
TCGA-THCA,GRPEL2,0.9139253774471667,504,FALSE
TCGA-THCA,CLPX,0.9119604278057379,504,FALSE
TCGA-THCA,HSPB7,0.8730863152190342,504,FALSE
TCGA-THCA,SDHAF1,0.749542532317556,504,FALSE
TCGA-THCA,DNAJC19,0.07938865900530911,504,FALSE
TCGA-THCA,DNLZ,0.7447183168842899,504,FALSE
TCGA-THYM,HSP90AA1,0.3036627961083068,119,FALSE
TCGA-THYM,HSP90AB1,0.9440640286795166,119,FALSE
TCGA-THYM,HSCB,0.6812834559045742,119,FALSE
TCGA-THYM,DNAJA3,0.7018994964890602,119,FALSE
TCGA-THYM,DNAJB6,0.6163769232295218,119,FALSE
TCGA-THYM,HSPB1,0.3498158228291438,119,FALSE
TCGA-THYM,GRPEL1,0.17153508107418647,119,FALSE
TCGA-THYM,CRYAB,0.19729863569343253,119,FALSE
TCGA-THYM,HSPA9,0.2693155864056561,119,FALSE
TCGA-THYM,HSPE1,0.24695430895253923,119,FALSE
TCGA-THYM,DNAJC15,0.69887778499428,119,FALSE
TCGA-THYM,TRAP1,0.2939318278331705,119,FALSE
TCGA-THYM,DNAJB2,0.36371934588179566,119,FALSE
TCGA-THYM,HSPD1,0.9106625125532761,119,FALSE
TCGA-THYM,CCT6A,0.39716285675477825,119,FALSE
TCGA-THYM,HSPB8,0.13920486707888236,119,FALSE
TCGA-THYM,GRPEL2,0.09069904185983768,119,FALSE
TCGA-THYM,CLPX,0.09568453226723572,119,FALSE
TCGA-THYM,HSPB7,0.267720980373109,119,FALSE
TCGA-THYM,SDHAF1,0.3640955748843435,119,FALSE
TCGA-THYM,DNAJC19,0.34098167441464644,119,FALSE
TCGA-THYM,DNLZ,0.45042276687659066,119,FALSE
TCGA-UCEC,HSP90AA1,0.801321738557218,541,FALSE
TCGA-UCEC,HSP90AB1,0.2591753996029267,541,FALSE
TCGA-UCEC,HSCB,0.045148833152259926,541,TRUE
TCGA-UCEC,DNAJA3,0.38234716262385626,541,FALSE
TCGA-UCEC,DNAJB6,0.624254995409998,541,FALSE
TCGA-UCEC,HSPB1,0.015981881041010504,541,TRUE
TCGA-UCEC,GRPEL1,0.2847092702410371,541,FALSE
TCGA-UCEC,CRYAB,0.278388429067827,541,FALSE
TCGA-UCEC,HSPA9,0.9141330947347759,541,FALSE
TCGA-UCEC,HSPE1,0.11242409928746344,541,FALSE
TCGA-UCEC,DNAJC15,0.03438872482812527,541,TRUE
TCGA-UCEC,TRAP1,0.3001763543273488,541,FALSE
TCGA-UCEC,DNAJB2,0.3462517556911212,541,FALSE
TCGA-UCEC,HSPD1,0.0010557932090511368,541,TRUE
TCGA-UCEC,CCT6A,0.8112919526905105,541,FALSE
TCGA-UCEC,HSPB8,0.8875086538901763,541,FALSE
TCGA-UCEC,GRPEL2,0.007338423476871192,541,TRUE
TCGA-UCEC,CLPX,0.13579491831221435,541,FALSE
TCGA-UCEC,HSPB7,0.2826384598494729,541,FALSE
TCGA-UCEC,SDHAF1,0.2188156166193742,541,FALSE
TCGA-UCEC,DNAJC19,0.322479884059788,541,FALSE
TCGA-UCEC,DNLZ,0.32991236297376403,541,FALSE
TCGA-UCS,HSP90AA1,0.7564325343286261,55,FALSE
TCGA-UCS,HSP90AB1,0.052335723306067394,55,FALSE
TCGA-UCS,HSCB,0.8248328174191948,55,FALSE
TCGA-UCS,DNAJA3,0.04679241761321351,55,TRUE
TCGA-UCS,DNAJB6,0.7529325851569626,55,FALSE
TCGA-UCS,HSPB1,0.7945482392491133,55,FALSE
TCGA-UCS,GRPEL1,0.13577325171108945,55,FALSE
TCGA-UCS,CRYAB,0.7612625584662803,55,FALSE
TCGA-UCS,HSPA9,0.6657077742982977,55,FALSE
TCGA-UCS,HSPE1,0.5779215372030884,55,FALSE
TCGA-UCS,DNAJC15,0.6615574539497986,55,FALSE
TCGA-UCS,TRAP1,0.3776235897536978,55,FALSE
TCGA-UCS,DNAJB2,0.07747999995934773,55,FALSE
TCGA-UCS,HSPD1,0.8179411494857447,55,FALSE
TCGA-UCS,CCT6A,0.9707337609642573,55,FALSE
TCGA-UCS,HSPB8,0.30787033078690407,55,FALSE
TCGA-UCS,GRPEL2,0.250622423840818,55,FALSE
TCGA-UCS,CLPX,0.6550263648656609,55,FALSE
TCGA-UCS,HSPB7,0.1883809331897498,55,FALSE
TCGA-UCS,SDHAF1,0.082727646446357,55,FALSE
TCGA-UCS,DNAJC19,0.8414618278448712,55,FALSE
TCGA-UCS,DNLZ,0.25003578798854265,55,FALSE
TCGA-UVM,HSP90AA1,0.03234854799826725,80,TRUE
TCGA-UVM,HSP90AB1,9.330005363075156e-4,80,TRUE
TCGA-UVM,HSCB,0.23182377825030165,80,FALSE
TCGA-UVM,DNAJA3,0.9661130779293661,80,FALSE
TCGA-UVM,DNAJB6,0.41379084682985867,80,FALSE
TCGA-UVM,HSPB1,0.2263926236046342,80,FALSE
TCGA-UVM,GRPEL1,0.46474811710243125,80,FALSE
TCGA-UVM,CRYAB,0.6610136500914137,80,FALSE
TCGA-UVM,HSPA9,0.0011402899267675126,80,TRUE
TCGA-UVM,HSPE1,0.14705245450344817,80,FALSE
TCGA-UVM,DNAJC15,0.27155069543725474,80,FALSE
TCGA-UVM,TRAP1,0.7419910323293375,80,FALSE
TCGA-UVM,DNAJB2,0.1134752912845366,80,FALSE
TCGA-UVM,HSPD1,0.4306488699125911,80,FALSE
TCGA-UVM,CCT6A,0.8560498832770275,80,FALSE
TCGA-UVM,HSPB8,0.10263499519619013,80,FALSE
TCGA-UVM,GRPEL2,0.3435592030846125,80,FALSE
TCGA-UVM,CLPX,0.1219419622828729,80,FALSE
TCGA-UVM,HSPB7,0.5766816585782808,80,FALSE
TCGA-UVM,SDHAF1,0.005097969797902113,80,TRUE
TCGA-UVM,DNAJC19,0.09627628336807181,80,FALSE
